2026-09-18T14:31:15.5510634Z TX 43 4f 5a 03 52 45 01 01 01 00 01 00 00 00
2026-09-18T14:31:15.5518640Z RX 43 4f 5a 03 52 45 01 09 01 00 01 00 01 00 02 00 00
2026-09-18T14:31:15.5842593Z RX 43 4f 5a 03 52 45 01 09 01 00 09 00 01 00 02 00 00 04 07 00 c9 9d 4d d0 41 05 00 04 c2 01 ee 9d 4d bd 01 7b 22 76 65 72 73 69 6f 6e 22 3a 20 32 34 35 37 2c 20 22 67 69 74 2d 72 65 76 22 3a 20 22 31 66 37 31 36 39 32 34 37 30 33 66 35 61 38 31 36 37 65 34 38 31 32 65 62 65 30 66 62 31 36 39 39 31 66 32 33 34 38 34 22 2c 20 22 64 61 74 65 22 3a 20 22 54 75 65 20 46 65 62 20 31 31 20 32 32 3a 30 36 3a 32 35 20 32 30 32 35 22 2c 20 22 74 69 6d 65 22 3a 20 31 37 33 39 33 33 33 31 38 35 2c 20 22 6d 65 73 73 61 67 65 45 6e 67 69 6e 65 54 6f 52 6f 62 6f 74 48 61 73 68 22 3a 20 22 66 65 64 62 34 62 31 32 66 31 62 35 62 34 35 34 35 36 61 65 63 31 36 32 39 63 64 30 62 38 63 63 22 2c 20 22 6d 65 73 73 61 67 65 52 6f 62 6f 74 54 6f 45 6e 67 69 6e 65 48 61 73 68 22 3a 20 22 35 61 37 32 31 31 30 39 35 66 63 34 39 36 31 34 30 37 65 39 36 62 39 31 32 36 36 35 38 33 31 37 22 2c 20 22 62 75 69 6c 64 22 3a 20 22 44 45 56 45 4c 4f 50 4d 45 4e 54 22 2c 20 22 77 69 66 69 53 69 67 22 3a 20 22 65 65 35 33 63 65 39 62 62 36 31 38 61 32 39 34 32 30 64 63 63 31 63 30 62 65 31 34 66 33 37 30 37 61 61 35 36 32 64 32 22 2c 20 22 72 74 69 70 53 69 67 22 3a 20 22 66 62 64 34 35 35 34 38 36 66 34 33 38 66 39 35 39 62 32 32 39 66 66 65 39 35 62 66 35 66 33 32 36 36 34 36 64 61 62 33 22 2c 20 22 62 6f 64 79 53 69 67 22 3a 20 22 66 62 62 39 66 66 62 38 65 33 64 32 63 61 62 32 38 66 66 31 64 66 32 31 35 32 39 63 31 31 61 38 30 61 37 63 35 32 36 39 22 7d 04 21 00 b0 70 02 00 00 99 01 02 06 2e 00 00 00 3a 00 00 00 e8 00 00 00 14 00 00 00 e9 00 00 00 5f 00 00 00 04 0d 00 b0 72 02 00 00 9b 01 02 01 f4 00 00 00 04 0d 00 b0 5b 01 00 00 9d 01 02 01 03 00 00 00 04 0d 00 b0 78 02 00 00 b3 04 03 01 05 00 00 00 04 05 00 ec ef 60 15 00 04 09 00 b0 31 01 00 00 e4 00 02 00
2026-09-18T14:31:15.5879730Z TX 43 4f 5a 03 52 45 01 0b 00 00 00 00 09 00 52 b8 1e 85 eb e9 4a 40 01 00 00 00 00 00 00 00 00
2026-09-18T14:31:15.6169298Z RX 43 4f 5a 03 52 45 01 09 00 00 00 00 01 00 0b 11 00 52 b8 1e 85 eb e9 4a 40 01 00 00 00 00 00 00 00 00
2026-09-18T14:31:15.6331657Z TX 43 4f 5a 03 52 45 01 0b 00 00 00 00 09 00 36 3c bd 52 96 e9 58 40 02 00 00 00 01 00 00 00 00
2026-09-18T14:31:15.6496461Z RX 43 4f 5a 03 52 45 01 09 00 00 00 00 01 00 0b 11 00 36 3c bd 52 96 e9 58 40 02 00 00 00 01 00 00 00 00
2026-09-18T14:31:15.6794540Z TX 43 4f 5a 03 52 45 01 0b 00 00 00 00 09 00 9b e6 1d a7 e8 40 62 40 03 00 00 00 02 00 00 00 00
2026-09-18T14:31:15.6827430Z RX 43 4f 5a 03 52 45 01 09 00 00 00 00 01 00 0b 11 00 9b e6 1d a7 e8 40 62 40 03 00 00 00 02 00 00 00 00
2026-09-18T14:31:15.7260841Z TX 43 4f 5a 03 52 45 01 0b 00 00 00 00 09 00 12 a5 bd c1 17 14 68 40 04 00 00 00 03 00 00 00 00
2026-09-18T14:31:15.7489305Z RX 43 4f 5a 03 52 45 01 09 00 00 00 00 01 00 0b 11 00 12 a5 bd c1 17 14 68 40 04 00 00 00 03 00 00 00 00
2026-09-18T14:31:15.7731325Z TX 43 4f 5a 03 52 45 01 0b 00 00 00 00 09 00 33 c4 b1 2e 6e f3 6d 40 05 00 00 00 04 00 00 00 00
2026-09-18T14:31:15.7819746Z RX 43 4f 5a 03 52 45 01 09 00 00 00 00 01 00 0b 11 00 33 c4 b1 2e 6e f3 6d 40 05 00 00 00 04 00 00 00 00
2026-09-18T14:31:15.8195066Z TX 43 4f 5a 03 52 45 01 0b 00 00 00 00 09 00 e3 36 1a c0 5b e1 71 40 06 00 00 00 05 00 00 00 00
2026-09-18T14:31:15.8478430Z RX 43 4f 5a 03 52 45 01 09 00 00 00 00 01 00 0b 11 00 e3 36 1a c0 5b e1 71 40 06 00 00 00 05 00 00 00 00
2026-09-18T14:31:15.8669463Z TX 43 4f 5a 03 52 45 01 0b 00 00 00 00 09 00 35 5e ba 49 0c d7 74 40 07 00 00 00 06 00 00 00 00
2026-09-18T14:31:15.8807643Z RX 43 4f 5a 03 52 45 01 09 00 00 00 00 01 00 0b 11 00 35 5e ba 49 0c d7 74 40 07 00 00 00 06 00 00 00 00
2026-09-18T14:31:15.8833178Z TX 43 4f 5a 03 52 45 01 07 02 00 03 00 09 00 04 01 00 25 04 09 00 4b 00 00 00 00 00 00 00 00
2026-09-18T14:31:15.9139359Z RX 43 4f 5a 03 52 45 01 09 0a 00 0e 00 03 00 04 09 00 b0 31 01 00 00 64 00 01 00 04 0d 00 b0 5b 01 00 00 9e 01 02 01 00 00 00 00 04 0d 00 ed ad 32 a1 45 05 00 00 00 02 00 00 00 04 01 00 c2 04 15 00 b0 43 02 00 00 8a 01 02 03 96 e6 f3 be a5 f4 d5 3e fe f4 09 3f
2026-09-18T14:31:15.9294126Z TX 43 4f 5a 03 52 45 01 0b 00 00 00 00 0e 00 ce 19 51 da 1b be 78 40 08 00 00 00 07 00 00 00 00
2026-09-18T14:31:15.9472060Z RX 43 4f 5a 03 52 45 01 09 0f 00 10 00 03 00 0b 11 00 ce 19 51 da 1b be 78 40 08 00 00 00 07 00 00 00 00 04 04 00 d1 02 01 00 04 04 00 d1 03 01 00
2026-09-18T14:31:15.9763443Z TX 43 4f 5a 03 52 45 01 0b 00 00 00 00 10 00 0e 4f af 94 65 af 7b 40 09 00 00 00 08 00 00 00 00
2026-09-18T14:31:15.9802660Z RX 43 4f 5a 03 52 45 01 09 00 00 00 00 03 00 0b 11 00 0e 4f af 94 65 af 7b 40 09 00 00 00 08 00 00 00 00
2026-09-18T14:31:16.0228142Z TX 43 4f 5a 03 52 45 01 0b 00 00 00 00 10 00 12 83 c0 ca a1 96 7e 40 0a 00 00 00 09 00 00 00 00
2026-09-18T14:31:16.0465172Z RX 43 4f 5a 03 52 45 01 09 00 00 00 00 03 00 0b 11 00 12 83 c0 ca a1 96 7e 40 0a 00 00 00 09 00 00 00 00
2026-09-18T14:31:16.0693028Z TX 43 4f 5a 03 52 45 01 0b 00 00 00 00 10 00 a2 b4 37 f8 c2 be 80 40 0b 00 00 00 0a 00 00 00 00
2026-09-18T14:31:16.0789111Z RX 43 4f 5a 03 52 45 01 09 00 00 00 00 03 00 0b 11 00 a2 b4 37 f8 c2 be 80 40 0b 00 00 00 0a 00 00 00 00
2026-09-18T14:31:16.1117372Z RX 43 4f 5a 03 52 45 01 09 00 00 00 00 03 00 05 0a 00 f3 bc bc 58 de 02 00 00 00 45
2026-09-18T14:31:16.1164711Z TX 43 4f 5a 03 52 45 01 0b 00 00 00 00 10 00 b8 1e 85 eb d1 37 82 40 0c 00 00 00 0b 00 00 00 00
2026-09-18T14:31:16.1449376Z RX 43 4f 5a 03 52 45 01 09 00 00 00 00 03 00 0b 11 00 b8 1e 85 eb d1 37 82 40 0c 00 00 00 0b 00 00 00 00
2026-09-18T14:31:16.1625992Z TX 43 4f 5a 03 52 45 01 0b 00 00 00 00 10 00 5b 42 3e e8 d9 a8 83 40 0d 00 00 00 0c 00 00 00 00
2026-09-18T14:31:16.1780039Z RX 43 4f 5a 03 52 45 01 09 00 00 00 00 03 00 05 0a 00 f3 ec 8e 1a 24 02 00 00 00 4b 0b 11 00 5b 42 3e e8 d9 a8 83 40 0d 00 00 00 0c 00 00 00 00
2026-09-18T14:31:16.2088330Z TX 43 4f 5a 03 52 45 01 0b 00 00 00 00 10 00 71 1b 0d e0 2d 1b 85 40 0e 00 00 00 0d 00 00 00 00
2026-09-18T14:31:16.2120199Z RX 43 4f 5a 03 52 45 01 09 00 00 00 00 03 00 0b 11 00 71 1b 0d e0 2d 1b 85 40 0e 00 00 00 0d 00 00 00 00
2026-09-18T14:31:16.2552855Z TX 43 4f 5a 03 52 45 01 0b 00 00 00 00 10 00 24 b9 fc 87 f4 8e 86 40 0f 00 00 00 0e 00 00 00 00
2026-09-18T14:31:16.2768830Z RX 43 4f 5a 03 52 45 01 09 00 00 00 00 03 00 0b 11 00 24 b9 fc 87 f4 8e 86 40 0f 00 00 00 0e 00 00 00 00
2026-09-18T14:31:16.3022258Z TX 43 4f 5a 03 52 45 01 0b 00 00 00 00 10 00 7f d9 3d 79 d8 04 88 40 10 00 00 00 0f 00 00 00 00
2026-09-18T14:31:16.3146272Z RX 43 4f 5a 03 52 45 01 09 00 00 00 00 03 00 0b 11 00 7f d9 3d 79 d8 04 88 40 10 00 00 00 0f 00 00 00 00
2026-09-18T14:31:16.3491637Z TX 43 4f 5a 03 52 45 01 0b 00 00 00 00 10 00 93 18 04 56 8e 7d 89 40 11 00 00 00 10 00 00 00 00
2026-09-18T14:31:16.3758948Z RX 43 4f 5a 03 52 45 01 09 00 00 00 00 03 00 0b 11 00 93 18 04 56 8e 7d 89 40 11 00 00 00 10 00 00 00 00
2026-09-18T14:31:16.3956847Z TX 43 4f 5a 03 52 45 01 0b 00 00 00 00 10 00 9a 08 1b 9e de f1 8a 40 12 00 00 00 11 00 00 00 00
2026-09-18T14:31:16.4089683Z RX 43 4f 5a 03 52 45 01 09 00 00 00 00 03 00 0b 11 00 9a 08 1b 9e de f1 8a 40 12 00 00 00 11 00 00 00 00
2026-09-18T14:31:16.4427599Z TX 43 4f 5a 03 52 45 01 0b 00 00 00 00 10 00 f3 1f d2 6f 5f 6a 8c 40 13 00 00 00 12 00 00 00 00
2026-09-18T14:31:16.4749119Z RX 43 4f 5a 03 52 45 01 09 00 00 00 00 03 00 0b 11 00 f3 1f d2 6f 5f 6a 8c 40 13 00 00 00 12 00 00 00 00
2026-09-18T14:31:16.4896280Z TX 43 4f 5a 03 52 45 01 0b 00 00 00 00 10 00 cb a1 45 b6 73 e1 8d 40 14 00 00 00 13 00 00 00 00
2026-09-18T14:31:16.5110880Z RX 43 4f 5a 03 52 45 01 09 00 00 00 00 03 00 0b 11 00 cb a1 45 b6 73 e1 8d 40 14 00 00 00 13 00 00 00 00
2026-09-18T14:31:16.5367119Z TX 43 4f 5a 03 52 45 01 0b 00 00 00 00 10 00 db 8a fd 65 77 5a 8f 40 15 00 00 00 14 00 00 00 00
2026-09-18T14:31:16.5408710Z RX 43 4f 5a 03 52 45 01 09 00 00 00 00 03 00 0b 11 00 db 8a fd 65 77 5a 8f 40 15 00 00 00 14 00 00 00 00
2026-09-18T14:31:16.5840631Z TX 43 4f 5a 03 52 45 01 0b 00 00 00 00 10 00 84 9e cd aa 8f 6a 90 40 16 00 00 00 15 00 00 00 00
2026-09-18T14:31:16.6070173Z RX 43 4f 5a 03 52 45 01 09 00 00 00 00 03 00 0b 11 00 84 9e cd aa 8f 6a 90 40 16 00 00 00 15 00 00 00 00
2026-09-18T14:31:16.6307285Z TX 43 4f 5a 03 52 45 01 0b 00 00 00 00 10 00 d4 2b 65 19 a2 24 91 40 17 00 00 00 16 00 00 00 00
2026-09-18T14:31:16.6422490Z RX 43 4f 5a 03 52 45 01 09 00 00 00 00 03 00 0b 11 00 d4 2b 65 19 a2 24 91 40 17 00 00 00 16 00 00 00 00
2026-09-18T14:31:16.6773319Z TX 43 4f 5a 03 52 45 01 0b 00 00 00 00 10 00 01 4d 84 0d 4f df 91 40 18 00 00 00 17 00 00 00 00
2026-09-18T14:31:16.7060708Z RX 43 4f 5a 03 52 45 01 09 11 00 11 00 03 00 0b 11 00 01 4d 84 0d 4f df 91 40 18 00 00 00 17 00 00 00 00 04 04 00 d1 02 00 00
2026-09-18T14:31:16.7229681Z TX 43 4f 5a 03 52 45 01 0b 00 00 00 00 11 00 47 03 78 0b 24 96 92 40 19 00 00 00 18 00 00 00 00
2026-09-18T14:31:16.7388925Z RX 43 4f 5a 03 52 45 01 09 00 00 00 00 03 00 0b 11 00 47 03 78 0b 24 96 92 40 19 00 00 00 18 00 00 00 00
2026-09-18T14:31:16.7685461Z TX 43 4f 5a 03 52 45 01 0b 00 00 00 00 11 00 be 30 99 2a 58 4c 93 40 1a 00 00 00 19 00 00 00 00
2026-09-18T14:31:16.7732249Z RX 43 4f 5a 03 52 45 01 09 00 00 00 00 03 00 0b 11 00 be 30 99 2a 58 4c 93 40 1a 00 00 00 19 00 00 00 00
2026-09-18T14:31:16.8153732Z TX 43 4f 5a 03 52 45 01 0b 00 00 00 00 11 00 af 94 65 88 e3 07 94 40 1b 00 00 00 1a 00 00 00 00
2026-09-18T14:31:16.8397121Z RX 43 4f 5a 03 52 45 01 09 00 00 00 00 03 00 0b 11 00 af 94 65 88 e3 07 94 40 1b 00 00 00 1a 00 00 00 00
2026-09-18T14:31:16.8619117Z TX 43 4f 5a 03 52 45 01 0b 00 00 00 00 11 00 1c eb e2 36 da c1 94 40 1c 00 00 00 1b 00 00 00 00
2026-09-18T14:31:16.8710755Z RX 43 4f 5a 03 52 45 01 09 00 00 00 00 03 00 0b 11 00 1c eb e2 36 da c1 94 40 1c 00 00 00 1b 00 00 00 00
2026-09-18T14:31:16.8832859Z TX 43 4f 5a 03 52 45 01 04 04 00 04 00 11 00 37 cd cc cc 3e 00 00 20 41 00 00 20 41 00 00 00 00 01
2026-09-18T14:31:16.9048416Z RX 43 4f 5a 03 52 45 01 09 12 00 12 00 04 00 04 02 00 c4 01
2026-09-18T14:31:16.9243446Z TX 43 4f 5a 03 52 45 01 0b 00 00 00 00 12 00 38 67 44 69 6f bb 95 40 1d 00 00 00 1c 00 00 00 00
2026-09-18T14:31:16.9371299Z RX 43 4f 5a 03 52 45 01 09 00 00 00 00 04 00 0b 11 00 38 67 44 69 6f bb 95 40 1d 00 00 00 1c 00 00 00 00
2026-09-18T14:31:16.9709556Z TX 43 4f 5a 03 52 45 01 0b 00 00 00 00 12 00 d9 3d 79 58 68 76 96 40 1e 00 00 00 1d 00 00 00 00
2026-09-18T14:31:17.0030988Z RX 43 4f 5a 03 52 45 01 09 00 00 00 00 04 00 0b 11 00 d9 3d 79 58 68 76 96 40 1e 00 00 00 1d 00 00 00 00
2026-09-18T14:31:17.0167386Z TX 43 4f 5a 03 52 45 01 0b 00 00 00 00 12 00 75 93 18 04 16 2d 97 40 1f 00 00 00 1e 00 00 00 00
2026-09-18T14:31:17.0423659Z RX 43 4f 5a 03 52 45 01 09 00 00 00 00 04 00 0b 11 00 75 93 18 04 16 2d 97 40 1f 00 00 00 1e 00 00 00 00
2026-09-18T14:31:17.0642567Z TX 43 4f 5a 03 52 45 01 0b 00 00 00 00 12 00 68 91 ed 7c 7f e8 97 40 20 00 00 00 1f 00 00 00 00
2026-09-18T14:31:17.0691336Z RX 43 4f 5a 03 52 45 01 09 00 00 00 00 04 00 0b 11 00 68 91 ed 7c 7f e8 97 40 20 00 00 00 1f 00 00 00 00
2026-09-18T14:31:17.1096535Z TX 43 4f 5a 03 52 45 01 0b 00 00 00 00 12 00 07 f0 16 48 10 a1 98 40 21 00 00 00 20 00 00 00 00
2026-09-18T14:31:17.1351154Z RX 43 4f 5a 03 52 45 01 09 00 00 00 00 04 00 05 0a 00 f3 bc bc 58 de 02 00 00 00 46 0b 11 00 07 f0 16 48 10 a1 98 40 21 00 00 00 20 00 00 00 00
2026-09-18T14:31:17.1574160Z TX 43 4f 5a 03 52 45 01 0b 00 00 00 00 12 00 18 26 53 05 a3 5f 99 40 22 00 00 00 21 00 00 00 00
2026-09-18T14:31:17.1681842Z RX 43 4f 5a 03 52 45 01 09 00 00 00 00 04 00 05 0a 00 f3 ec 8e 1a 24 02 00 00 00 4a 0b 11 00 18 26 53 05 a3 5f 99 40 22 00 00 00 21 00 00 00 00
2026-09-18T14:31:17.2014190Z RX 43 4f 5a 03 52 45 01 09 13 00 14 00 04 00 05 0a 00 f3 8b 63 6c 11 01 00 00 00 2c 05 5c 00 f0 19 05 00 00 00 00 00 00 00 00 00 00 00 00 7a 3d 00 00 00 00 00 00 00 00 bc c3 a2 3a 22 78 8f 3b 00 00 00 00 00 00 00 00 f3 66 df be 45 06 4b be 16 f6 4c c5 4f a8 80 44 f2 80 17 46 98 c7 82 ba c0 1b c5 b9 d2 94 c0 b8 00 81 95 40 10 31 00 00 6a 03 00 00 00 00 00 00 00 00 ff 04 09 00 b0 31 01 00 00 1a 01 01 00 04 04 00 d1 03 00 00
2026-09-18T14:31:17.2046539Z TX 43 4f 5a 03 52 45 01 0b 00 00 00 00 14 00 96 43 8b 6c e7 1c 9a 40 23 00 00 00 22 00 00 00 00
2026-09-18T14:31:17.2342447Z RX 43 4f 5a 03 52 45 01 09 00 00 00 00 04 00 0b 11 00 96 43 8b 6c e7 1c 9a 40 23 00 00 00 22 00 00 00 00 05 5c 00 f0 37 05 00 00 00 00 00 00 00 00 00 00 00 00 7a 3d 00 00 00 00 00 00 00 00 19 24 9c 3a 07 ea 46 3c 00 00 00 00 00 00 00 00 f3 16 dd be 45 06 4b be 66 5e 49 c5 ec d1 66 44 a4 f3 16 46 4e 0c 80 bc 14 d0 2e bd 5b 6d 83 bb 00 81 95 40 11 31 00 00 6a 03 00 00 00 00 00 00 00 00 ff
2026-09-18T14:31:17.2507933Z TX 43 4f 5a 03 52 45 01 0b 00 00 00 00 14 00 21 1f f4 6c 96 d5 9a 40 24 00 00 00 23 00 00 00 00
2026-09-18T14:31:17.2672605Z RX 43 4f 5a 03 52 45 01 09 00 00 00 00 04 00 0b 11 00 21 1f f4 6c 96 d5 9a 40 24 00 00 00 23 00 00 00 00 05 5c 00 f0 55 05 00 00 00 00 00 00 00 00 00 00 00 00 7a 3d 00 00 00 00 00 00 00 00 eb e1 92 3a be a1 b4 3c 00 00 00 00 00 00 00 00 f3 16 dd be 45 06 4b be 90 50 4b c5 3e 21 7a 44 80 96 17 46 98 c7 82 ba 5e 17 8f bb d2 94 c0 b8 00 e3 95 40 11 31 00 00 6a 03 00 00 00 00 00 00 00 00 ff
2026-09-18T14:31:17.2961201Z TX 43 4f 5a 03 52 45 01 0b 00 00 00 00 14 00 31 08 ac 1c da 8a 9b 40 25 00 00 00 24 00 00 00 00
2026-09-18T14:31:17.3001765Z RX 43 4f 5a 03 52 45 01 09 00 00 00 00 04 00 05 5c 00 f0 73 05 00 00 00 00 00 00 00 00 00 00 00 00 7a 3d 00 00 00 00 00 00 00 00 92 2c 92 3a db e2 ff 3c 00 00 00 00 00 00 00 00 f3 16 dd be 45 06 4b be 86 c3 4b c5 36 52 7e 44 5b 1c 17 46 98 c7 82 ba 04 b4 e5 3a 45 0d 21 ba 00 81 95 40 11 31 00 00 6a 03 00 00 00 00 00 00 00 00 ff 0b 11 00 31 08 ac 1c da 8a 9b 40 25 00 00 00 24 00 00 00 00
2026-09-18T14:31:17.3330928Z RX 43 4f 5a 03 52 45 01 09 00 00 00 00 04 00 05 5c 00 f0 91 05 00 00 00 00 00 00 00 00 00 00 00 00 7a 3d 00 00 00 00 00 00 00 00 dd 35 91 3a 10 c9 fe 3c 00 00 00 00 00 00 00 00 f3 26 d6 be 45 06 4b be e6 13 51 c5 a7 08 8c 44 fe 6c 1d 46 80 d0 3f ba 0d 87 a0 bb d0 1f b9 b9 00 e3 95 40 11 31 00 00 6a 03 00 00 00 00 00 00 00 00 ff
2026-09-18T14:31:17.3429441Z TX 43 4f 5a 03 52 45 01 0b 00 00 00 00 14 00 5a 64 3b df 4f 46 9c 40 26 00 00 00 25 00 00 00 00
2026-09-18T14:31:17.3662144Z RX 43 4f 5a 03 52 45 01 09 00 00 00 00 04 00 0b 11 00 5a 64 3b df 4f 46 9c 40 26 00 00 00 25 00 00 00 00 05 5c 00 f0 af 05 00 00 00 00 00 00 00 00 00 00 00 00 7a 3d 00 00 00 00 00 00 00 00 24 42 a5 3a dd 85 66 3c 00 00 00 00 00 00 00 00 f3 a6 c3 be 45 06 4b be 5b 97 50 c5 ca e1 80 44 ff 4b 1f 46 52 00 81 bd 86 68 74 bf b5 ed 92 3c 00 81 95 40 11 31 00 00 6a 03 00 00 00 00 00 00 00 00 ff
2026-09-18T14:31:17.3899341Z TX 43 4f 5a 03 52 45 01 0b 00 00 00 00 14 00 44 69 6f f0 c5 01 9d 40 27 00 00 00 26 00 00 00 00
2026-09-18T14:31:17.3993015Z RX 43 4f 5a 03 52 45 01 09 00 00 00 00 04 00 05 5c 00 f0 cd 05 00 00 00 00 00 00 00 00 00 00 00 00 7a 3d 00 00 00 00 00 00 00 00 e2 ba fb 3a 6b 73 96 3c 00 00 00 00 00 00 00 00 f3 86 ac be 45 06 4b be 83 79 28 c5 ba 39 7c 44 72 d3 1b 46 d0 5f 22 3c 95 b7 b9 bf b7 8f 36 3c 00 81 95 40 11 31 00 00 6a 03 00 00 00 00 00 00 00 00 ff 0b 11 00 44 69 6f f0 c5 01 9d 40 27 00 00 00 26 00 00 00 00
2026-09-18T14:31:17.4323532Z RX 43 4f 5a 03 52 45 01 09 00 00 00 00 04 00 05 5c 00 f0 eb 05 00 00 00 00 00 00 00 00 00 00 00 00 7a 3d 00 00 00 00 00 00 00 00 4d cd fd 3a 04 c2 a0 3c 00 00 00 00 00 00 00 00 f3 c6 90 be 45 06 4b be 3c 96 16 c5 94 9a 6e 44 63 d2 20 46 1a 9b 49 3c 0f a6 cf bf 04 c0 fb ba 00 81 95 40 11 31 00 00 6a 03 00 00 00 00 00 00 00 00 ff
2026-09-18T14:31:17.4375992Z TX 43 4f 5a 03 52 45 01 0b 00 00 00 00 14 00 6c 78 7a a5 6c c0 9d 40 28 00 00 00 27 00 00 00 00
2026-09-18T14:31:17.4651453Z RX 43 4f 5a 03 52 45 01 09 00 00 00 00 04 00 05 5c 00 f0 09 06 00 00 00 00 00 00 00 00 00 00 00 00 7a 3d 00 00 00 00 00 00 00 00 b6 47 e9 3a 6c 74 82 3c 00 00 00 00 00 00 00 00 e6 2d 5c be 45 06 4b be 59 02 e0 c4 d8 e0 7a 44 bb ec 20 46 02 ce b9 3c 54 90 07 c0 e2 88 57 bc 00 81 95 40 11 31 00 00 6a 03 00 00 00 00 00 00 00 00 ff 0b 11 00 6c 78 7a a5 6c c0 9d 40 28 00 00 00 27 00 00 00 00 05 5c 00 f0 27 06 00 00 00 00 00 00 00 00 00 00 00 00 7a 3d 00 00 00 00 00 00 00 00 ff 2e c3 3a 3f 00 94 3c 00 00 00 00 00 00 00 00 e6 8d 0d be 45 06 4b be 4f a8 80 c4 f7 70 88 44 48 65 24 46 0f 36 11 3d 84 89 1b c0 0d 41 53 bc 00 e3 95 40 11 31 00 00 6a 03 00 00 00 00 00 00 00 00 ff
2026-09-18T14:31:17.4845503Z TX 43 4f 5a 03 52 45 01 0b 00 00 00 00 14 00 32 e6 ae 25 64 7c 9e 40 29 00 00 00 28 00 00 00 00
2026-09-18T14:31:17.4982955Z RX 43 4f 5a 03 52 45 01 09 00 00 00 00 04 00 0b 11 00 32 e6 ae 25 64 7c 9e 40 29 00 00 00 28 00 00 00 00 05 5c 00 f0 45 06 00 00 00 00 00 00 00 00 00 00 00 00 7a 3d 00 00 00 00 00 00 00 00 37 1b 9a 3a e5 4a 7a 3c 00 00 00 00 00 00 00 00 98 37 44 bd 45 06 4b be 6c c2 a3 c3 a3 8c 84 44 3f 16 24 46 fa 91 15 3d 79 18 35 c0 e3 37 71 bc 80 18 94 40 11 31 00 00 6a 03 00 00 00 00 00 00 00 00 ff
2026-09-18T14:31:17.5311668Z RX 43 4f 5a 03 52 45 01 09 00 00 00 00 04 00 05 5c 00 f0 63 06 00 00 00 00 00 00 00 00 00 00 00 00 7a 3d 00 00 00 00 00 00 00 00 28 89 47 3a 4f dd af 3c 00 00 00 00 00 00 00 00 68 48 1b 3d 45 06 4b be 76 ca 5c 44 2a 07 7b 44 0b 55 1d 46 23 da 0c 3d cd 1a 42 c0 0d 41 53 bc 00 81 95 40 11 31 00 00 6a 03 00 00 00 00 00 00 00 00 ff
2026-09-18T14:31:17.5316937Z TX 43 4f 5a 03 52 45 01 0b 00 00 00 00 14 00 76 e0 9c 11 65 39 9f 40 2a 00 00 00 29 00 00 00 00
2026-09-18T14:31:17.5641659Z RX 43 4f 5a 03 52 45 01 09 00 00 00 00 04 00 0b 11 00 76 e0 9c 11 65 39 9f 40 2a 00 00 00 29 00 00 00 00 05 5c 00 f0 81 06 00 00 00 00 00 00 00 00 00 00 00 00 7a 3d 00 00 00 00 00 00 00 00 d7 79 94 39 ea bb 08 3d 00 00 00 00 00 00 00 00 34 e4 ea 3d 45 06 4b be fe 04 cf 44 5b f3 83 44 ea 52 1e 46 10 1d ee 3c 22 81 2a c0 5f 46 a1 bc 00 e3 95 40 11 31 00 00 6a 03 00 00 00 00 00 00 00 00 ff
2026-09-18T14:31:17.5786200Z TX 43 4f 5a 03 52 45 01 0b 00 00 00 00 14 00 f9 a0 67 b3 ea f4 9f 40 2b 00 00 00 2a 00 00 00 00
2026-09-18T14:31:17.5983539Z RX 43 4f 5a 03 52 45 01 09 00 00 00 00 04 00 0b 11 00 f9 a0 67 b3 ea f4 9f 40 2b 00 00 00 2a 00 00 00 00 05 5c 00 f0 9f 06 00 00 00 00 00 00 00 00 00 00 00 00 7a 3d 00 00 00 00 00 00 00 00 0e 71 39 b9 9a a4 27 3d 00 00 00 00 00 00 00 00 1a d2 3a 3e 45 06 4b be c2 96 0f 45 3a d8 92 44 3b 9a 1c 46 f5 a8 16 3d 7d 4c 1b c0 65 0f 7e bc 00 81 95 40 11 31 00 00 6a 03 00 00 00 00 00 00 00 00 ff
2026-09-18T14:31:17.6247010Z TX 43 4f 5a 03 52 45 01 0b 00 00 00 00 14 00 c9 e5 3f a4 7f 56 a0 40 2c 00 00 00 2b 00 00 00 00
2026-09-18T14:31:17.6302104Z RX 43 4f 5a 03 52 45 01 09 00 00 00 00 04 00 05 5c 00 f0 bd 06 00 00 00 00 00 00 00 00 00 00 00 00 7a 3d 00 00 00 00 00 00 00 00 f9 8b c4 b9 70 aa e6 3c 00 00 00 00 00 00 00 00 1a f2 76 3e 45 06 4b be 98 f6 33 45 2f 6c 91 44 87 2b 1a 46 ca 5e fd 3c 0a 45 06 c0 8e 18 60 bc 00 81 95 40 11 31 00 00 6a 03 00 00 00 00 00 00 00 00 ff 0b 11 00 c9 e5 3f a4 7f 56 a0 40 2c 00 00 00 2b 00 00 00 00
2026-09-18T14:31:17.6633529Z RX 43 4f 5a 03 52 45 01 09 00 00 00 00 04 00 05 5c 00 f0 db 06 00 00 00 00 00 00 00 00 00 00 00 00 7a 3d 00 00 00 00 00 00 00 00 7f 37 38 ba ba aa 0a 3d 00 00 00 00 00 00 00 00 0d 39 97 3e 45 06 4b be 5c 9f 65 45 a2 ad 82 44 7c bf 18 46 78 7a 6c 3c ce e3 e2 bf d2 94 c0 b8 00 81 95 40 11 31 00 00 6a 03 00 00 00 00 00 00 00 00 ff
2026-09-18T14:31:17.6718635Z TX 43 4f 5a 03 52 45 01 0b 00 00 00 00 14 00 c7 4b 37 89 e1 b4 a0 40 2d 00 00 00 2c 00 00 00 00
2026-09-18T14:31:17.6971083Z RX 43 4f 5a 03 52 45 01 09 00 00 00 00 04 00 05 5c 00 f0 f9 06 00 00 00 00 00 00 00 00 00 00 00 00 7a 3d 00 00 00 00 00 00 00 00 fa 2f 7f ba 79 c0 2e 3d 00 00 00 00 00 00 00 00 0d 09 ac 3e 45 06 4b be 7e 46 76 45 10 e6 90 44 71 53 17 46 2b 16 b1 3c 2a 7c b3 bf e2 88 57 bc 00 81 95 40 11 31 00 00 6a 03 00 00 00 00 00 00 00 00 ff 0b 11 00 c7 4b 37 89 e1 b4 a0 40 2d 00 00 00 2c 00 00 00 00
2026-09-18T14:31:17.7199888Z TX 43 4f 5a 03 52 45 01 0b 00 00 00 00 14 00 ba da 8a fd 25 15 a1 40 2e 00 00 00 2d 00 00 00 00
2026-09-18T14:31:17.7317489Z RX 43 4f 5a 03 52 45 01 09 00 00 00 00 04 00 05 5c 00 f0 17 07 00 00 00 00 00 00 00 00 00 00 00 00 7a 3d 00 00 00 00 00 00 00 00 6d 5e 9b ba d8 b7 3d 3d 00 00 00 00 00 00 00 00 0d 39 bc 3e 45 06 4b be c0 d8 8b 45 91 30 89 44 e3 9c 14 46 49 38 08 3c cf 44 93 bf a2 8a 65 ba 00 e3 95 40 11 31 00 00 6a 03 00 00 00 00 00 00 00 00 ff 0b 11 00 ba da 8a fd 25 15 a1 40 2e 00 00 00 2d 00 00 00 00
2026-09-18T14:31:17.7657739Z TX 43 4f 5a 03 52 45 01 0b 00 00 00 00 14 00 cc ee c9 c3 82 70 a1 40 2f 00 00 00 2e 00 00 00 00
2026-09-18T14:31:17.7812009Z RX 43 4f 5a 03 52 45 01 09 00 00 00 00 04 00 05 5c 00 f0 35 07 00 00 00 00 00 00 00 00 00 00 00 00 7a 3d 00 00 00 00 00 00 00 00 0c 52 ba ba e3 ca 57 3d 00 00 00 00 00 00 00 00 0d 79 c5 3e 45 06 4b be 6a db 8c 45 49 97 88 44 ff c7 14 46 42 e3 40 3c ca b4 46 bf dd 7b 0a bc 00 81 95 40 11 31 00 00 6a 03 00 00 00 00 00 00 00 00 ff 05 5c 00 f0 53 07 00 00 00 00 00 00 00 00 00 00 00 00 7a 3d 00 00 00 00 00 00 00 00 17 f2 b9 ba 59 66 65 3d 00 00 00 00 00 00 00 00 0d 69 cc 3e 45 06 4b be 04 dd 92 45 f9 2e 8c 44 00 06 14 46 fe f9 c1 3b bb 8a e6 be 72 ad e3 3a 00 e3 95 40 11 31 00 00 6a 03 00 00 00 00 00 00 00 00 ff
2026-09-18T14:31:17.7977273Z RX 43 4f 5a 03 52 45 01 09 00 00 00 00 04 00 0b 11 00 cc ee c9 c3 82 70 a1 40 2f 00 00 00 2e 00 00 00 00 05 5c 00 f0 71 07 00 00 00 00 00 00 00 00 00 00 00 00 7a 3d 00 00 00 00 00 00 00 00 24 e5 ba ba 32 9c 83 3d 00 00 00 00 00 00 00 00 0d 69 cc 3e 45 06 4b be 97 28 8f 45 9f 39 90 44 c5 f5 15 46 38 e9 1c 3a c0 07 ba bd 0c ab 31 39 00 e3 95 40 11 31 00 00 6a 03 00 00 00 00 00 00 00 00 ff
2026-09-18T14:31:17.8132444Z TX 43 4f 5a 03 52 45 01 0b 00 00 00 00 14 00 9e 5e 29 cb b0 cf a1 40 30 00 00 00 2f 00 00 00 00
2026-09-18T14:31:17.8287226Z RX 43 4f 5a 03 52 45 01 09 00 00 00 00 04 00 0b 11 00 9e 5e 29 cb b0 cf a1 40 30 00 00 00 2f 00 00 00 00 05 5c 00 f0 8f 07 00 00 00 00 00 00 00 00 00 00 00 00 7a 3d 00 00 00 00 00 00 00 00 6c af b8 ba 65 c9 7d 3d 00 00 00 00 00 00 00 00 0d 69 cc 3e 45 06 4b be d5 34 90 45 f8 4f 8a 44 7d 5c 15 46 58 33 94 3a 66 62 7f 3c 0c ab 31 39 00 e3 95 40 11 31 00 00 6a 03 00 00 00 00 00 00 00 00 ff
2026-09-18T14:31:17.8595351Z TX 43 4f 5a 03 52 45 01 0b 00 00 00 00 14 00 fe d4 78 e9 26 2c a2 40 31 00 00 00 30 00 00 00 00
2026-09-18T14:31:17.8612354Z RX 43 4f 5a 03 52 45 01 09 00 00 00 00 04 00 05 5c 00 f0 ad 07 00 00 00 00 00 00 00 00 00 00 00 00 7a 3d 00 00 00 00 00 00 00 00 6d 08 b7 ba 7d d7 78 3d 00 00 00 00 00 00 00 00 0d 69 cc 3e 45 06 4b be 3b 75 8f 45 69 fc 8a 44 4d 55 15 46 00 4c 51 b9 c0 1b c5 b9 7e 65 35 3a 00 81 95 40 11 31 00 00 6a 03 00 00 00 00 00 00 00 00 ff 0b 11 00 fe d4 78 e9 26 2c a2 40 31 00 00 00 30 00 00 00 00
2026-09-18T14:31:17.8946758Z RX 43 4f 5a 03 52 45 01 09 00 00 00 00 04 00 05 5c 00 f0 cb 07 00 00 00 00 00 00 00 00 00 00 00 00 7a 3d 00 00 00 00 00 00 00 00 21 a3 b4 ba 49 86 73 3d 00 00 00 00 00 00 00 00 0d 69 cc 3e 45 06 4b be b8 09 90 45 d1 fa 8d 44 9c 20 15 46 00 4c 51 b9 c0 1b c5 b9 d0 1f b9 b9 00 81 95 40 11 31 00 00 6a 03 00 00 00 00 00 00 00 00 ff
2026-09-18T14:31:17.9070070Z TX 43 4f 5a 03 52 45 01 0b 00 00 00 00 14 00 ac 1c 5a 64 3b 8b a2 40 32 00 00 00 31 00 00 00 00
2026-09-18T14:31:17.9309823Z RX 43 4f 5a 03 52 45 01 09 00 00 00 00 04 00 0b 11 00 ac 1c 5a 64 3b 8b a2 40 32 00 00 00 31 00 00 00 00 05 5c 00 f0 e9 07 00 00 00 00 00 00 00 00 00 00 00 00 7a 3d 00 00 00 00 00 00 00 00 08 37 b5 ba a8 fd 6e 3d 00 00 00 00 00 00 00 00 0d 69 cc 3e 45 06 4b be 2b 32 8f 45 22 42 8c 44 14 c1 15 46 b8 65 eb ba a4 d4 c2 3a 72 ad e3 3a 00 e3 95 40 11 31 00 00 6a 03 00 00 00 00 00 00 00 00 ff
2026-09-18T14:31:17.9550291Z TX 43 4f 5a 03 52 45 01 0b 00 00 00 00 14 00 af 25 e4 83 7e e8 a2 40 33 00 00 00 32 00 00 00 00
2026-09-18T14:31:17.9602718Z RX 43 4f 5a 03 52 45 01 09 00 00 00 00 04 00 05 5c 00 f0 07 08 00 00 00 00 00 00 00 00 00 00 00 00 7a 3d 00 00 00 00 00 00 00 00 7e bc ad ba fb a6 6b 3d 00 00 00 00 00 00 00 00 0d 69 cc 3e 45 06 4b be c5 f1 8f 45 b2 74 8d 44 02 23 15 46 58 86 c8 ba c0 1b c5 b9 72 ad e3 3a 00 e3 95 40 11 33 00 00 6a 03 00 00 00 00 00 00 00 00 ff 0b 11 00 af 25 e4 83 7e e8 a2 40 33 00 00 00 32 00 00 00 00
2026-09-18T14:31:17.9933662Z RX 43 4f 5a 03 52 45 01 09 00 00 00 00 04 00 05 5c 00 f0 25 08 00 00 00 00 00 00 00 00 00 00 00 00 7a 3d 00 00 00 00 00 00 00 00 06 ab a9 ba 28 37 68 3d 00 00 00 00 00 00 00 00 0d 69 cc 3e 45 06 4b be ac 21 90 45 74 68 8c 44 6a 80 15 46 80 23 f4 b9 cb 7a b3 3b 41 d0 e1 39 00 81 95 40 11 33 00 00 6a 03 00 00 00 00 00 00 00 00 ff
2026-09-18T14:31:18.0006676Z TX 43 4f 5a 03 52 45 01 0b 00 00 00 00 14 00 f0 a7 c6 4b 97 46 a3 40 34 00 00 00 33 00 00 00 00
2026-09-18T14:31:18.0263824Z RX 43 4f 5a 03 52 45 01 09 00 00 00 00 04 00 05 5c 00 f0 43 08 00 00 00 00 00 00 00 00 00 00 00 00 7a 3d 00 00 00 00 00 00 00 00 4d 75 a7 ba 16 68 64 3d 00 00 00 00 00 00 00 00 0d 69 cc 3e 45 06 4b be 1a 73 90 45 42 a7 8e 44 db 6a 15 46 80 23 f4 b9 0c e5 99 ba d0 1f b9 b9 00 81 95 40 10 33 00 00 6a 03 00 00 00 00 00 00 00 00 ff 0b 11 00 f0 a7 c6 4b 97 46 a3 40 34 00 00 00 33 00 00 00 00
2026-09-18T14:31:18.0467085Z TX 43 4f 5a 03 52 45 01 0b 00 00 00 00 14 00 d3 bc e3 14 9d a2 a3 40 35 00 00 00 34 00 00 00 00
2026-09-18T14:31:18.0592278Z RX 43 4f 5a 03 52 45 01 09 00 00 00 00 04 00 05 5c 00 f0 61 08 00 00 00 00 00 00 00 00 00 00 00 00 7a 3d 00 00 00 00 00 00 00 00 e2 fd a5 ba 39 0c 62 3d 00 00 00 00 00 00 00 00 0d 69 cc 3e 45 06 4b be df c1 8f 45 37 3b 8d 44 1e 4e 15 46 98 c7 82 ba a4 d4 c2 3a 7e 65 35 3a 00 81 95 40 10 33 00 00 6a 03 00 00 00 00 00 00 00 00 ff 0b 11 00 d3 bc e3 14 9d a2 a3 40 35 00 00 00 34 00 00 00 00
2026-09-18T14:31:18.0922469Z RX 43 4f 5a 03 52 45 01 09 00 00 00 00 04 00 05 5c 00 f0 7f 08 00 00 00 00 00 00 00 00 00 00 00 00 7a 3d 00 00 00 00 00 00 00 00 23 ea a9 ba 9f 16 5f 3d 00 00 00 00 00 00 00 00 0d 69 cc 3e 45 06 4b be 14 bd 8f 45 db 87 8d 44 89 44 15 46 58 86 c8 ba 60 be 23 39 ae 42 b7 ba 00 81 95 40 10 33 00 00 6a 03 00 00 00 00 00 00 00 00 ff 05 5c 00 f0 9d 08 00 00 00 00 00 00 00 00 00 00 00 00 7a 3d 00 00 00 00 00 00 00 00 eb 6b ab ba d7 03 5d 3d 00 00 00 00 00 00 00 00 0d 69 cc 3e 45 06 4b be d2 d9 8f 45 0f 07 8f 44 9f 7b 15 46 80 d0 3f ba a4 d4 c2 3a 0c ab 31 39 00 e3 95 40 10 33 00 00 6a 03 00 00 00 00 00 00 00 00 ff
2026-09-18T14:31:18.0934174Z TX 43 4f 5a 03 52 45 01 0b 00 00 00 00 14 00 fe 43 fa ed 0b 00 a4 40 36 00 00 00 35 00 00 00 00
2026-09-18T14:31:18.1253191Z RX 43 4f 5a 03 52 45 01 09 00 00 00 00 04 00 0b 11 00 fe 43 fa ed 0b 00 a4 40 36 00 00 00 35 00 00 00 00 05 0a 00 f3 bc bc 58 de 02 00 00 00 45 05 5c 00 f0 bb 08 00 00 00 00 00 00 00 00 00 00 00 00 7a 3d 00 00 00 00 00 00 00 00 c6 65 a9 ba 26 0e 5b 3d 00 00 00 00 00 00 00 00 0d 69 cc 3e 45 06 4b be a9 c6 8f 45 80 b3 8f 44 90 38 15 46 80 d0 3f ba a0 4c 28 ba 7e 65 35 3a 00 e3 95 40 10 33 00 00 6a 03 00 00 00 00 00 00 00 00 ff
2026-09-18T14:31:18.1397929Z TX 43 4f 5a 03 52 45 01 0b 00 00 00 00 14 00 c1 a8 a4 4e c0 5c a4 40 37 00 00 00 36 00 00 00 00
2026-09-18T14:31:18.1586681Z RX 43 4f 5a 03 52 45 01 09 00 00 00 00 04 00 0b 11 00 c1 a8 a4 4e c0 5c a4 40 37 00 00 00 36 00 00 00 00 05 5c 00 f0 d9 08 00 00 00 00 00 00 00 00 00 00 00 00 7a 3d 00 00 00 00 00 00 00 00 a8 ac a8 ba 75 f2 59 3d 00 00 00 00 00 00 00 00 0d 69 cc 3e 45 06 4b be 3e d0 8f 45 f0 80 8e 44 e2 5e 15 46 80 23 f4 b9 c0 1b c5 b9 0c ab 31 39 00 81 95 40 10 33 00 00 6a 03 00 00 00 00 00 00 00 00 ff
2026-09-18T14:31:18.1869588Z TX 43 4f 5a 03 52 45 01 0b 00 00 00 00 14 00 0d 71 ac 8b 1b bb a4 40 38 00 00 00 37 00 00 00 00
2026-09-18T14:31:18.1917153Z RX 43 4f 5a 03 52 45 01 09 00 00 00 00 04 00 05 5c 00 f0 f7 08 00 00 00 00 00 00 00 00 00 00 00 00 7a 3d 00 00 00 00 00 00 00 00 1f 23 a8 ba 3a 7f 58 3d 00 00 00 00 00 00 00 00 0d 69 cc 3e 45 06 4b be 8d 9b 8f 45 03 bc 8b 44 db 6a 15 46 00 4c 51 b9 60 be 23 39 41 d0 e1 39 00 e3 95 40 10 33 00 00 6a 03 00 00 00 00 00 00 00 00 ff 0b 11 00 0d 71 ac 8b 1b bb a4 40 38 00 00 00 37 00 00 00 00
2026-09-18T14:31:18.2246177Z RX 43 4f 5a 03 52 45 01 09 00 00 00 00 04 00 05 5c 00 f0 15 09 00 00 00 00 00 00 00 00 00 00 00 00 7a 3d 00 00 00 00 00 00 00 00 81 b2 a3 ba 70 43 57 3d 00 00 00 00 00 00 00 00 0d 69 cc 3e 45 06 4b be 90 f6 8f 45 c7 6d 8e 44 90 38 15 46 00 4c 51 b9 c8 2b 7a 3a 7e 65 35 3a 00 81 95 40 10 33 00 00 6a 03 00 00 00 00 00 00 00 00 ff
2026-09-18T14:31:18.2346826Z TX 43 4f 5a 03 52 45 01 0b 00 00 00 00 14 00 a1 f8 31 e6 4e 1a a5 40 39 00 00 00 38 00 00 00 00
2026-09-18T14:31:18.2589728Z RX 43 4f 5a 03 52 45 01 09 00 00 00 00 04 00 0b 11 00 a1 f8 31 e6 4e 1a a5 40 39 00 00 00 38 00 00 00 00 05 5c 00 f0 33 09 00 00 00 00 00 00 00 00 00 00 00 00 7a 3d 00 00 00 00 00 00 00 00 43 65 a4 ba ea 90 56 3d 00 00 00 00 00 00 00 00 0d 69 cc 3e 45 06 4b be 2a b6 90 45 57 a0 8f 44 90 38 15 46 80 23 f4 b9 a0 5c dd 39 00 04 95 ba 00 e3 95 40 10 33 00 00 6a 03 00 00 00 00 00 00 00 00 ff
2026-09-18T14:31:18.2806754Z TX 43 4f 5a 03 52 45 01 0b 00 00 00 00 14 00 e5 d0 22 db 39 76 a5 40 3a 00 00 00 39 00 00 00 00
2026-09-18T14:31:18.2907466Z RX 43 4f 5a 03 52 45 01 09 00 00 00 00 04 00 05 5c 00 f0 51 09 00 00 00 00 00 00 00 00 00 00 00 00 7a 3d 00 00 00 00 00 00 00 00 d1 80 a8 ba 5a 64 55 3d 00 00 00 00 00 00 00 00 0d 69 cc 3e 45 06 4b be 90 f6 8f 45 88 82 8b 44 70 74 15 46 00 28 8b 38 c0 72 dd 39 dd 4b e2 39 00 e3 95 40 10 33 00 00 6a 03 00 00 00 00 00 00 00 00 ff 0b 11 00 e5 d0 22 db 39 76 a5 40 3a 00 00 00 39 00 00 00 00
2026-09-18T14:31:18.3235385Z RX 43 4f 5a 03 52 45 01 09 00 00 00 00 04 00 05 5c 00 f0 6f 09 00 00 00 00 00 00 00 00 00 00 00 00 7a 3d 00 00 00 00 00 00 00 00 8f ce a4 ba a3 53 54 3d 00 00 00 00 00 00 00 00 0d 69 cc 3e 45 06 4b be a9 c6 8f 45 94 cd 8e 44 c8 8e 15 46 c0 70 3f ba c0 73 ea b8 c4 f7 9e 3a 00 e3 95 40 10 33 00 00 6a 03 00 00 00 00 00 00 00 00 ff
2026-09-18T14:31:18.3274591Z TX 43 4f 5a 03 52 45 01 0b 00 00 00 00 14 00 c3 d3 2b 65 39 d4 a5 40 3b 00 00 00 3a 00 00 00 00
2026-09-18T14:31:18.3564320Z RX 43 4f 5a 03 52 45 01 09 00 00 00 00 04 00 0b 11 00 c3 d3 2b 65 39 d4 a5 40 3b 00 00 00 3a 00 00 00 00 05 5c 00 f0 8d 09 00 00 00 00 00 00 00 00 00 00 00 00 7a 3d 00 00 00 00 00 00 00 00 b0 b5 9e ba 49 58 53 3d 00 00 00 00 00 00 00 00 0d 69 cc 3e 45 06 4b be 31 e8 8f 45 4c 34 8e 44 d5 76 15 46 00 ed 4d b9 88 8d 79 3a 44 d5 33 3a 00 e3 95 40 10 33 00 00 6a 03 00 00 00 00 00 00 00 00 ff
2026-09-18T14:31:18.3735318Z TX 43 4f 5a 03 52 45 01 0b 00 00 00 00 14 00 58 ca 32 c4 51 30 a6 40 3c 00 00 00 3b 00 00 00 00
2026-09-18T14:31:18.3894074Z RX 43 4f 5a 03 52 45 01 09 00 00 00 00 04 00 05 5c 00 f0 ab 09 00 00 00 00 00 00 00 00 00 00 00 00 7a 3d 00 00 00 00 00 00 00 00 d9 b6 9c ba 4f ec 51 3d 00 00 00 00 00 00 00 00 0d 69 cc 3e 45 06 4b be 24 00 90 45 89 61 8d 44 9f 7b 15 46 80 01 f2 b9 38 b6 32 3a d7 06 d0 b8 00 81 95 40 10 33 00 00 6a 03 00 00 00 00 00 00 00 00 ff 0b 11 00 58 ca 32 c4 51 30 a6 40 3c 00 00 00 3b 00 00 00 00 05 5c 00 f0 c9 09 00 00 00 00 00 00 00 00 00 00 00 00 7a 3d 00 00 00 00 00 00 00 00 3e 94 9c ba 8c 52 51 3d 00 00 00 00 00 00 00 00 0d 69 cc 3e 45 06 4b be e4 77 90 45 37 3b 8d 44 5a 3d 15 46 20 90 b0 39 4c 6d 9a ba 77 ee 77 3a 00 81 95 40 10 33 00 00 6a 03 00 00 00 00 00 00 00 00 ff
2026-09-18T14:31:18.4193443Z TX 43 4f 5a 03 52 45 01 0b 00 00 00 00 14 00 37 89 41 60 e5 8b a6 40 3d 00 00 00 3c 00 00 00 00
2026-09-18T14:31:18.4224851Z RX 43 4f 5a 03 52 45 01 09 00 00 00 00 04 00 05 5c 00 f0 e7 09 00 00 00 00 00 00 00 00 00 00 00 00 7a 3d 00 00 00 00 00 00 00 00 a9 13 9c ba 1f 29 51 3d 00 00 00 00 00 00 00 00 0d 69 cc 3e 45 06 4b be fb ec 8f 45 95 ac 90 44 bf 3f 15 46 70 44 82 ba d0 9e db 39 b7 96 67 ba 00 81 95 40 10 33 00 00 6a 03 00 00 00 00 00 00 00 00 ff 0b 11 00 37 89 41 60 e5 8b a6 40 3d 00 00 00 3c 00 00 00 00
2026-09-18T14:31:18.4563194Z RX 43 4f 5a 03 52 45 01 09 00 00 00 00 04 00 05 5c 00 f0 05 0a 00 00 00 00 00 00 00 00 00 00 00 00 7a 3d 00 00 00 00 00 00 00 00 fe 74 9a ba 58 c1 50 3d 00 00 00 00 00 00 00 00 0d 69 cc 3e 45 06 4b be 12 62 8f 45 ef a1 8c 44 18 5a 15 46 c0 37 4a b9 80 fb 32 3a 5d 8a 77 3a 00 81 95 40 10 33 00 00 6a 03 00 00 00 00 00 00 00 00 ff
2026-09-18T14:31:18.4648185Z TX 43 4f 5a 03 52 45 01 0b 00 00 00 00 14 00 0f 9c 33 a2 b4 e6 a6 40 3e 00 00 00 3d 00 00 00 00
2026-09-18T14:31:18.4885092Z RX 43 4f 5a 03 52 45 01 09 00 00 00 00 04 00 0b 11 00 0f 9c 33 a2 b4 e6 a6 40 3e 00 00 00 3d 00 00 00 00 05 5c 00 f0 23 0a 00 00 00 00 00 00 00 00 00 00 00 00 7a 3d 00 00 00 00 00 00 00 00 d9 f5 99 ba ac 9b 50 3d 00 00 00 00 00 00 00 00 0d 69 cc 3e 45 06 4b be e2 1c 90 45 d1 fa 8d 44 cc 27 15 46 c0 e4 3d ba a0 07 da 39 47 ec 27 39 00 81 95 40 10 33 00 00 6a 03 00 00 00 00 00 00 00 00 ff
2026-09-18T14:31:18.5112308Z TX 43 4f 5a 03 52 45 01 0b 00 00 00 00 14 00 e4 14 1d c9 45 43 a7 40 3f 00 00 00 3e 00 00 00 00
2026-09-18T14:31:18.5215593Z RX 43 4f 5a 03 52 45 01 09 00 00 00 00 04 00 05 5c 00 f0 41 0a 00 00 00 00 00 00 00 00 00 00 00 00 7a 3d 00 00 00 00 00 00 00 00 70 90 95 ba 34 36 50 3d 00 00 00 00 00 00 00 00 0d 69 cc 3e 45 06 4b be 5c 56 90 45 37 3b 8d 44 47 61 15 46 80 2c 48 b9 70 39 32 3a 79 26 32 3a 00 81 95 40 10 33 00 00 6a 03 00 00 00 00 00 00 00 00 ff 0b 11 00 e4 14 1d c9 45 43 a7 40 3f 00 00 00 3e 00 00 00 00
2026-09-18T14:31:18.5547819Z RX 43 4f 5a 03 52 45 01 09 00 00 00 00 04 00 05 5c 00 f0 5f 0a 00 00 00 00 00 00 00 00 00 00 00 00 7a 3d 00 00 00 00 00 00 00 00 89 f7 93 ba f8 6d 50 3d 00 00 00 00 00 00 00 00 0d 69 cc 3e 45 06 4b be ec a9 8f 45 d2 d9 8f 44 3e 12 15 46 a0 fb b2 39 40 20 fa b8 d9 bb da 39 00 81 95 40 10 33 00 00 6a 03 00 00 00 00 00 00 00 00 ff
2026-09-18T14:31:18.5571968Z TX 43 4f 5a 03 52 45 01 0b 00 00 00 00 14 00 ec c0 39 23 4a 9f a7 40 40 00 00 00 3f 00 00 00 00
2026-09-18T14:31:18.5878263Z RX 43 4f 5a 03 52 45 01 09 00 00 00 00 04 00 0b 11 00 ec c0 39 23 4a 9f a7 40 40 00 00 00 3f 00 00 00 00 05 5c 00 f0 7d 0a 00 00 00 00 00 00 00 00 00 00 00 00 7a 3d 00 00 00 00 00 00 00 00 0d 7d 93 ba 8f bd 4f 3d 00 00 00 00 00 00 00 00 0d 69 cc 3e 45 06 4b be 24 00 90 45 23 21 8e 44 0b 72 15 46 20 9b ef b9 30 7c c9 b9 a1 9a dd b8 00 81 95 40 10 33 00 00 6a 03 00 00 00 00 00 00 00 00 ff
2026-09-18T14:31:18.6024367Z TX 43 4f 5a 03 52 45 01 0b 00 00 00 00 14 00 e8 d9 ac fa dc f9 a7 40 41 00 00 00 40 00 00 00 00
2026-09-18T14:31:18.6211480Z RX 43 4f 5a 03 52 45 01 09 00 00 00 00 04 00 05 5c 00 f0 9b 0a 00 00 00 00 00 00 00 00 00 00 00 00 7a 3d 00 00 00 00 00 00 00 00 97 f6 8f ba 6f 11 4f 3d 00 00 00 00 00 00 00 00 0d 69 cc 3e 45 06 4b be df c1 8f 45 74 68 8c 44 31 2a 15 46 40 1c 3d ba d0 23 d9 39 51 e4 01 3b 00 81 95 40 10 33 00 00 6a 03 00 00 00 00 00 00 00 00 ff 0b 11 00 e8 d9 ac fa dc f9 a7 40 41 00 00 00 40 00 00 00 00
2026-09-18T14:31:18.6486646Z TX 43 4f 5a 03 52 45 01 0b 00 00 00 00 14 00 68 91 ed 7c 7f 56 a8 40 42 00 00 00 41 00 00 00 00
2026-09-18T14:31:18.6534478Z RX 43 4f 5a 03 52 45 01 09 00 00 00 00 04 00 05 5c 00 f0 b9 0a 00 00 00 00 00 00 00 00 00 00 00 00 7a 3d 00 00 00 00 00 00 00 00 28 16 8d ba 5e 71 4e 3d 00 00 00 00 00 00 00 00 0d 69 cc 3e 45 06 4b be 21 a5 8f 45 60 4e 8d 44 83 50 15 46 e0 15 ee b9 80 1d 1b 39 d7 db 25 ba 00 81 95 40 10 33 00 00 6a 03 00 00 00 00 00 00 00 00 ff 0b 11 00 68 91 ed 7c 7f 56 a8 40 42 00 00 00 41 00 00 00 00
2026-09-18T14:31:18.6866476Z RX 43 4f 5a 03 52 45 01 09 00 00 00 00 04 00 05 5c 00 f0 d7 0a 00 00 00 00 00 00 00 00 00 00 00 00 7a 3d 00 00 00 00 00 00 00 00 c1 70 8c ba 63 4d 4e 3d 00 00 00 00 00 00 00 00 0d 69 cc 3e 45 06 4b be 5f b1 90 45 37 3b 8d 44 54 49 15 46 40 d2 a3 ba a0 ca 1a 39 e8 f5 74 3a 00 e3 95 40 10 33 00 00 6a 03 00 00 00 00 00 00 00 00 ff
2026-09-18T14:31:18.6939998Z TX 43 4f 5a 03 52 45 01 0b 00 00 00 00 14 00 00 91 7e fb da b0 a8 40 43 00 00 00 42 00 00 00 00
2026-09-18T14:31:18.7197375Z RX 43 4f 5a 03 52 45 01 09 00 00 00 00 04 00 05 5c 00 f0 f5 0a 00 00 00 00 00 00 00 00 00 00 00 00 7a 3d 00 00 00 00 00 00 00 00 62 f1 89 ba 6d ec 4d 3d 00 00 00 00 00 00 00 00 0d 69 cc 3e 45 06 4b be cb a7 90 45 60 4e 8d 44 90 38 15 46 80 b9 ad 38 68 a7 31 3a eb 0a d7 39 00 e3 95 40 10 33 00 00 6a 03 00 00 00 00 00 00 00 00 ff 0b 11 00 00 91 7e fb da b0 a8 40 43 00 00 00 42 00 00 00 00 05 5c 00 f0 13 0b 00 00 00 00 00 00 00 00 00 00 00 00 7a 3d 00 00 00 00 00 00 00 00 ba 14 87 ba 2a ef 4d 3d 00 00 00 00 00 00 00 00 0d 69 cc 3e 45 06 4b be b6 ae 8f 45 80 b3 8f 44 e8 52 15 46 d0 8c 3b ba a0 a4 17 39 fe fc d5 39 00 81 95 40 10 33 00 00 6a 03 00 00 00 00 00 00 00 00 ff
2026-09-18T14:31:18.7411005Z TX 43 4f 5a 03 52 45 01 0b 00 00 00 00 14 00 5f 29 cb 10 27 0f a9 40 44 00 00 00 43 00 00 00 00
2026-09-18T14:31:18.7541773Z RX 43 4f 5a 03 52 45 01 09 00 00 00 00 04 00 0b 11 00 5f 29 cb 10 27 0f a9 40 44 00 00 00 43 00 00 00 00 05 5c 00 f0 31 0b 00 00 00 00 00 00 00 00 00 00 00 00 7a 3d 00 00 00 00 00 00 00 00 8c 0a 84 ba 2e 9d 4d 3d 00 00 00 00 00 00 00 00 0d 69 cc 3e 45 06 4b be 90 f6 8f 45 38 1a 8f 44 04 7e 15 46 88 f4 c5 ba 50 f9 30 3a 7d ec 2e 3a 00 81 95 40 10 33 00 00 6a 03 00 00 00 00 00 00 00 00 ff
2026-09-18T14:31:18.7854355Z RX 43 4f 5a 03 52 45 01 09 00 00 00 00 04 00 05 5c 00 f0 4f 0b 00 00 00 00 00 00 00 00 00 00 00 00 7a 3d 00 00 00 00 00 00 00 00 29 de 82 ba e1 dc 4d 3d 00 00 00 00 00 00 00 00 0d 69 cc 3e 45 06 4b be 76 26 90 45 42 a7 8e 44 6a 80 15 46 80 c4 e7 b9 00 4e 30 3a 50 b5 2e 3a 00 81 95 40 10 33 00 00 6a 03 00 00 00 00 00 00 00 00 ff
2026-09-18T14:31:18.7870291Z TX 43 4f 5a 03 52 45 01 0b 00 00 00 00 14 00 76 e0 9c 11 45 6b a9 40 45 00 00 00 44 00 00 00 00
2026-09-18T14:31:18.8187145Z RX 43 4f 5a 03 52 45 01 09 00 00 00 00 04 00 0b 11 00 76 e0 9c 11 45 6b a9 40 45 00 00 00 44 00 00 00 00 05 5c 00 f0 6d 0b 00 00 00 00 00 00 00 00 00 00 00 00 7a 3d 00 00 00 00 00 00 00 00 39 af 7f ba 00 bf 4d 3d 00 00 00 00 00 00 00 00 0d 69 cc 3e 45 06 4b be b1 d7 90 45 e6 f3 8e 44 b9 4b 15 46 20 6c e7 b9 c0 d7 11 39 d2 8b fa b8 00 81 95 40 10 33 00 00 6a 03 00 00 00 00 00 00 00 00 ff
2026-09-18T14:31:18.8326509Z TX 43 4f 5a 03 52 45 01 0b 00 00 00 00 14 00 f0 a7 c6 4b 77 c6 a9 40 46 00 00 00 45 00 00 00 00
2026-09-18T14:31:18.8516422Z RX 43 4f 5a 03 52 45 01 09 00 00 00 00 04 00 0b 11 00 f0 a7 c6 4b 77 c6 a9 40 46 00 00 00 45 00 00 00 00 05 5c 00 f0 8b 0b 00 00 00 00 00 00 00 00 00 00 00 00 7a 3d 00 00 00 00 00 00 00 00 43 96 7f ba 53 c5 4d 3d 00 00 00 00 00 00 00 00 0d 69 cc 3e 45 06 4b be ec a9 8f 45 22 42 8c 44 b6 f0 14 46 c0 ba e6 b9 80 85 12 39 97 24 2e 3a 00 81 95 40 10 33 00 00 6a 03 00 00 00 00 00 00 00 00 ff
2026-09-18T14:31:18.8791665Z TX 43 4f 5a 03 52 45 01 0b 00 00 00 00 14 00 68 22 6c 78 9a 23 aa 40 47 00 00 00 46 00 00 00 00
2026-09-18T14:31:18.8889194Z RX 43 4f 5a 03 52 45 01 09 00 00 00 00 04 00 05 5c 00 f0 a9 0b 00 00 00 00 00 00 00 00 00 00 00 00 7a 3d 00 00 00 00 00 00 00 00 a9 09 7b ba cf f7 4d 3d 00 00 00 00 00 00 00 00 0d 69 cc 3e 45 06 4b be 1a 73 90 45 73 89 8a 44 f5 3a 15 46 00 28 c5 38 38 cd 2f 3a fd 59 9b 3a 00 81 95 40 10 33 00 00 6a 03 00 00 00 00 00 00 00 00 ff 0b 11 00 68 22 6c 78 9a 23 aa 40 47 00 00 00 46 00 00 00 00
2026-09-18T14:31:18.9175189Z RX 43 4f 5a 03 52 45 01 09 00 00 00 00 04 00 05 5c 00 f0 c7 0b 00 00 00 00 00 00 00 00 00 00 00 00 7a 3d 00 00 00 00 00 00 00 00 d7 b4 6e ba c4 b9 4d 3d 00 00 00 00 00 00 00 00 0d 69 cc 3e 45 06 4b be 08 d5 8f 45 0e 28 8d 44 fe 89 15 46 60 db c4 ba 58 5b 9d 3a 6a dc 9a 3a 00 81 95 40 10 33 00 00 6a 03 00 00 00 00 00 00 00 00 ff
2026-09-18T14:31:18.9266670Z TX 43 4f 5a 03 52 45 01 0b 00 00 00 00 14 00 0e be 30 99 0a 82 aa 40 48 00 00 00 47 00 00 00 00
2026-09-18T14:31:18.9544541Z RX 43 4f 5a 03 52 45 01 09 00 00 00 00 04 00 05 5c 00 f0 e5 0b 00 00 00 00 00 00 00 00 00 00 00 00 7a 3d 00 00 00 00 00 00 00 00 11 5f 6d ba 56 c7 4d 3d 00 00 00 00 00 00 00 00 0d 69 cc 3e 45 06 4b be 34 43 90 45 7e f5 8b 44 eb ad 15 46 f0 33 a1 ba 20 e4 08 b9 31 f1 0d 39 00 81 95 40 10 33 00 00 6a 03 00 00 00 00 00 00 00 00 ff 0b 11 00 0e be 30 99 0a 82 aa 40 48 00 00 00 47 00 00 00 00
2026-09-18T14:31:18.9730074Z TX 43 4f 5a 03 52 45 01 0b 00 00 00 00 14 00 29 5c 8f c2 f5 de aa 40 49 00 00 00 48 00 00 00 00
2026-09-18T14:31:18.9835324Z RX 43 4f 5a 03 52 45 01 09 00 00 00 00 04 00 05 5c 00 f0 03 0c 00 00 00 00 00 00 00 00 00 00 00 00 7a 3d 00 00 00 00 00 00 00 00 77 29 65 ba a8 10 4d 3d 00 00 00 00 00 00 00 00 0d 69 cc 3e 45 06 4b be 83 0e 90 45 9f 39 90 44 90 38 15 46 00 fc d4 38 40 03 0a b9 73 b5 2b 3a 00 e3 95 40 10 33 00 00 6a 03 00 00 00 00 00 00 00 00 ff 0b 11 00 29 5c 8f c2 f5 de aa 40 49 00 00 00 48 00 00 00 00
2026-09-18T14:31:19.0165343Z RX 43 4f 5a 03 52 45 01 09 00 00 00 00 04 00 05 5c 00 f0 21 0c 00 00 00 00 00 00 00 00 00 00 00 00 7a 3d 00 00 00 00 00 00 00 00 40 ce 61 ba 06 95 4d 3d 00 00 00 00 00 00 00 00 0d 69 cc 3e 45 06 4b be 0d 8b 90 45 c7 6d 8e 44 4d 55 15 46 40 e1 7b ba 60 ea 0e 39 6f ae 09 39 00 81 95 40 10 33 00 00 6a 03 00 00 00 00 00 00 00 00 ff 05 5c 00 f0 3f 0c 00 00 00 00 00 00 00 00 00 00 00 00 7a 3d 00 00 00 00 00 00 00 00 6a 0e 61 ba 51 87 4d 3d 00 00 00 00 00 00 00 00 0d 69 cc 3e 45 06 4b be bb 64 90 45 17 d6 8a 44 4d 55 15 46 00 18 29 b9 70 1b d2 39 45 d2 6f 3a 00 e3 95 40 10 33 00 00 6a 03 00 00 00 00 00 00 00 00 ff
2026-09-18T14:31:19.0208991Z TX 43 4f 5a 03 52 45 01 0b 00 00 00 00 14 00 fc a9 f1 d2 0d 3f ab 40 4a 00 00 00 49 00 00 00 00
2026-09-18T14:31:19.0495328Z RX 43 4f 5a 03 52 45 01 09 00 00 00 00 04 00 0b 11 00 fc a9 f1 d2 0d 3f ab 40 4a 00 00 00 49 00 00 00 00 05 5c 00 f0 5d 0c 00 00 00 00 00 00 00 00 00 00 00 00 7a 3d 00 00 00 00 00 00 00 00 29 42 59 ba 17 ad 4d 3d 00 00 00 00 00 00 00 00 0d 69 cc 3e 45 06 4b be a9 c6 8f 45 db 87 8d 44 43 c8 15 46 40 2b 28 b9 b0 c1 d1 39 07 9d 2a 3a 00 81 95 40 10 33 00 00 6a 03 00 00 00 00 00 00 00 00 ff
2026-09-18T14:31:19.0672182Z TX 43 4f 5a 03 52 45 01 0b 00 00 00 00 14 00 6c 09 f9 a0 a7 9b ab 40 4b 00 00 00 4a 00 00 00 00
2026-09-18T14:31:19.0825743Z RX 43 4f 5a 03 52 45 01 09 00 00 00 00 04 00 0b 11 00 6c 09 f9 a0 a7 9b ab 40 4b 00 00 00 4a 00 00 00 00 05 5c 00 f0 7b 0c 00 00 00 00 00 00 00 00 00 00 00 00 7a 3d 00 00 00 00 00 00 00 00 08 74 54 ba 5a 61 4d 3d 00 00 00 00 00 00 00 00 0d 69 cc 3e 45 06 4b be 69 3e 90 45 7e f5 8b 44 47 61 15 46 00 78 df 38 e0 46 0b 39 00 c4 04 39 00 e3 95 40 10 33 00 00 6a 03 00 00 00 00 00 00 00 00 ff
2026-09-18T14:31:19.1136594Z TX 43 4f 5a 03 52 45 01 0b 00 00 00 00 14 00 f0 16 48 50 7c f8 ab 40 4c 00 00 00 4b 00 00 00 00
2026-09-18T14:31:19.1156809Z RX 43 4f 5a 03 52 45 01 09 00 00 00 00 04 00 05 5c 00 f0 99 0c 00 00 00 00 00 00 00 00 00 00 00 00 7a 3d 00 00 00 00 00 00 00 00 ad 1d 54 ba 58 6b 4d 3d 00 00 00 00 00 00 00 00 0d 69 cc 3e 45 06 4b be 69 3e 90 45 0e 28 8d 44 92 93 15 46 80 6b df b9 20 71 0a 39 94 a4 04 39 00 e3 95 40 10 33 00 00 6a 03 00 00 00 00 00 00 00 00 ff 05 0a 00 f3 bc bc 58 de 02 00 00 00 45 0b 11 00 f0 16 48 50 7c f8 ab 40 4c 00 00 00 4b 00 00 00 00
2026-09-18T14:31:19.1485144Z RX 43 4f 5a 03 52 45 01 09 00 00 00 00 04 00 05 5c 00 f0 b7 0c 00 00 00 00 00 00 00 00 00 00 00 00 7a 3d 00 00 00 00 00 00 00 00 54 68 53 ba 44 b7 4e 3d 00 00 00 00 00 00 00 00 0d 69 cc 3e 45 06 4b be cb a7 90 45 89 61 8d 44 d9 0f 15 46 f0 2e a0 ba 18 6a 2e ba 8b 90 6e 3a 00 81 95 40 10 33 00 00 6a 03 00 00 00 00 00 00 00 00 ff
2026-09-18T14:31:19.1606744Z TX 43 4f 5a 03 52 45 01 0b 00 00 00 00 14 00 a5 bd c1 17 66 56 ac 40 4d 00 00 00 4c 00 00 00 00
2026-09-18T14:31:19.1816311Z RX 43 4f 5a 03 52 45 01 09 00 00 00 00 04 00 0b 11 00 a5 bd c1 17 66 56 ac 40 4d 00 00 00 4c 00 00 00 00 05 5c 00 f0 d5 0c 00 00 00 00 00 00 00 00 00 00 00 00 7a 3d 00 00 00 00 00 00 00 00 46 5d 4f ba 18 ed 4e 3d 00 00 00 00 00 00 00 00 0d 69 cc 3e 45 06 4b be d2 d9 8f 45 bc 01 8d 44 99 87 15 46 e0 51 dd b9 68 05 74 3a ac 10 0f b9 00 e3 95 40 10 33 00 00 6a 03 00 00 00 00 00 00 00 00 ff 05 0a 00 f3 8b 63 6c 11 01 00 00 00 2c
2026-09-18T14:31:19.2080136Z TX 43 4f 5a 03 52 45 01 0b 00 00 00 00 14 00 a6 0a 46 25 35 b5 ac 40 4e 00 00 00 4d 00 00 00 00
2026-09-18T14:31:19.2146849Z RX 43 4f 5a 03 52 45 01 09 00 00 00 00 04 00 05 5c 00 f0 f3 0c 00 00 00 00 00 00 00 00 00 00 00 00 7a 3d 00 00 00 00 00 00 00 00 bc c1 52 ba f6 27 4e 3d 00 00 00 00 00 00 00 00 0d 69 cc 3e 45 06 4b be 66 e3 8f 45 bb 22 8b 44 89 44 15 46 d0 80 9f ba 58 41 73 3a b4 b4 9a ba 00 e3 95 40 10 33 00 00 6a 03 00 00 00 00 00 00 00 00 ff 0b 11 00 a6 0a 46 25 35 b5 ac 40 4e 00 00 00 4d 00 00 00 00
2026-09-18T14:31:19.2476443Z RX 43 4f 5a 03 52 45 01 09 00 00 00 00 04 00 05 5c 00 f0 11 0d 00 00 00 00 00 00 00 00 00 00 00 00 7a 3d 00 00 00 00 00 00 00 00 0b 3f 57 ba 2f 32 4e 3d 00 00 00 00 00 00 00 00 0d 69 cc 3e 45 06 4b be 17 18 90 45 b2 74 8d 44 54 49 15 46 e0 71 c7 39 a0 d6 10 b9 8c e1 cb 39 00 81 95 40 10 33 00 00 6a 03 00 00 00 00 00 00 00 00 ff
2026-09-18T14:31:19.2540945Z TX 43 4f 5a 03 52 45 01 0b 00 00 00 00 14 00 3c 4e d1 91 7c 11 ad 40 4f 00 00 00 4e 00 00 00 00
2026-09-18T14:31:19.2806520Z RX 43 4f 5a 03 52 45 01 09 00 00 00 00 04 00 05 5c 00 f0 2f 0d 00 00 00 00 00 00 00 00 00 00 00 00 7a 3d 00 00 00 00 00 00 00 00 a9 32 58 ba 9e fc 4e 3d 00 00 00 00 00 00 00 00 0d 69 cc 3e 45 06 4b be 0d 8b 90 45 04 9b 8d 44 3e 12 15 46 10 67 33 ba 80 f8 74 ba 57 6b 70 ba 00 e3 95 40 10 33 00 00 6a 03 00 00 00 00 00 00 00 00 ff 0b 11 00 3c 4e d1 91 7c 11 ad 40 4f 00 00 00 4e 00 00 00 00
2026-09-18T14:31:19.3000085Z TX 43 4f 5a 03 52 45 01 0b 00 00 00 00 14 00 bf 7d 1d 38 e7 6c ad 40 50 00 00 00 4f 00 00 00 00
2026-09-18T14:31:19.3137547Z RX 43 4f 5a 03 52 45 01 09 00 00 00 00 04 00 05 5c 00 f0 4d 0d 00 00 00 00 00 00 00 00 00 00 00 00 7a 3d 00 00 00 00 00 00 00 00 06 79 57 ba f6 f7 4e 3d 00 00 00 00 00 00 00 00 0d 69 cc 3e 45 06 4b be 7d 58 8f 45 ef a1 8c 44 2b 36 15 46 00 ae f2 38 08 51 73 3a 87 34 de 3a 00 81 95 40 10 33 00 00 6a 03 00 00 00 00 00 00 00 00 ff 0b 11 00 bf 7d 1d 38 e7 6c ad 40 50 00 00 00 4f 00 00 00 00
2026-09-18T14:31:19.3463219Z TX 43 4f 5a 03 52 45 01 0b 00 00 00 00 14 00 2e 90 a0 f8 d1 c9 ad 40 51 00 00 00 50 00 00 00 00
2026-09-18T14:31:19.3465755Z RX 43 4f 5a 03 52 45 01 09 00 00 00 00 04 00 05 5c 00 f0 6b 0d 00 00 00 00 00 00 00 00 00 00 00 00 7a 3d 00 00 00 00 00 00 00 00 37 fe 4b ba 9c 30 4e 3d 00 00 00 00 00 00 00 00 0d 69 cc 3e 45 06 4b be a6 6b 8f 45 94 cd 8e 44 40 6d 15 46 50 ce 78 ba 60 5e d3 b9 63 cf c9 39 00 81 95 40 10 33 00 00 6a 03 00 00 00 00 00 00 00 00 ff 05 5c 00 f0 89 0d 00 00 00 00 00 00 00 00 00 00 00 00 7a 3d 00 00 00 00 00 00 00 00 63 99 47 ba ee cc 4d 3d 00 00 00 00 00 00 00 00 0d 69 cc 3e 45 06 4b be 31 e8 8f 45 06 59 91 44 90 38 15 46 40 36 d9 b9 70 57 ce 39 3e 75 2d ba 00 81 95 40 10 33 00 00 6a 03 00 00 00 00 00 00 00 00 ff
2026-09-18T14:31:19.3797940Z RX 43 4f 5a 03 52 45 01 09 00 00 00 00 04 00 0b 11 00 2e 90 a0 f8 d1 c9 ad 40 51 00 00 00 50 00 00 00 00 05 5c 00 f0 a7 0d 00 00 00 00 00 00 00 00 00 00 00 00 7a 3d 00 00 00 00 00 00 00 00 bc d6 4f ba 64 e4 4d 3d 00 00 00 00 00 00 00 00 0d 69 cc 3e 45 06 4b be e2 1c 90 45 a8 e7 8d 44 37 1e 15 46 80 1e 1b b9 08 5a 2f ba 01 6b d0 b9 00 81 95 40 10 33 00 00 6a 03 00 00 00 00 00 00 00 00 ff
2026-09-18T14:31:19.3908833Z TX 43 4f 5a 03 52 45 01 0b 00 00 00 00 14 00 2f dd 24 06 01 23 ae 40 52 00 00 00 51 00 00 00 00
2026-09-18T14:31:19.4126254Z RX 43 4f 5a 03 52 45 01 09 00 00 00 00 04 00 0b 11 00 2f dd 24 06 01 23 ae 40 52 00 00 00 51 00 00 00 00 05 5c 00 f0 c5 0d 00 00 00 00 00 00 00 00 00 00 00 00 7a 3d 00 00 00 00 00 00 00 00 93 66 4e ba ea 5f 4d 3d 00 00 00 00 00 00 00 00 0d 69 cc 3e 45 06 4b be 9c de 8f 45 b2 74 8d 44 0b 72 15 46 50 d7 31 ba 98 60 02 3b 12 68 0f b9 00 81 95 40 10 33 00 00 6a 03 00 00 00 00 00 00 00 00 ff
2026-09-18T14:31:19.4368744Z TX 43 4f 5a 03 52 45 01 0b 00 00 00 00 14 00 f2 b0 50 6b fa 7e ae 40 53 00 00 00 52 00 00 00 00
2026-09-18T14:31:19.4457579Z RX 43 4f 5a 03 52 45 01 09 00 00 00 00 04 00 05 5c 00 f0 e3 0d 00 00 00 00 00 00 00 00 00 00 00 00 7a 3d 00 00 00 00 00 00 00 00 e7 f6 4c ba c3 79 4d 3d 00 00 00 00 00 00 00 00 0d 69 cc 3e 45 06 4b be 08 d5 8f 45 62 0c 91 44 9c 20 15 46 e0 04 77 ba f0 e9 d5 b9 25 7a bb 3a 00 81 95 40 10 33 00 00 6a 03 00 00 00 00 00 00 00 00 ff 0b 11 00 f2 b0 50 6b fa 7e ae 40 53 00 00 00 52 00 00 00 00
2026-09-18T14:31:19.4815848Z RX 43 4f 5a 03 52 45 01 09 00 00 00 00 04 00 05 5c 00 f0 01 0e 00 00 00 00 00 00 00 00 00 00 00 00 7a 3d 00 00 00 00 00 00 00 00 1a 42 42 ba 6f 3f 4e 3d 00 00 00 00 00 00 00 00 0d 69 cc 3e 45 06 4b be 27 5b 90 45 22 42 8c 44 f8 95 15 46 48 90 2b 3a 40 b5 9b 3a c3 7f 28 3a 00 81 95 40 10 33 00 00 6a 03 00 00 00 00 00 00 00 00 ff
2026-09-18T14:31:19.4829991Z TX 43 4f 5a 03 52 45 01 0b 00 00 00 00 14 00 7b 83 2f 4c 46 db ae 40 54 00 00 00 53 00 00 00 00
2026-09-18T14:31:19.5117635Z RX 43 4f 5a 03 52 45 01 09 00 00 00 00 04 00 0b 11 00 7b 83 2f 4c 46 db ae 40 54 00 00 00 53 00 00 00 00 05 5c 00 f0 1f 0e 00 00 00 00 00 00 00 00 00 00 00 00 7a 3d 00 00 00 00 00 00 00 00 f9 76 36 ba b2 45 4d 3d 00 00 00 00 00 00 00 00 0d 69 cc 3e 45 06 4b be ec a9 8f 45 e5 14 8d 44 db 6a 15 46 e0 5f d7 b9 c0 21 18 b9 89 af dc 3a 00 81 95 40 10 33 00 00 6a 03 00 00 00 00 00 00 00 00 ff
2026-09-18T14:31:19.5288444Z TX 43 4f 5a 03 52 45 01 0b 00 00 00 00 14 00 d8 f0 f4 4a f9 36 af 40 55 00 00 00 54 00 00 00 00
2026-09-18T14:31:19.5449561Z RX 43 4f 5a 03 52 45 01 09 00 00 00 00 04 00 05 5c 00 f0 3d 0e 00 00 00 00 00 00 00 00 00 00 00 00 7a 3d 00 00 00 00 00 00 00 00 1b cc 2e ba 9c 30 4d 3d 00 00 00 00 00 00 00 00 0d 69 cc 3e 45 06 4b be d2 d9 8f 45 38 1a 8f 44 4d 55 15 46 c0 e6 30 ba 90 77 d7 b9 ee 0c 1b b9 00 81 95 40 10 33 00 00 6a 03 00 00 00 00 00 00 00 00 ff 0b 11 00 d8 f0 f4 4a f9 36 af 40 55 00 00 00 54 00 00 00 00
2026-09-18T14:31:19.5757531Z TX 43 4f 5a 03 52 45 01 0b 00 00 00 00 14 00 c8 98 bb 96 70 94 af 40 56 00 00 00 55 00 00 00 00
2026-09-18T14:31:19.5779835Z RX 43 4f 5a 03 52 45 01 09 00 00 00 00 04 00 05 5c 00 f0 5b 0e 00 00 00 00 00 00 00 00 00 00 00 00 7a 3d 00 00 00 00 00 00 00 00 c8 f8 2b ba 10 d6 4c 3d 00 00 00 00 00 00 00 00 0d 69 cc 3e 45 06 4b be 80 b3 8f 45 37 3b 8d 44 63 8c 15 46 20 cf 9d ba c0 cc ff 38 cf e9 c3 39 00 81 95 40 10 33 00 00 6a 03 00 00 00 00 00 00 00 00 ff 0b 11 00 c8 98 bb 96 70 94 af 40 56 00 00 00 55 00 00 00 00
2026-09-18T14:31:19.6109553Z RX 43 4f 5a 03 52 45 01 09 00 00 00 00 04 00 05 5c 00 f0 79 0e 00 00 00 00 00 00 00 00 00 00 00 00 7a 3d 00 00 00 00 00 00 00 00 ad 5f 30 ba 9c 6e 4c 3d 00 00 00 00 00 00 00 00 0d 69 cc 3e 45 06 4b be 21 a5 8f 45 d1 fa 8d 44 d5 76 15 46 b0 95 2f ba d0 f4 e0 3a f3 15 74 ba 00 81 95 40 10 33 00 00 6a 03 00 00 00 00 00 00 00 00 ff
2026-09-18T14:31:19.6215752Z TX 43 4f 5a 03 52 45 01 0b 00 00 00 00 14 00 78 0b 24 28 3e f0 af 40 57 00 00 00 56 00 00 00 00
2026-09-18T14:31:19.6438685Z RX 43 4f 5a 03 52 45 01 09 00 00 00 00 04 00 05 5c 00 f0 97 0e 00 00 00 00 00 00 00 00 00 00 00 00 7a 3d 00 00 00 00 00 00 00 00 01 50 38 ba cc 96 4c 3d 00 00 00 00 00 00 00 00 0d 69 cc 3e 45 06 4b be 5c 56 90 45 b3 53 8f 44 47 61 15 46 c0 ba 07 39 80 65 1b b9 07 ec 9b ba 00 81 95 40 10 33 00 00 6a 03 00 00 00 00 00 00 00 00 ff 0b 11 00 78 0b 24 28 3e f0 af 40 57 00 00 00 56 00 00 00 00 05 5c 00 f0 b5 0e 00 00 00 00 00 00 00 00 00 00 00 00 7a 3d 00 00 00 00 00 00 00 00 40 2b 39 ba 33 85 4c 3d 00 00 00 00 00 00 00 00 0d 69 cc 3e 45 06 4b be 24 00 90 45 d0 1b 8c 44 83 50 15 46 10 0f c0 ba b0 15 2a 3a a2 39 17 b9 00 81 95 40 10 33 00 00 6a 03 00 00 00 00 00 00 00 00 ff
2026-09-18T14:31:19.6678006Z TX 43 4f 5a 03 52 45 01 0b 00 00 00 00 14 00 de 02 09 8a 6f 26 b0 40 58 00 00 00 57 00 00 00 00
2026-09-18T14:31:19.6771663Z RX 43 4f 5a 03 52 45 01 09 00 00 00 00 04 00 0b 11 00 de 02 09 8a 6f 26 b0 40 58 00 00 00 57 00 00 00 00 05 5c 00 f0 d3 0e 00 00 00 00 00 00 00 00 00 00 00 00 7a 3d 00 00 00 00 00 00 00 00 13 41 3c ba 81 8c 4c 3d 00 00 00 00 00 00 00 00 0d 69 cc 3e 45 06 4b be ec a9 8f 45 f9 2e 8c 44 ee 46 15 46 20 7a 73 ba 98 13 6f 3a 78 be f7 38 00 81 95 40 10 33 00 00 6a 03 00 00 00 00 00 00 00 00 ff
2026-09-18T14:31:19.7099250Z RX 43 4f 5a 03 52 45 01 09 00 00 00 00 04 00 05 5c 00 f0 f1 0e 00 00 00 00 00 00 00 00 00 00 00 00 7a 3d 00 00 00 00 00 00 00 00 47 5c 3c ba 20 34 4c 3d 00 00 00 00 00 00 00 00 0d 69 cc 3e 45 06 4b be ac 21 90 45 da a8 8b 44 02 23 15 46 30 ec 72 ba 80 a6 28 3a 91 d4 f7 38 00 81 95 40 10 33 00 00 6a 03 00 00 00 00 00 00 00 00 ff
2026-09-18T14:31:19.7147296Z TX 43 4f 5a 03 52 45 01 0b 00 00 00 00 14 00 f1 f4 4a 59 16 55 b0 40 59 00 00 00 58 00 00 00 00
2026-09-18T14:31:19.7426104Z RX 43 4f 5a 03 52 45 01 09 00 00 00 00 04 00 0b 11 00 f1 f4 4a 59 16 55 b0 40 59 00 00 00 58 00 00 00 00 05 5c 00 f0 0f 0f 00 00 00 00 00 00 00 00 00 00 00 00 7a 3d 00 00 00 00 00 00 00 00 a9 c0 38 ba 9a 1d 4c 3d 00 00 00 00 00 00 00 00 0d 69 cc 3e 45 06 4b be 14 bd 8f 45 bc 01 8d 44 18 5a 15 46 c0 b1 2c ba f8 3f 28 3a 7b 4d 98 3a 00 81 95 40 10 33 00 00 6a 03 00 00 00 00 00 00 00 00 ff
2026-09-18T14:31:19.7615519Z TX 43 4f 5a 03 52 45 01 0b 00 00 00 00 14 00 95 65 88 63 1d 84 b0 40 5a 00 00 00 59 00 00 00 00
2026-09-18T14:31:19.7766912Z RX 43 4f 5a 03 52 45 01 09 00 00 00 00 04 00 05 5c 00 f0 2d 0f 00 00 00 00 00 00 00 00 00 00 00 00 7a 3d 00 00 00 00 00 00 00 00 7a 88 28 ba ab f3 4b 3d 00 00 00 00 00 00 00 00 0d 69 cc 3e 45 06 4b be 70 70 8f 45 19 94 8e 44 db 6a 15 46 00 8a 71 ba 78 55 bc 3a 41 4a fe 3a 00 e3 95 40 10 33 00 00 6a 03 00 00 00 00 00 00 00 00 ff 0b 11 00 95 65 88 63 1d 84 b0 40 5a 00 00 00 59 00 00 00 00
2026-09-18T14:31:19.8077162Z TX 43 4f 5a 03 52 45 01 0b 00 00 00 00 14 00 83 c0 ca a1 55 b2 b0 40 5b 00 00 00 5a 00 00 00 00
2026-09-18T14:31:19.8085738Z RX 43 4f 5a 03 52 45 01 09 00 00 00 00 04 00 05 5c 00 f0 4b 0f 00 00 00 00 00 00 00 00 00 00 00 00 7a 3d 00 00 00 00 00 00 00 00 cc 81 23 ba 2c 5b 4c 3d 00 00 00 00 00 00 00 00 0d 69 cc 3e 45 06 4b be be bf 90 45 a8 e7 8d 44 89 44 15 46 a0 b2 2b ba b0 39 7b ba 16 94 d8 b9 00 e3 95 40 10 33 00 00 6a 03 00 00 00 00 00 00 00 00 ff
2026-09-18T14:31:19.8416554Z RX 43 4f 5a 03 52 45 01 09 00 00 00 00 04 00 0b 11 00 83 c0 ca a1 55 b2 b0 40 5b 00 00 00 5a 00 00 00 00 05 5c 00 f0 69 0f 00 00 00 00 00 00 00 00 00 00 00 00 7a 3d 00 00 00 00 00 00 00 00 a6 a0 29 ba 25 d5 4c 3d 00 00 00 00 00 00 00 00 0d 69 cc 3e 45 06 4b be ac 21 90 45 c7 6d 8e 44 11 66 15 46 e0 0e 9b ba 30 bd c3 39 42 73 d7 b9 00 81 95 40 10 33 00 00 6a 03 00 00 00 00 00 00 00 00 ff
2026-09-18T14:31:19.8547168Z TX 43 4f 5a 03 52 45 01 0b 00 00 00 00 14 00 6c 09 f9 a0 57 e1 b0 40 5c 00 00 00 5b 00 00 00 00
2026-09-18T14:31:19.8746279Z RX 43 4f 5a 03 52 45 01 09 00 00 00 00 04 00 05 5c 00 f0 87 0f 00 00 00 00 00 00 00 00 00 00 00 00 7a 3d 00 00 00 00 00 00 00 00 04 a5 2b ba 1a fd 4c 3d 00 00 00 00 00 00 00 00 0d 69 cc 3e 45 06 4b be d2 d9 8f 45 56 c1 8d 44 63 8c 15 46 80 cf c8 b9 20 84 27 b9 4f 86 eb 38 00 81 95 40 10 33 00 00 6a 03 00 00 00 00 00 00 00 00 ff 0b 11 00 6c 09 f9 a0 57 e1 b0 40 5c 00 00 00 5b 00 00 00 00
2026-09-18T14:31:19.9012360Z TX 43 4f 5a 03 52 45 01 0b 00 00 00 00 14 00 74 46 94 f6 d6 0f b1 40 5d 00 00 00 5c 00 00 00 00
2026-09-18T14:31:19.9076251Z RX 43 4f 5a 03 52 45 01 09 00 00 00 00 04 00 05 5c 00 f0 a5 0f 00 00 00 00 00 00 00 00 00 00 00 00 7a 3d 00 00 00 00 00 00 00 00 54 58 27 ba 39 44 4d 3d 00 00 00 00 00 00 00 00 0d 69 cc 3e 45 06 4b be 17 18 90 45 f0 80 8e 44 83 50 15 46 20 9b 29 ba e0 a7 27 3a 20 06 26 3a 00 e3 95 40 10 33 00 00 6a 03 00 00 00 00 00 00 00 00 ff 0b 11 00 74 46 94 f6 d6 0f b1 40 5d 00 00 00 5c 00 00 00 00
2026-09-18T14:31:19.9406887Z RX 43 4f 5a 03 52 45 01 09 00 00 00 00 04 00 05 5c 00 f0 c3 0f 00 00 00 00 00 00 00 00 00 00 00 00 7a 3d 00 00 00 00 00 00 00 00 86 9d 20 ba 55 28 4d 3d 00 00 00 00 00 00 00 00 0d 69 cc 3e 45 06 4b be 69 3e 90 45 57 a0 8f 44 89 44 15 46 70 52 29 ba 10 2c 99 3a 67 ae db 3a 00 e3 95 40 10 33 00 00 6a 03 00 00 00 00 00 00 00 00 ff 05 5c 00 f0 e1 0f 00 00 00 00 00 00 00 00 00 00 00 00 7a 3d 00 00 00 00 00 00 00 00 c7 20 1a ba 96 7b 4d 3d 00 00 00 00 00 00 00 00 0d 69 cc 3e 45 06 4b be 0a 30 90 45 04 9b 8d 44 0e 0b 15 46 40 91 20 39 30 26 c1 39 4c a4 31 ba 00 e3 95 40 10 33 00 00 6a 03 00 00 00 00 00 00 00 00 ff
2026-09-18T14:31:19.9485649Z TX 43 4f 5a 03 52 45 01 0b 00 00 00 00 14 00 a3 01 bc 05 32 3f b1 40 5e 00 00 00 5d 00 00 00 00
2026-09-18T14:31:19.9736467Z RX 43 4f 5a 03 52 45 01 09 00 00 00 00 04 00 0b 11 00 a3 01 bc 05 32 3f b1 40 5e 00 00 00 5d 00 00 00 00 05 5c 00 f0 ff 0f 00 00 00 00 00 00 00 00 00 00 00 00 7a 3d 00 00 00 00 00 00 00 00 6b 29 1f ba cd b4 4d 3d 00 00 00 00 00 00 00 00 0d 69 cc 3e 45 06 4b be ac 21 90 45 4c 34 8e 44 89 44 15 46 00 f3 ec b8 40 e1 d4 38 39 60 d9 b9 00 81 95 40 10 33 00 00 6a 03 00 00 00 00 00 00 00 00 ff
2026-09-18T14:31:19.9962182Z TX 43 4f 5a 03 52 45 01 0b 00 00 00 00 14 00 28 7e 8c b9 db 6e b1 40 5f 00 00 00 5e 00 00 00 00
2026-09-18T14:31:20.0067943Z RX 43 4f 5a 03 52 45 01 09 00 00 00 00 04 00 0b 11 00 28 7e 8c b9 db 6e b1 40 5f 00 00 00 5e 00 00 00 00 05 5c 00 f0 1d 10 00 00 00 00 00 00 00 00 00 00 00 00 7a 3d 00 00 00 00 00 00 00 00 d8 d6 20 ba 22 4c 4d 3d 00 00 00 00 00 00 00 00 0d 69 cc 3e 45 06 4b be 92 51 90 45 05 7a 8f 44 2d 91 15 46 50 38 9a ba cc 2f de 3a 64 2c 20 b9 00 81 95 40 10 33 00 00 6a 03 00 00 00 00 00 00 00 00 ff
2026-09-18T14:31:20.0396785Z RX 43 4f 5a 03 52 45 01 09 00 00 00 00 04 00 05 5c 00 f0 3b 10 00 00 00 00 00 00 00 00 00 00 00 00 7a 3d 00 00 00 00 00 00 00 00 83 a7 20 ba 18 2c 4d 3d 00 00 00 00 00 00 00 00 0d 69 cc 3e 45 06 4b be e2 1c 90 45 60 4e 8d 44 a3 14 15 46 a0 30 c5 b9 a0 76 32 b9 bf 31 97 3a 00 e3 95 40 10 33 00 00 6a 03 00 00 00 00 00 00 00 00 ff
2026-09-18T14:31:20.0436505Z TX 43 4f 5a 03 52 45 01 0b 00 00 00 00 14 00 d5 78 e9 26 41 9e b1 40 60 00 00 00 5f 00 00 00 00
2026-09-18T14:31:20.0726796Z RX 43 4f 5a 03 52 45 01 09 00 00 00 00 04 00 0b 11 00 d5 78 e9 26 41 9e b1 40 60 00 00 00 5f 00 00 00 00 05 5c 00 f0 59 10 00 00 00 00 00 00 00 00 00 00 00 00 7a 3d 00 00 00 00 00 00 00 00 86 31 17 ba d6 38 4d 3d 00 00 00 00 00 00 00 00 0d 69 cc 3e 45 06 4b be 31 e8 8f 45 d1 fa 8d 44 a6 6f 15 46 20 99 c4 b9 a0 82 31 b9 b9 89 24 3a 00 81 95 40 10 33 00 00 6a 03 00 00 00 00 00 00 00 00 ff
2026-09-18T14:31:20.0915781Z TX 43 4f 5a 03 52 45 01 0b 00 00 00 00 14 00 3a 23 4a 7b 33 ce b1 40 61 00 00 00 60 00 00 00 00
2026-09-18T14:31:20.1056543Z RX 43 4f 5a 03 52 45 01 09 00 00 00 00 04 00 05 5c 00 f0 77 10 00 00 00 00 00 00 00 00 00 00 00 00 7a 3d 00 00 00 00 00 00 00 00 78 54 13 ba 16 d7 4c 3d 00 00 00 00 00 00 00 00 0d 69 cc 3e 45 06 4b be 14 bd 8f 45 19 94 8e 44 2d 91 15 46 18 4d bc ba a0 8f be 39 62 8d db b9 00 81 95 40 10 33 00 00 6a 03 00 00 00 00 00 00 00 00 ff 0b 11 00 3a 23 4a 7b 33 ce b1 40 61 00 00 00 60 00 00 00 00
2026-09-18T14:31:20.1383996Z TX 43 4f 5a 03 52 45 01 0b 00 00 00 00 14 00 0e be 30 99 0a fd b1 40 62 00 00 00 61 00 00 00 00
2026-09-18T14:31:20.1386170Z RX 43 4f 5a 03 52 45 01 09 00 00 00 00 04 00 05 5c 00 f0 95 10 00 00 00 00 00 00 00 00 00 00 00 00 7a 3d 00 00 00 00 00 00 00 00 09 12 12 ba cc f0 4c 3d 00 00 00 00 00 00 00 00 0d 69 cc 3e 45 06 4b be 05 7a 8f 45 56 c1 8d 44 e2 5e 15 46 f0 fb 6b ba 50 b6 bd 39 6d 8e 68 3a 00 81 95 40 10 33 00 00 6a 03 00 00 00 00 00 00 00 00 ff
2026-09-18T14:31:20.1717012Z RX 43 4f 5a 03 52 45 01 09 00 00 00 00 04 00 0b 11 00 0e be 30 99 0a fd b1 40 62 00 00 00 61 00 00 00 00 05 5c 00 f0 b3 10 00 00 00 00 00 00 00 00 00 00 00 00 7a 3d 00 00 00 00 00 00 00 00 e2 ad 12 ba 35 66 4c 3d 00 00 00 00 00 00 00 00 0d 69 cc 3e 45 06 4b be 69 3e 90 45 23 21 8e 44 34 85 15 46 d0 2b 7c 3a 00 e5 c6 38 a4 d0 76 ba 00 81 95 40 10 33 00 00 6a 03 00 00 00 00 00 00 00 00 ff
2026-09-18T14:31:20.1854063Z TX 43 4f 5a 03 52 45 01 0b 00 00 00 00 14 00 f7 e4 61 a1 06 2c b2 40 63 00 00 00 62 00 00 00 00
2026-09-18T14:31:20.2058920Z RX 43 4f 5a 03 52 45 01 09 00 00 00 00 04 00 05 0a 00 f3 ec 8e 1a 24 02 00 00 00 4a 05 5c 00 f0 d1 10 00 00 00 00 00 00 00 00 00 00 00 00 7a 3d 00 00 00 00 00 00 00 00 96 22 15 ba 71 c5 4c 3d 00 00 00 00 00 00 00 00 0d 69 cc 3e 45 06 4b be fe 47 90 45 23 21 8e 44 60 31 15 46 60 ec c1 b9 e0 d4 97 3a 47 19 32 ba 00 81 95 40 10 33 00 00 6a 03 00 00 00 00 00 00 00 00 ff 0b 11 00 f7 e4 61 a1 06 2c b2 40 63 00 00 00 62 00 00 00 00
2026-09-18T14:31:20.2315145Z TX 43 4f 5a 03 52 45 01 0b 00 00 00 00 14 00 39 d6 c5 6d 24 5a b2 40 64 00 00 00 63 00 00 00 00
2026-09-18T14:31:20.2379092Z RX 43 4f 5a 03 52 45 01 09 00 00 00 00 04 00 05 5c 00 f0 ef 10 00 00 00 00 00 00 00 00 00 00 00 00 7a 3d 00 00 00 00 00 00 00 00 28 ab 1b ba 10 d5 4c 3d 00 00 00 00 00 00 00 00 0d 69 cc 3e 45 06 4b be 0a 30 90 45 4a 76 8a 44 b9 4b 15 46 28 b1 98 ba c0 5a 36 b9 fe 11 22 b9 00 81 95 40 10 33 00 00 6a 03 00 00 00 00 00 00 00 00 ff 0b 11 00 39 d6 c5 6d 24 5a b2 40 64 00 00 00 63 00 00 00 00
2026-09-18T14:31:20.2713005Z RX 43 4f 5a 03 52 45 01 09 00 00 00 00 04 00 05 5c 00 f0 0d 11 00 00 00 00 00 00 00 00 00 00 00 00 7a 3d 00 00 00 00 00 00 00 00 23 f0 17 ba 0d 52 4d 3d 00 00 00 00 00 00 00 00 0d 69 cc 3e 45 06 4b be d8 8f 90 45 bc 01 8d 44 67 25 15 46 00 9a 2e 39 60 57 35 b9 f3 18 69 3a 00 81 95 40 10 33 00 00 6a 03 00 00 00 00 00 00 00 00 ff 05 5c 00 f0 2b 11 00 00 00 00 00 00 00 00 00 00 00 00 7a 3d 00 00 00 00 00 00 00 00 f4 5b 10 ba cc 2d 4d 3d 00 00 00 00 00 00 00 00 0d 69 cc 3e 45 06 4b be fb ec 8f 45 22 42 8c 44 db 6a 15 46 80 f8 e1 39 c0 f8 c2 38 0c 71 d7 38 00 81 95 40 10 33 00 00 6a 03 00 00 00 00 00 00 00 00 ff
2026-09-18T14:31:20.2787798Z TX 43 4f 5a 03 52 45 01 0b 00 00 00 00 14 00 34 a2 b4 37 48 89 b2 40 65 00 00 00 64 00 00 00 00
2026-09-18T14:31:20.3037895Z RX 43 4f 5a 03 52 45 01 09 00 00 00 00 04 00 0b 11 00 34 a2 b4 37 48 89 b2 40 65 00 00 00 64 00 00 00 00 05 5c 00 f0 49 11 00 00 00 00 00 00 00 00 00 00 00 00 7a 3d 00 00 00 00 00 00 00 00 be 23 0c ba bc 38 4d 3d 00 00 00 00 00 00 00 00 0d 69 cc 3e 45 06 4b be f8 91 8f 45 4b 55 8c 44 0e 0b 15 46 d0 cf 25 ba 78 28 dd 3a 9d 02 68 3a 00 81 95 40 10 33 00 00 6a 03 00 00 00 00 00 00 00 00 ff
2026-09-18T14:31:20.3257659Z TX 43 4f 5a 03 52 45 01 0b 00 00 00 00 14 00 34 a2 b4 37 68 b8 b2 40 66 00 00 00 65 00 00 00 00
2026-09-18T14:31:20.3371292Z RX 43 4f 5a 03 52 45 01 09 00 00 00 00 04 00 0b 11 00 34 a2 b4 37 68 b8 b2 40 66 00 00 00 65 00 00 00 00 05 5c 00 f0 67 11 00 00 00 00 00 00 00 00 00 00 00 00 7a 3d 00 00 00 00 00 00 00 00 45 6c 09 ba 6e 2d 4d 3d 00 00 00 00 00 00 00 00 0d 69 cc 3e 45 06 4b be 40 2b 90 45 0e 28 8d 44 67 25 15 46 00 36 bf b9 c0 3b b7 38 f2 ca 28 b9 00 81 95 40 10 33 00 00 6a 03 00 00 00 00 00 00 00 00 ff
2026-09-18T14:31:20.3701677Z RX 43 4f 5a 03 52 45 01 09 00 00 00 00 04 00 05 5c 00 f0 85 11 00 00 00 00 00 00 00 00 00 00 00 00 7a 3d 00 00 00 00 00 00 00 00 52 0d 0a ba fc 72 4d 3d 00 00 00 00 00 00 00 00 0d 69 cc 3e 45 06 4b be 46 e1 90 45 b4 32 91 44 c2 9a 15 46 80 c6 d0 b8 d0 f3 b8 39 d4 cc d2 38 00 e3 95 40 10 33 00 00 6a 03 00 00 00 00 00 00 00 00 ff
2026-09-18T14:31:20.3725827Z TX 43 4f 5a 03 52 45 01 0b 00 00 00 00 14 00 4d 84 0d 4f ff e6 b2 40 67 00 00 00 66 00 00 00 00
2026-09-18T14:31:20.4033223Z RX 43 4f 5a 03 52 45 01 09 00 00 00 00 04 00 0b 11 00 4d 84 0d 4f ff e6 b2 40 67 00 00 00 66 00 00 00 00 05 5c 00 f0 a3 11 00 00 00 00 00 00 00 00 00 00 00 00 7a 3d 00 00 00 00 00 00 00 00 d4 ef 09 ba 04 7d 4d 3d 00 00 00 00 00 00 00 00 0d 69 cc 3e 45 06 4b be 76 26 90 45 04 9b 8d 44 c6 33 15 46 88 41 98 ba 40 d0 b7 38 ef ce 67 3a 00 e3 95 40 10 33 00 00 6a 03 00 00 00 00 00 00 00 00 ff
2026-09-18T14:31:20.4194728Z TX 43 4f 5a 03 52 45 01 0b 00 00 00 00 14 00 dd 24 06 81 15 16 b3 40 68 00 00 00 67 00 00 00 00
2026-09-18T14:31:20.4359628Z RX 43 4f 5a 03 52 45 01 09 00 00 00 00 04 00 05 5c 00 f0 c1 11 00 00 00 00 00 00 00 00 00 00 00 00 7a 3d 00 00 00 00 00 00 00 00 6f c5 02 ba 26 f1 4d 3d 00 00 00 00 00 00 00 00 0d 69 cc 3e 45 06 4b be d8 8f 90 45 18 b5 8c 44 90 38 15 46 00 39 34 39 5c 17 ff 3a 02 6f cd 38 00 81 95 40 10 33 00 00 6a 03 00 00 00 00 00 00 00 00 ff 0b 11 00 dd 24 06 81 15 16 b3 40 68 00 00 00 67 00 00 00 00
2026-09-18T14:31:20.4672141Z TX 43 4f 5a 03 52 45 01 0b 00 00 00 00 14 00 02 2b 87 16 d9 45 b3 40 69 00 00 00 68 00 00 00 00
2026-09-18T14:31:20.4687521Z RX 43 4f 5a 03 52 45 01 09 00 00 00 00 04 00 05 5c 00 f0 df 11 00 00 00 00 00 00 00 00 00 00 00 00 7a 3d 00 00 00 00 00 00 00 00 13 89 04 ba 67 d9 4d 3d 00 00 00 00 00 00 00 00 0d 69 cc 3e 45 06 4b be 5c 56 90 45 c7 6d 8e 44 bc a6 15 46 a8 a2 ba ba 50 8d b5 39 5d be ce 38 00 81 95 40 10 33 00 00 6a 03 00 00 00 00 00 00 00 00 ff 0b 11 00 02 2b 87 16 d9 45 b3 40 69 00 00 00 68 00 00 00 00
2026-09-18T14:31:20.5040690Z RX 43 4f 5a 03 52 45 01 09 00 00 00 00 04 00 05 5c 00 f0 fd 11 00 00 00 00 00 00 00 00 00 00 00 00 7a 3d 00 00 00 00 00 00 00 00 53 cf 04 ba 0b 19 4d 3d 00 00 00 00 00 00 00 00 0d 69 cc 3e 45 06 4b be a6 6b 8f 45 41 c8 8c 44 18 5a 15 46 00 99 37 39 1c e3 95 3a 1e 38 de b9 00 81 95 40 10 33 00 00 6a 03 00 00 00 00 00 00 00 00 ff
2026-09-18T14:31:20.5138028Z TX 43 4f 5a 03 52 45 01 0b 00 00 00 00 14 00 74 46 94 f6 76 74 b3 40 6a 00 00 00 69 00 00 00 00
2026-09-18T14:31:20.5367445Z RX 43 4f 5a 03 52 45 01 09 00 00 00 00 04 00 05 5c 00 f0 1b 12 00 00 00 00 00 00 00 00 00 00 00 00 7a 3d 00 00 00 00 00 00 00 00 f2 9f 00 ba a4 81 4c 3d 00 00 00 00 00 00 00 00 0d 69 cc 3e 45 06 4b be 90 f6 8f 45 22 42 8c 44 b2 57 15 46 b0 de 68 ba 80 86 1f 3a 56 df cb 38 00 81 95 40 10 33 00 00 6a 03 00 00 00 00 00 00 00 00 ff 0b 11 00 74 46 94 f6 76 74 b3 40 6a 00 00 00 69 00 00 00 00
2026-09-18T14:31:20.5613270Z TX 43 4f 5a 03 52 45 01 0b 00 00 00 00 14 00 1f f4 6c 56 dd a3 b3 40 6b 00 00 00 6a 00 00 00 00
2026-09-18T14:31:20.5678546Z RX 43 4f 5a 03 52 45 01 09 00 00 00 00 04 00 05 5c 00 f0 39 12 00 00 00 00 00 00 00 00 00 00 00 00 7a 3d 00 00 00 00 00 00 00 00 e8 47 01 ba db ba 4c 3d 00 00 00 00 00 00 00 00 0d 69 cc 3e 45 06 4b be 95 ac 90 45 06 59 91 44 a3 14 15 46 d0 b4 22 ba a0 92 3d ba be 11 bc 39 00 81 95 40 10 33 00 00 6a 03 00 00 00 00 00 00 00 00 ff 0b 11 00 1f f4 6c 56 dd a3 b3 40 6b 00 00 00 6a 00 00 00 00 05 5c 00 f0 57 12 00 00 00 00 00 00 00 00 00 00 00 00 7a 3d 00 00 00 00 00 00 00 00 8a b1 ff b9 be 85 4d 3d 00 00 00 00 00 00 00 00 0d 69 cc 3e 45 06 4b be f8 91 8f 45 0e 28 8d 44 5d 98 15 46 80 75 b9 b9 40 b8 65 3a f5 21 df b9 00 81 95 40 10 33 00 00 6a 03 00 00 00 00 00 00 00 00 ff
2026-09-18T14:31:20.6008369Z RX 43 4f 5a 03 52 45 01 09 00 00 00 00 04 00 05 5c 00 f0 75 12 00 00 00 00 00 00 00 00 00 00 00 00 7a 3d 00 00 00 00 00 00 00 00 ad 3e 01 ba 05 34 4c 3d 00 00 00 00 00 00 00 00 0d 69 cc 3e 45 06 4b be e2 1c 90 45 bc 01 8d 44 af be 15 46 10 f4 21 ba ec 2f fd 3a cd 02 67 3a 00 81 95 40 10 33 00 00 6a 03 00 00 00 00 00 00 00 00 ff
2026-09-18T14:31:20.6087068Z TX 43 4f 5a 03 52 45 01 0b 00 00 00 00 14 00 43 ad 69 de 41 d3 b3 40 6c 00 00 00 6b 00 00 00 00
2026-09-18T14:31:20.6343841Z RX 43 4f 5a 03 52 45 01 09 00 00 00 00 04 00 0b 11 00 43 ad 69 de 41 d3 b3 40 6c 00 00 00 6b 00 00 00 00 05 5c 00 f0 93 12 00 00 00 00 00 00 00 00 00 00 00 00 7a 3d 00 00 00 00 00 00 00 00 03 aa f8 b9 2e aa 4c 3d 00 00 00 00 00 00 00 00 0d 69 cc 3e 45 06 4b be d5 34 90 45 19 94 8e 44 7d 5c 15 46 80 aa b0 b8 10 c8 3e ba a4 b7 c8 38 00 81 95 40 10 33 00 00 6a 03 00 00 00 00 00 00 00 00 ff
2026-09-18T14:31:20.6556544Z TX 43 4f 5a 03 52 45 01 0b 00 00 00 00 14 00 71 ac 8b db 48 02 b4 40 6d 00 00 00 6c 00 00 00 00
2026-09-18T14:31:20.6669128Z RX 43 4f 5a 03 52 45 01 09 00 00 00 00 04 00 05 5c 00 f0 b1 12 00 00 00 00 00 00 00 00 00 00 00 00 7a 3d 00 00 00 00 00 00 00 00 cc c5 f7 b9 8e 5e 4c 3d 00 00 00 00 00 00 00 00 0d 69 cc 3e 45 06 4b be d2 d9 8f 45 7f d4 8d 44 1e 4e 15 46 20 67 21 ba 18 69 94 3a 50 07 22 3a 00 81 95 40 10 33 00 00 6a 03 00 00 00 00 00 00 00 00 ff 0b 11 00 71 ac 8b db 48 02 b4 40 6d 00 00 00 6c 00 00 00 00
2026-09-18T14:31:20.7003304Z RX 43 4f 5a 03 52 45 01 09 00 00 00 00 04 00 05 5c 00 f0 cf 12 00 00 00 00 00 00 00 00 00 00 00 00 7a 3d 00 00 00 00 00 00 00 00 4a f3 f0 b9 5d 73 4c 3d 00 00 00 00 00 00 00 00 0d 69 cc 3e 45 06 4b be 17 18 90 45 36 5c 8b 44 a6 6f 15 46 e0 35 b6 b9 10 e7 d9 3a f9 7c e0 b9 00 e3 95 40 10 33 00 00 6a 03 00 00 00 00 00 00 00 00 ff
2026-09-18T14:31:20.7030055Z TX 43 4f 5a 03 52 45 01 0b 00 00 00 00 14 00 da 1b 7c 61 92 31 b4 40 6e 00 00 00 6d 00 00 00 00
2026-09-18T14:31:20.7331732Z RX 43 4f 5a 03 52 45 01 09 00 00 00 00 04 00 0b 11 00 da 1b 7c 61 92 31 b4 40 6e 00 00 00 6d 00 00 00 00 05 5c 00 f0 ed 12 00 00 00 00 00 00 00 00 00 00 00 00 7a 3d 00 00 00 00 00 00 00 00 e0 81 f7 b9 fb 75 4c 3d 00 00 00 00 00 00 00 00 0d 69 cc 3e 45 06 4b be 79 81 90 45 61 2d 8f 44 0e 0b 15 46 80 f0 65 ba 30 16 a6 ba 3f 0e bb 39 00 e3 95 40 10 33 00 00 6a 03 00 00 00 00 00 00 00 00 ff
2026-09-18T14:31:20.7493591Z TX 43 4f 5a 03 52 45 01 0b 00 00 00 00 14 00 04 56 0e 2d f2 5f b4 40 6f 00 00 00 6e 00 00 00 00
2026-09-18T14:31:20.7669149Z RX 43 4f 5a 03 52 45 01 09 00 00 00 00 04 00 05 5c 00 f0 0b 13 00 00 00 00 00 00 00 00 00 00 00 00 7a 3d 00 00 00 00 00 00 00 00 68 4f e3 b9 6d 07 4d 3d 00 00 00 00 00 00 00 00 0d 69 cc 3e 45 06 4b be 70 70 8f 45 75 47 8e 44 47 61 15 46 b8 7c 3c 3a c0 89 62 3a 9b 01 0f 3b 00 81 95 40 10 33 00 00 6a 03 00 00 00 00 00 00 00 00 ff 0b 11 00 04 56 0e 2d f2 5f b4 40 6f 00 00 00 6e 00 00 00 00
2026-09-18T14:31:20.7948477Z TX 43 4f 5a 03 52 45 01 0b 00 00 00 00 14 00 97 ff 90 7e 7b 8d b4 40 70 00 00 00 6f 00 00 00 00
2026-09-18T14:31:20.7988328Z RX 43 4f 5a 03 52 45 01 09 00 00 00 00 04 00 05 5c 00 f0 29 13 00 00 00 00 00 00 00 00 00 00 00 00 7a 3d 00 00 00 00 00 00 00 00 52 f7 cc b9 e9 20 4c 3d 00 00 00 00 00 00 00 00 0d 69 cc 3e 45 06 4b be 14 bd 8f 45 7e f5 8b 44 70 74 15 46 30 24 20 ba 40 53 83 38 d4 63 36 ba 00 e3 95 40 10 33 00 00 6a 03 00 00 00 00 00 00 00 00 ff 0b 11 00 97 ff 90 7e 7b 8d b4 40 70 00 00 00 6f 00 00 00 00
2026-09-18T14:31:20.8317723Z RX 43 4f 5a 03 52 45 01 09 00 00 00 00 04 00 05 5c 00 f0 47 13 00 00 00 00 00 00 00 00 00 00 00 00 7a 3d 00 00 00 00 00 00 00 00 a7 c4 de b9 6f af 4b 3d 00 00 00 00 00 00 00 00 0d 69 cc 3e 45 06 4b be 8d 9b 8f 45 94 cd 8e 44 b2 57 15 46 68 08 a4 3a c0 ee 55 b9 00 29 e2 b9 00 81 95 40 10 33 00 00 6a 03 00 00 00 00 00 00 00 00 ff
2026-09-18T14:31:20.8430754Z TX 43 4f 5a 03 52 45 01 0b 00 00 00 00 14 00 8c db 68 00 9f bd b4 40 71 00 00 00 70 00 00 00 00
2026-09-18T14:31:20.8649949Z RX 43 4f 5a 03 52 45 01 09 00 00 00 00 04 00 05 5c 00 f0 65 13 00 00 00 00 00 00 00 00 00 00 00 00 7a 3d 00 00 00 00 00 00 00 00 18 ab e1 b9 d2 fd 4b 3d 00 00 00 00 00 00 00 00 0d 69 cc 3e 45 06 4b be 36 9e 90 45 80 b3 8f 44 7d 5c 15 46 c0 62 41 39 50 f6 ac 39 8e 6f 35 ba 00 e3 95 40 10 33 00 00 6a 03 00 00 00 00 00 00 00 00 ff 0b 11 00 8c db 68 00 9f bd b4 40 71 00 00 00 70 00 00 00 00
2026-09-18T14:31:20.8898176Z TX 43 4f 5a 03 52 45 01 0b 00 00 00 00 14 00 bd 52 96 21 5e ec b4 40 72 00 00 00 71 00 00 00 00
2026-09-18T14:31:20.8981148Z RX 43 4f 5a 03 52 45 01 09 00 00 00 00 04 00 05 5c 00 f0 83 13 00 00 00 00 00 00 00 00 00 00 00 00 7a 3d 00 00 00 00 00 00 00 00 ea 02 e9 b9 01 be 4b 3d 00 00 00 00 00 00 00 00 0d 69 cc 3e 45 06 4b be b3 53 8f 45 2c cf 8b 44 fe 89 15 46 10 d3 20 ba f4 53 93 3a 6b 78 30 b9 00 81 95 40 10 33 00 00 6a 03 00 00 00 00 00 00 00 00 ff 0b 11 00 bd 52 96 21 5e ec b4 40 72 00 00 00 71 00 00 00 00 05 5c 00 f0 a1 13 00 00 00 00 00 00 00 00 00 00 00 00 7a 3d 00 00 00 00 00 00 00 00 3e d5 f2 b9 b8 69 4b 3d 00 00 00 00 00 00 00 00 0d 69 cc 3e 45 06 4b be 9f 39 90 45 56 c1 8d 44 54 49 15 46 70 6c 20 ba 78 b5 1a 3a d6 a4 34 ba 00 81 95 40 10 33 00 00 6a 03 00 00 00 00 00 00 00 00 ff
2026-09-18T14:31:20.9307933Z RX 43 4f 5a 03 52 45 01 09 00 00 00 00 04 00 05 5c 00 f0 bf 13 00 00 00 00 00 00 00 00 00 00 00 00 7a 3d 00 00 00 00 00 00 00 00 74 19 e3 b9 7d b4 4b 3d 00 00 00 00 00 00 00 00 0d 69 cc 3e 45 06 4b be 36 9e 90 45 41 c8 8c 44 6a 80 15 46 00 9b b4 b9 60 fb 5a b9 8f 07 95 3a 00 81 95 40 10 33 00 00 6a 03 00 00 00 00 00 00 00 00 ff
2026-09-18T14:31:20.9381254Z TX 43 4f 5a 03 52 45 01 0b 00 00 00 00 14 00 d0 d5 56 ec bf 1c b5 40 73 00 00 00 72 00 00 00 00
2026-09-18T14:31:20.9639222Z RX 43 4f 5a 03 52 45 01 09 00 00 00 00 04 00 0b 11 00 d0 d5 56 ec bf 1c b5 40 73 00 00 00 72 00 00 00 00 05 5c 00 f0 dd 13 00 00 00 00 00 00 00 00 00 00 00 00 7a 3d 00 00 00 00 00 00 00 00 39 50 df b9 34 cd 4b 3d 00 00 00 00 00 00 00 00 0d 69 cc 3e 45 06 4b be 0a 30 90 45 b2 74 8d 44 63 8c 15 46 80 3f a4 b8 20 8a a9 39 e3 1a e2 b9 00 81 95 40 10 33 00 00 6a 03 00 00 00 00 00 00 00 00 ff
2026-09-18T14:31:20.9834483Z TX 43 4f 5a 03 52 45 01 0b 00 00 00 00 14 00 94 f6 06 5f 18 4a b5 40 74 00 00 00 73 00 00 00 00
2026-09-18T14:31:20.9968860Z RX 43 4f 5a 03 52 45 01 09 00 00 00 00 04 00 0b 11 00 94 f6 06 5f 18 4a b5 40 74 00 00 00 73 00 00 00 00 05 5c 00 f0 fb 13 00 00 00 00 00 00 00 00 00 00 00 00 7a 3d 00 00 00 00 00 00 00 00 da 44 dc b9 5c 2b 4c 3d 00 00 00 00 00 00 00 00 0d 69 cc 3e 45 06 4b be d5 34 90 45 d1 fa 8d 44 e8 52 15 46 20 f1 b3 b9 f0 64 42 ba 0a 4c be 38 00 81 95 40 10 33 00 00 6a 03 00 00 00 00 00 00 00 00 ff
2026-09-18T14:31:21.0299384Z RX 43 4f 5a 03 52 45 01 09 00 00 00 00 04 00 05 5c 00 f0 19 14 00 00 00 00 00 00 00 00 00 00 00 00 7a 3d 00 00 00 00 00 00 00 00 9c dc e5 b9 44 38 4c 3d 00 00 00 00 00 00 00 00 0d 69 cc 3e 45 06 4b be f8 91 8f 45 0e 28 8d 44 70 74 15 46 90 60 1f ba 08 7c 60 3a da 7f e1 b9 00 e3 95 40 10 33 00 00 6a 03 00 00 00 00 00 00 00 00 ff
2026-09-18T14:31:21.0304835Z TX 43 4f 5a 03 52 45 01 0b 00 00 00 00 14 00 fb cb ee c9 03 79 b5 40 75 00 00 00 74 00 00 00 00
2026-09-18T14:31:21.0628862Z RX 43 4f 5a 03 52 45 01 09 00 00 00 00 04 00 0b 11 00 fb cb ee c9 03 79 b5 40 75 00 00 00 74 00 00 00 00 05 5c 00 f0 37 14 00 00 00 00 00 00 00 00 00 00 00 00 7a 3d 00 00 00 00 00 00 00 00 18 39 ea b9 b1 76 4c 3d 00 00 00 00 00 00 00 00 0d 69 cc 3e 45 06 4b be 31 e8 8f 45 37 3b 8d 44 96 2c 15 46 e0 ef b2 b9 40 ec a8 39 73 e6 65 3a 00 81 95 40 10 33 00 00 6a 03 00 00 00 00 00 00 00 00 ff
2026-09-18T14:31:21.0777962Z TX 43 4f 5a 03 52 45 01 0b 00 00 00 00 14 00 27 a0 89 b0 71 a8 b5 40 76 00 00 00 75 00 00 00 00
2026-09-18T14:31:21.0960091Z RX 43 4f 5a 03 52 45 01 09 00 00 00 00 04 00 05 5c 00 f0 55 14 00 00 00 00 00 00 00 00 00 00 00 00 7a 3d 00 00 00 00 00 00 00 00 81 30 ca b9 57 39 4c 3d 00 00 00 00 00 00 00 00 0d 69 cc 3e 45 06 4b be 80 b3 8f 45 dc 66 8f 44 c6 33 15 46 00 fa 99 b8 d8 a3 19 3a 13 31 fb 3a 00 81 95 40 10 33 00 00 6a 03 00 00 00 00 00 00 00 00 ff 0b 11 00 27 a0 89 b0 71 a8 b5 40 76 00 00 00 75 00 00 00 00
2026-09-18T14:31:21.1247283Z TX 43 4f 5a 03 52 45 01 0b 00 00 00 00 14 00 a9 13 d0 44 48 d7 b5 40 77 00 00 00 76 00 00 00 00
2026-09-18T14:31:21.1289354Z RX 43 4f 5a 03 52 45 01 09 00 00 00 00 04 00 05 5c 00 f0 73 14 00 00 00 00 00 00 00 00 00 00 00 00 7a 3d 00 00 00 00 00 00 00 00 65 5f b8 b9 db 8e 4c 3d 00 00 00 00 00 00 00 00 0d 69 cc 3e 45 06 4b be 76 26 90 45 b3 53 8f 44 40 6d 15 46 e0 94 81 3a f0 9f fa b9 f3 af e5 b9 00 81 95 40 10 33 00 00 6a 03 00 00 00 00 00 00 00 00 ff 05 0a 00 f3 bc bc 58 de 02 00 00 00 45 0b 11 00 a9 13 d0 44 48 d7 b5 40 77 00 00 00 76 00 00 00 00
2026-09-18T14:31:21.1620501Z RX 43 4f 5a 03 52 45 01 09 00 00 00 00 04 00 05 5c 00 f0 91 14 00 00 00 00 00 00 00 00 00 00 00 00 7a 3d 00 00 00 00 00 00 00 00 cd 11 c2 b9 38 74 4c 3d 00 00 00 00 00 00 00 00 0d 69 cc 3e 45 06 4b be 14 bd 8f 45 23 21 8e 44 9f 7b 15 46 10 51 95 ba 64 81 92 3a 3d 60 7b ba 00 81 95 40 10 33 00 00 6a 03 00 00 00 00 00 00 00 00 ff
2026-09-18T14:31:21.1705662Z TX 43 4f 5a 03 52 45 01 0b 00 00 00 00 14 00 42 3e e8 d9 2c 05 b6 40 78 00 00 00 77 00 00 00 00
2026-09-18T14:31:21.1952163Z RX 43 4f 5a 03 52 45 01 09 00 00 00 00 04 00 05 5c 00 f0 af 14 00 00 00 00 00 00 00 00 00 00 00 00 7a 3d 00 00 00 00 00 00 00 00 92 5b d8 b9 f7 fb 4b 3d 00 00 00 00 00 00 00 00 0d 69 cc 3e 45 06 4b be c5 f1 8f 45 75 47 8e 44 7d 5c 15 46 40 70 49 39 f0 1d fc b9 f2 db 35 ba 00 81 95 40 10 33 00 00 6a 03 00 00 00 00 00 00 00 00 ff 0b 11 00 42 3e e8 d9 2c 05 b6 40 78 00 00 00 77 00 00 00 00 05 0a 00 f3 8b 63 6c 11 01 00 00 00 2c 05 0a 00 f3 ec 8e 1a 24 02 00 00 00 4a 05 5c 00 f0 cd 14 00 00 00 00 00 00 00 00 00 00 00 00 7a 3d 00 00 00 00 00 00 00 00 04 79 e0 b9 c8 e8 4b 3d 00 00 00 00 00 00 00 00 0d 69 cc 3e 45 06 4b be 27 5b 90 45 22 42 8c 44 ee 46 15 46 00 74 9b b8 00 0a a7 39 64 05 32 b9 00 81 95 40 10 33 00 00 6a 03 00 00 00 00 00 00 00 00 ff
2026-09-18T14:31:21.2166757Z TX 43 4f 5a 03 52 45 01 0b 00 00 00 00 14 00 05 a3 92 3a 51 33 b6 40 79 00 00 00 78 00 00 00 00
2026-09-18T14:31:21.2286097Z RX 43 4f 5a 03 52 45 01 09 00 00 00 00 04 00 0b 11 00 05 a3 92 3a 51 33 b6 40 79 00 00 00 78 00 00 00 00 05 5c 00 f0 eb 14 00 00 00 00 00 00 00 00 00 00 00 00 7a 3d 00 00 00 00 00 00 00 00 b1 e2 e2 b9 17 a5 4b 3d 00 00 00 00 00 00 00 00 0d 69 cc 3e 45 06 4b be 2e 8d 8f 45 6a db 8c 44 ac 63 15 46 08 91 a4 3a 00 58 a6 39 72 c4 c0 38 00 81 95 40 10 33 00 00 6a 03 00 00 00 00 00 00 00 00 ff
2026-09-18T14:31:21.2609051Z RX 43 4f 5a 03 52 45 01 09 00 00 00 00 04 00 05 5c 00 f0 09 15 00 00 00 00 00 00 00 00 00 00 00 00 7a 3d 00 00 00 00 00 00 00 00 fc d4 df b9 ba e9 4b 3d 00 00 00 00 00 00 00 00 0d 69 cc 3e 45 06 4b be 17 18 90 45 89 61 8d 44 fe 89 15 46 c0 c7 45 39 60 ff fb b9 e9 e3 b8 39 00 81 95 40 10 33 00 00 6a 03 00 00 00 00 00 00 00 00 ff
2026-09-18T14:31:21.2636505Z TX 43 4f 5a 03 52 45 01 0b 00 00 00 00 14 00 81 04 c5 8f 21 62 b6 40 7a 00 00 00 79 00 00 00 00
2026-09-18T14:31:21.2940662Z RX 43 4f 5a 03 52 45 01 09 00 00 00 00 04 00 0b 11 00 81 04 c5 8f 21 62 b6 40 7a 00 00 00 79 00 00 00 00 05 5c 00 f0 27 15 00 00 00 00 00 00 00 00 00 00 00 00 7a 3d 00 00 00 00 00 00 00 00 ec 45 de b9 e1 24 4c 3d 00 00 00 00 00 00 00 00 0d 69 cc 3e 45 06 4b be f1 5f 90 45 b2 74 8d 44 37 1e 15 46 60 d5 1f ba 18 e5 5e 3a e1 eb 94 3a 00 e3 95 40 10 33 00 00 6a 03 00 00 00 00 00 00 00 00 ff
2026-09-18T14:31:21.3103410Z TX 43 4f 5a 03 52 45 01 0b 00 00 00 00 14 00 cf 66 d5 e7 ea 90 b6 40 7b 00 00 00 7a 00 00 00 00
2026-09-18T14:31:21.3269586Z RX 43 4f 5a 03 52 45 01 09 00 00 00 00 04 00 0b 11 00 cf 66 d5 e7 ea 90 b6 40 7b 00 00 00 7a 00 00 00 00 05 5c 00 f0 45 15 00 00 00 00 00 00 00 00 00 00 00 00 7a 3d 00 00 00 00 00 00 00 00 19 b4 c5 b9 76 e4 4b 3d 00 00 00 00 00 00 00 00 0d 69 cc 3e 45 06 4b be 73 cb 8f 45 60 4e 8d 44 0b 72 15 46 40 74 b2 b9 60 b4 5d 3a 18 5b 94 3a 00 81 95 40 10 33 00 00 6a 03 00 00 00 00 00 00 00 00 ff
2026-09-18T14:31:21.3572016Z TX 43 4f 5a 03 52 45 01 0b 00 00 00 00 14 00 b1 bf ec 9e bc bf b6 40 7c 00 00 00 7b 00 00 00 00
2026-09-18T14:31:21.3600403Z RX 43 4f 5a 03 52 45 01 09 00 00 00 00 04 00 05 5c 00 f0 63 15 00 00 00 00 00 00 00 00 00 00 00 00 7a 3d 00 00 00 00 00 00 00 00 e6 1e b6 b9 1e 8e 4b 3d 00 00 00 00 00 00 00 00 0d 69 cc 3e 45 06 4b be 9a 83 8f 45 e4 35 8b 44 b2 57 15 46 e0 e9 1e ba 38 78 17 3a b4 03 1f 3a 00 e3 95 40 10 33 00 00 6a 03 00 00 00 00 00 00 00 00 ff 0b 11 00 b1 bf ec 9e bc bf b6 40 7c 00 00 00 7b 00 00 00 00
2026-09-18T14:31:21.3936937Z RX 43 4f 5a 03 52 45 01 09 00 00 00 00 04 00 05 5c 00 f0 81 15 00 00 00 00 00 00 00 00 00 00 00 00 7a 3d 00 00 00 00 00 00 00 00 87 e5 9f b9 22 31 4c 3d 00 00 00 00 00 00 00 00 0d 69 cc 3e 45 06 4b be e4 77 90 45 75 47 8e 44 d9 0f 15 46 00 bf 96 b8 00 9f 67 b9 8a 00 b3 39 00 e3 95 40 10 33 00 00 6a 03 00 00 00 00 00 00 00 00 ff
2026-09-18T14:31:21.4033604Z TX 43 4f 5a 03 52 45 01 0b 00 00 00 00 14 00 67 d5 e7 6a cb ed b6 40 7d 00 00 00 7c 00 00 00 00
2026-09-18T14:31:21.4262925Z RX 43 4f 5a 03 52 45 01 09 00 00 00 00 04 00 05 5c 00 f0 9f 15 00 00 00 00 00 00 00 00 00 00 00 00 7a 3d 00 00 00 00 00 00 00 00 03 87 9e b9 ec be 4c 3d 00 00 00 00 00 00 00 00 0d 69 cc 3e 45 06 4b be 2a b6 90 45 b2 74 8d 44 fe 89 15 46 18 58 3e 3a 50 3c 91 3a db b2 b5 3a 00 e3 95 40 10 33 00 00 6a 03 00 00 00 00 00 00 00 00 ff 0b 11 00 67 d5 e7 6a cb ed b6 40 7d 00 00 00 7c 00 00 00 00
2026-09-18T14:31:21.4502730Z TX 43 4f 5a 03 52 45 01 0b 00 00 00 00 14 00 75 02 9a 08 bb 1c b7 40 7e 00 00 00 7d 00 00 00 00
2026-09-18T14:31:21.4592918Z RX 43 4f 5a 03 52 45 01 09 00 00 00 00 04 00 05 5c 00 f0 bd 15 00 00 00 00 00 00 00 00 00 00 00 00 7a 3d 00 00 00 00 00 00 00 00 6f f4 80 b9 6d 6e 4c 3d 00 00 00 00 00 00 00 00 0d 69 cc 3e 45 06 4b be 27 5b 90 45 e5 14 8d 44 54 49 15 46 80 f9 9b b8 30 2e 16 3a 4f 0e 61 3a 00 e3 95 40 10 33 00 00 6a 03 00 00 00 00 00 00 00 00 ff 0b 11 00 75 02 9a 08 bb 1c b7 40 7e 00 00 00 7d 00 00 00 00
2026-09-18T14:31:21.4921216Z RX 43 4f 5a 03 52 45 01 09 00 00 00 00 04 00 05 5c 00 f0 db 15 00 00 00 00 00 00 00 00 00 00 00 00 7a 3d 00 00 00 00 00 00 00 00 6b 86 70 b9 78 22 4c 3d 00 00 00 00 00 00 00 00 0d 69 cc 3e 45 06 4b be 50 6e 90 45 19 94 8e 44 9f 7b 15 46 20 50 f0 39 98 e7 15 3a 8e c5 7e ba 00 e3 95 40 10 33 00 00 6a 03 00 00 00 00 00 00 00 00 ff
2026-09-18T14:31:21.4966634Z TX 43 4f 5a 03 52 45 01 0b 00 00 00 00 14 00 66 f7 e4 61 51 4b b7 40 7f 00 00 00 7e 00 00 00 00
2026-09-18T14:31:21.5251678Z RX 43 4f 5a 03 52 45 01 09 00 00 00 00 04 00 05 5c 00 f0 f9 15 00 00 00 00 00 00 00 00 00 00 00 00 7a 3d 00 00 00 00 00 00 00 00 38 a1 83 b9 2e 60 4c 3d 00 00 00 00 00 00 00 00 0d 69 cc 3e 45 06 4b be 92 51 90 45 9e 5a 8e 44 24 42 15 46 00 68 64 ba 58 74 01 ba 91 af 9d 38 00 e3 95 40 10 33 00 00 6a 03 00 00 00 00 00 00 00 00 ff 0b 11 00 66 f7 e4 61 51 4b b7 40 7f 00 00 00 7e 00 00 00 00 05 5c 00 f0 17 16 00 00 00 00 00 00 00 00 00 00 00 00 7a 3d 00 00 00 00 00 00 00 00 8e 58 82 b9 32 7f 4c 3d 00 00 00 00 00 00 00 00 0d 69 cc 3e 45 06 4b be 38 1a 8f 45 0d 49 8b 44 ac 63 15 46 80 53 b0 b9 30 7e 90 3a ce 0c b5 3a 00 e3 95 40 10 33 00 00 6a 03 00 00 00 00 00 00 00 00 ff
2026-09-18T14:31:21.5428005Z TX 43 4f 5a 03 52 45 01 0b 00 00 00 00 14 00 ae b6 62 7f 29 79 b7 40 80 00 00 00 7f 00 00 00 00
2026-09-18T14:31:21.5579700Z RX 43 4f 5a 03 52 45 01 09 00 00 00 00 04 00 0b 11 00 ae b6 62 7f 29 79 b7 40 80 00 00 00 7f 00 00 00 00 05 5c 00 f0 35 16 00 00 00 00 00 00 00 00 00 00 00 00 7a 3d 00 00 00 00 00 00 00 00 92 ff 5f b9 3c 0b 4c 3d 00 00 00 00 00 00 00 00 0d 69 cc 3e 45 06 4b be df c1 8f 45 36 5c 8b 44 5a 3d 15 46 80 b1 92 b8 80 e3 17 38 a5 87 96 38 00 e3 95 40 10 33 00 00 6a 03 00 00 00 00 00 00 00 00 ff
2026-09-18T14:31:21.5889258Z TX 43 4f 5a 03 52 45 01 0b 00 00 00 00 14 00 22 8e 75 71 8b a7 b7 40 81 00 00 00 80 00 00 00 00
2026-09-18T14:31:21.5919170Z RX 43 4f 5a 03 52 45 01 09 00 00 00 00 04 00 05 5c 00 f0 53 16 00 00 00 00 00 00 00 00 00 00 00 00 7a 3d 00 00 00 00 00 00 00 00 25 6b 62 b9 92 a9 4c 3d 00 00 00 00 00 00 00 00 0d 69 cc 3e 45 06 4b be 92 51 90 45 23 21 8e 44 4a fa 14 46 68 d0 3e 3a 38 5a 47 ba 1c 9b 3a ba 00 81 95 40 10 33 00 00 6a 03 00 00 00 00 00 00 00 00 ff 0b 11 00 22 8e 75 71 8b a7 b7 40 81 00 00 00 80 00 00 00 00
2026-09-18T14:31:21.6278089Z RX 43 4f 5a 03 52 45 01 09 00 00 00 00 04 00 05 5c 00 f0 71 16 00 00 00 00 00 00 00 00 00 00 00 00 7a 3d 00 00 00 00 00 00 00 00 62 c6 71 b9 12 cc 4c 3d 00 00 00 00 00 00 00 00 0d 69 cc 3e 45 06 4b be 64 88 8f 45 b2 74 8d 44 f8 95 15 46 c0 10 1e ba e0 b9 15 3a c1 69 af 39 00 81 95 40 10 33 00 00 6a 03 00 00 00 00 00 00 00 00 ff
2026-09-18T14:31:21.6337116Z TX 43 4f 5a 03 52 45 01 0b 00 00 00 00 14 00 fe d4 78 e9 56 d4 b7 40 82 00 00 00 81 00 00 00 00
2026-09-18T14:31:21.6570293Z RX 43 4f 5a 03 52 45 01 09 00 00 00 00 04 00 0b 11 00 fe d4 78 e9 56 d4 b7 40 82 00 00 00 81 00 00 00 00 05 5c 00 f0 8f 16 00 00 00 00 00 00 00 00 00 00 00 00 7a 3d 00 00 00 00 00 00 00 00 b7 56 69 b9 be 1c 4c 3d 00 00 00 00 00 00 00 00 0d 69 cc 3e 45 06 4b be ac 21 90 45 6a db 8c 44 bf 3f 15 46 30 bb 1d ba f8 fc 5a 3a 93 06 af 39 00 e3 95 40 10 33 00 00 6a 03 00 00 00 00 00 00 00 00 ff
2026-09-18T14:31:21.6800931Z TX 43 4f 5a 03 52 45 01 0b 00 00 00 00 14 00 41 f1 63 cc bd 02 b8 40 83 00 00 00 82 00 00 00 00
2026-09-18T14:31:21.6899907Z RX 43 4f 5a 03 52 45 01 09 00 00 00 00 04 00 05 5c 00 f0 ad 16 00 00 00 00 00 00 00 00 00 00 00 00 7a 3d 00 00 00 00 00 00 00 00 67 80 59 b9 2f 9e 4c 3d 00 00 00 00 00 00 00 00 0d 69 cc 3e 45 06 4b be 14 bd 8f 45 d1 fa 8d 44 f5 3a 15 46 00 38 91 b8 10 97 9e 39 df 4b ae 39 00 e3 95 40 10 33 00 00 6a 03 00 00 00 00 00 00 00 00 ff 0b 11 00 41 f1 63 cc bd 02 b8 40 83 00 00 00 82 00 00 00 00
2026-09-18T14:31:21.7229817Z RX 43 4f 5a 03 52 45 01 09 00 00 00 00 04 00 05 5c 00 f0 cb 16 00 00 00 00 00 00 00 00 00 00 00 00 7a 3d 00 00 00 00 00 00 00 00 cf 55 3c b9 93 0b 4c 3d 00 00 00 00 00 00 00 00 0d 69 cc 3e 45 06 4b be c0 3b 8f 45 d0 1b 8c 44 04 7e 15 46 b8 c9 3e 3a f0 a0 14 3a d9 79 0d 3b 00 e3 95 40 10 33 00 00 6a 03 00 00 00 00 00 00 00 00 ff
2026-09-18T14:31:21.7256230Z TX 43 4f 5a 03 52 45 01 0b 00 00 00 00 14 00 f9 a0 67 b3 4a 30 b8 40 84 00 00 00 83 00 00 00 00
2026-09-18T14:31:21.7569492Z RX 43 4f 5a 03 52 45 01 09 00 00 00 00 04 00 0b 11 00 f9 a0 67 b3 4a 30 b8 40 84 00 00 00 83 00 00 00 00 05 5c 00 f0 e9 16 00 00 00 00 00 00 00 00 00 00 00 00 7a 3d 00 00 00 00 00 00 00 00 37 3c fd b8 02 af 4b 3d 00 00 00 00 00 00 00 00 0d 69 cc 3e 45 06 4b be df c1 8f 45 56 c1 8d 44 f5 3a 15 46 40 28 4c 39 40 14 14 3a a3 b2 4f b9 00 81 95 40 10 33 00 00 6a 03 00 00 00 00 00 00 00 00 ff
2026-09-18T14:31:21.7739534Z TX 43 4f 5a 03 52 45 01 0b 00 00 00 00 14 00 72 f9 0f e9 67 60 b8 40 85 00 00 00 84 00 00 00 00
2026-09-18T14:31:21.7906753Z RX 43 4f 5a 03 52 45 01 09 00 00 00 00 04 00 05 5c 00 f0 07 17 00 00 00 00 00 00 00 00 00 00 00 00 7a 3d 00 00 00 00 00 00 00 00 ec 97 21 b9 cc 6b 4c 3d 00 00 00 00 00 00 00 00 0d 69 cc 3e 45 06 4b be 2a b6 90 45 9e 5a 8e 44 24 42 15 46 40 64 b7 ba a0 b9 74 b9 3d 37 ef b9 00 81 95 40 10 33 00 00 6a 03 00 00 00 00 00 00 00 00 ff 0b 11 00 72 f9 0f e9 67 60 b8 40 85 00 00 00 84 00 00 00 00
2026-09-18T14:31:21.8202724Z TX 43 4f 5a 03 52 45 01 0b 00 00 00 00 14 00 44 fa ed eb e0 8e b8 40 86 00 00 00 85 00 00 00 00
2026-09-18T14:31:21.8220250Z RX 43 4f 5a 03 52 45 01 09 00 00 00 00 04 00 05 5c 00 f0 25 17 00 00 00 00 00 00 00 00 00 00 00 00 7a 3d 00 00 00 00 00 00 00 00 5a 53 1f b9 20 ea 4c 3d 00 00 00 00 00 00 00 00 0d 69 cc 3e 45 06 4b be ec a9 8f 45 2d ae 8d 44 76 68 15 46 a0 a8 1c ba 80 7e 07 38 55 8e 8a 38 00 81 95 40 10 33 00 00 6a 03 00 00 00 00 00 00 00 00 ff 05 5c 00 f0 43 17 00 00 00 00 00 00 00 00 00 00 00 00 7a 3d 00 00 00 00 00 00 00 00 f2 3c 0b b9 d8 c8 4c 3d 00 00 00 00 00 00 00 00 0d 69 cc 3e 45 06 4b be f1 5f 90 45 60 4e 8d 44 51 ee 14 46 f8 b2 3f 3a 70 d6 02 ba 88 31 0d 3b 00 81 95 40 10 33 00 00 6a 03 00 00 00 00 00 00 00 00 ff 0b 11 00 44 fa ed eb e0 8e b8 40 86 00 00 00 85 00 00 00 00
2026-09-18T14:31:21.8559806Z RX 43 4f 5a 03 52 45 01 09 00 00 00 00 04 00 05 5c 00 f0 61 17 00 00 00 00 00 00 00 00 00 00 00 00 7a 3d 00 00 00 00 00 00 00 00 ad 03 bc b8 0e 67 4d 3d 00 00 00 00 00 00 00 00 0d 69 cc 3e 45 06 4b be 08 d5 8f 45 41 c8 8c 44 40 6d 15 46 98 f2 b6 ba c0 a9 72 b9 22 54 f2 b9 00 81 95 40 10 33 00 00 6a 03 00 00 00 00 00 00 00 00 ff
2026-09-18T14:31:21.8666483Z TX 43 4f 5a 03 52 45 01 0b 00 00 00 00 14 00 ff 21 fd f6 35 bd b8 40 87 00 00 00 86 00 00 00 00
2026-09-18T14:31:21.8880187Z RX 43 4f 5a 03 52 45 01 09 00 00 00 00 04 00 0b 11 00 ff 21 fd f6 35 bd b8 40 87 00 00 00 86 00 00 00 00 05 5c 00 f0 7f 17 00 00 00 00 00 00 00 00 00 00 00 00 7a 3d 00 00 00 00 00 00 00 00 26 df b7 b8 08 ef 4c 3d 00 00 00 00 00 00 00 00 0d 69 cc 3e 45 06 4b be e2 1c 90 45 56 c1 8d 44 f5 3a 15 46 e0 d7 1b ba 60 f0 59 3a 7b 3c 5d 3a 00 81 95 40 10 33 00 00 6a 03 00 00 00 00 00 00 00 00 ff
2026-09-18T14:31:21.9124246Z TX 43 4f 5a 03 52 45 01 0b 00 00 00 00 14 00 66 f7 e4 61 11 eb b8 40 88 00 00 00 87 00 00 00 00
2026-09-18T14:31:21.9220905Z RX 43 4f 5a 03 52 45 01 09 00 00 00 00 04 00 05 5c 00 f0 9d 17 00 00 00 00 00 00 00 00 00 00 00 00 7a 3d 00 00 00 00 00 00 00 00 74 8f ab b8 62 aa 4c 3d 00 00 00 00 00 00 00 00 0d 69 cc 3e 45 06 4b be 5a fb 8f 45 0f 07 8f 44 1e 4e 15 46 20 a2 f6 39 40 a8 48 ba bc b4 f2 b9 00 e3 95 40 10 33 00 00 6a 03 00 00 00 00 00 00 00 00 ff 0b 11 00 66 f7 e4 61 11 eb b8 40 88 00 00 00 87 00 00 00 00
2026-09-18T14:31:21.9542584Z RX 43 4f 5a 03 52 45 01 09 00 00 00 00 04 00 05 5c 00 f0 bb 17 00 00 00 00 00 00 00 00 00 00 00 00 7a 3d 00 00 00 00 00 00 00 00 41 2f c5 b8 49 2d 4d 3d 00 00 00 00 00 00 00 00 0d 69 cc 3e 45 06 4b be 9f 39 90 45 c7 6d 8e 44 7d 5c 15 46 00 f4 82 b8 d0 26 9d 39 ed d2 a8 39 00 81 95 40 10 33 00 00 6a 03 00 00 00 00 00 00 00 00 ff
2026-09-18T14:31:21.9592379Z TX 43 4f 5a 03 52 45 01 0b 00 00 00 00 14 00 c4 42 ad 69 8e 19 b9 40 89 00 00 00 88 00 00 00 00
2026-09-18T14:31:21.9874743Z RX 43 4f 5a 03 52 45 01 09 00 00 00 00 04 00 0b 11 00 c4 42 ad 69 8e 19 b9 40 89 00 00 00 88 00 00 00 00 05 5c 00 f0 d9 17 00 00 00 00 00 00 00 00 00 00 00 00 7a 3d 00 00 00 00 00 00 00 00 e3 86 91 b8 26 58 4d 3d 00 00 00 00 00 00 00 00 0d 69 cc 3e 45 06 4b be cb a7 90 45 74 68 8c 44 ee 46 15 46 00 66 83 b8 b0 e3 9c 39 66 a6 54 b9 00 81 95 40 10 33 00 00 6a 03 00 00 00 00 00 00 00 00 ff
2026-09-18T14:31:22.0059676Z TX 43 4f 5a 03 52 45 01 0b 00 00 00 00 14 00 83 2f 4c a6 6a 48 b9 40 8a 00 00 00 89 00 00 00 00
2026-09-18T14:31:22.0201705Z RX 43 4f 5a 03 52 45 01 09 00 00 00 00 04 00 05 5c 00 f0 f7 17 00 00 00 00 00 00 00 00 00 00 00 00 7a 3d 00 00 00 00 00 00 00 00 69 00 c3 b8 82 9d 4d 3d 00 00 00 00 00 00 00 00 0d 69 cc 3e 45 06 4b be e4 77 90 45 94 cd 8e 44 a3 14 15 46 c0 79 ab b9 98 e2 13 3a 27 2a f2 b9 00 e3 95 40 10 33 00 00 6a 03 00 00 00 00 00 00 00 00 ff 0b 11 00 83 2f 4c a6 6a 48 b9 40 8a 00 00 00 89 00 00 00 00
2026-09-18T14:31:22.0529377Z TX 43 4f 5a 03 52 45 01 0b 00 00 00 00 14 00 a7 e8 48 2e 6f 77 b9 40 8b 00 00 00 8a 00 00 00 00
2026-09-18T14:31:22.0530136Z RX 43 4f 5a 03 52 45 01 09 00 00 00 00 04 00 05 5c 00 f0 15 18 00 00 00 00 00 00 00 00 00 00 00 00 7a 3d 00 00 00 00 00 00 00 00 19 89 07 b9 2e d9 4d 3d 00 00 00 00 00 00 00 00 0d 69 cc 3e 45 06 4b be 0a 30 90 45 60 4e 8d 44 40 6d 15 46 80 88 f6 39 d4 4d b2 3a 64 d6 a2 ba 00 e3 95 40 10 33 00 00 6a 03 00 00 00 00 00 00 00 00 ff
2026-09-18T14:31:22.0860658Z RX 43 4f 5a 03 52 45 01 09 00 00 00 00 04 00 0b 11 00 a7 e8 48 2e 6f 77 b9 40 8b 00 00 00 8a 00 00 00 00 05 5c 00 f0 33 18 00 00 00 00 00 00 00 00 00 00 00 00 7a 3d 00 00 00 00 00 00 00 00 91 9e 1b b9 67 8f 4d 3d 00 00 00 00 00 00 00 00 0d 69 cc 3e 45 06 4b be fb ec 8f 45 6b ba 8e 44 ac 63 15 46 90 86 93 ba 78 6e 04 ba 6a 3b 3c ba 00 e3 95 40 10 33 00 00 6a 03 00 00 00 00 00 00 00 00 ff
2026-09-18T14:31:22.1000101Z TX 43 4f 5a 03 52 45 01 0b 00 00 00 00 14 00 73 d7 12 f2 a1 a6 b9 40 8c 00 00 00 8b 00 00 00 00
2026-09-18T14:31:22.1192834Z RX 43 4f 5a 03 52 45 01 09 00 00 00 00 04 00 05 5c 00 f0 51 18 00 00 00 00 00 00 00 00 00 00 00 00 7a 3d 00 00 00 00 00 00 00 00 6f 96 35 b9 b6 54 4d 3d 00 00 00 00 00 00 00 00 0d 69 cc 3e 45 06 4b be f8 91 8f 45 0d 49 8b 44 1e 4e 15 46 80 1d 59 39 b0 d1 9a 39 78 9e 4a b9 00 81 95 40 10 33 00 00 6a 03 00 00 00 00 00 00 00 00 ff 0b 11 00 73 d7 12 f2 a1 a6 b9 40 8c 00 00 00 8b 00 00 00 00 05 5c 00 f0 6f 18 00 00 00 00 00 00 00 00 00 00 00 00 7a 3d 00 00 00 00 00 00 00 00 6a b1 3a b9 15 3c 4d 3d 00 00 00 00 00 00 00 00 0d 69 cc 3e 45 06 4b be a6 6b 8f 45 db 87 8d 44 24 42 15 46 00 db 7c b8 28 99 58 3a 0b a0 8f 38 00 e3 95 40 10 33 00 00 6a 03 00 00 00 00 00 00 00 00 ff
2026-09-18T14:31:22.1471697Z TX 43 4f 5a 03 52 45 01 0b 00 00 00 00 14 00 b3 7b f2 b0 c0 d5 b9 40 8d 00 00 00 8c 00 00 00 00
2026-09-18T14:31:22.1522331Z RX 43 4f 5a 03 52 45 01 09 00 00 00 00 04 00 0b 11 00 b3 7b f2 b0 c0 d5 b9 40 8d 00 00 00 8c 00 00 00 00 05 5c 00 f0 8d 18 00 00 00 00 00 00 00 00 00 00 00 00 7a 3d 00 00 00 00 00 00 00 00 e6 21 1c b9 d0 ea 4c 3d 00 00 00 00 00 00 00 00 0d 69 cc 3e 45 06 4b be 9c de 8f 45 19 94 8e 44 d1 dd 15 46 c0 00 1b ba 00 71 dc 37 ff 17 d6 3a 00 81 95 40 10 33 00 00 6a 03 00 00 00 00 00 00 00 00 ff
2026-09-18T14:31:22.1851894Z RX 43 4f 5a 03 52 45 01 09 00 00 00 00 04 00 05 5c 00 f0 ab 18 00 00 00 00 00 00 00 00 00 00 00 00 7a 3d 00 00 00 00 00 00 00 00 0d a3 03 b9 4a 97 4c 3d 00 00 00 00 00 00 00 00 0d 69 cc 3e 45 06 4b be 90 f6 8f 45 21 63 8a 44 b0 fc 14 46 00 e6 71 b8 b0 f0 11 3a 74 c8 3c ba 00 81 95 40 10 33 00 00 6a 03 00 00 00 00 00 00 00 00 ff
2026-09-18T14:31:22.1928071Z TX 43 4f 5a 03 52 45 01 0b 00 00 00 00 14 00 71 3d 0a d7 73 03 ba 40 8e 00 00 00 8d 00 00 00 00
2026-09-18T14:31:22.2182697Z RX 43 4f 5a 03 52 45 01 09 00 00 00 00 04 00 0b 11 00 71 3d 0a d7 73 03 ba 40 8e 00 00 00 8d 00 00 00 00 05 0a 00 f3 ec 8e 1a 24 02 00 00 00 49 05 5c 00 f0 c9 18 00 00 00 00 00 00 00 00 00 00 00 00 7a 3d 00 00 00 00 00 00 00 00 23 9e 23 b9 34 26 4d 3d 00 00 00 00 00 00 00 00 0d 69 cc 3e 45 06 4b be 17 18 90 45 18 b5 8c 44 d9 0f 15 46 00 7f 6f b8 40 d6 7c b9 f8 1c ef b9 00 81 95 40 10 33 00 00 6a 03 00 00 00 00 00 00 00 00 ff
2026-09-18T14:31:22.2395830Z TX 43 4f 5a 03 52 45 01 0b 00 00 00 00 14 00 2a a9 13 d0 34 32 ba 40 8f 00 00 00 8e 00 00 00 00
2026-09-18T14:31:22.2516086Z RX 43 4f 5a 03 52 45 01 09 00 00 00 00 04 00 05 5c 00 f0 e7 18 00 00 00 00 00 00 00 00 00 00 00 00 7a 3d 00 00 00 00 00 00 00 00 44 34 23 b9 79 48 4d 3d 00 00 00 00 00 00 00 00 0d 69 cc 3e 45 06 4b be ac 21 90 45 ef a1 8c 44 9f 7b 15 46 d0 06 60 ba 00 dc d2 37 56 ee b3 3a 00 e3 95 40 10 33 00 00 6a 03 00 00 00 00 00 00 00 00 ff 0b 11 00 2a a9 13 d0 34 32 ba 40 8f 00 00 00 8e 00 00 00 00
2026-09-18T14:31:22.2840852Z RX 43 4f 5a 03 52 45 01 09 00 00 00 00 04 00 05 5c 00 f0 05 19 00 00 00 00 00 00 00 00 00 00 00 00 7a 3d 00 00 00 00 00 00 00 00 6f eb dc b8 91 21 4d 3d 00 00 00 00 00 00 00 00 0d 69 cc 3e 45 06 4b be ae 7c 90 45 a7 08 8c 44 4d 55 15 46 40 5b 5e 39 80 98 57 3a 94 60 a9 39 00 81 95 40 10 33 00 00 6a 03 00 00 00 00 00 00 00 00 ff
2026-09-18T14:31:22.2866465Z TX 43 4f 5a 03 52 45 01 0b 00 00 00 00 14 00 29 ed 0d be 40 61 ba 40 90 00 00 00 8f 00 00 00 00
2026-09-18T14:31:22.3172505Z RX 43 4f 5a 03 52 45 01 09 00 00 00 00 04 00 0b 11 00 29 ed 0d be 40 61 ba 40 90 00 00 00 8f 00 00 00 00 05 5c 00 f0 23 19 00 00 00 00 00 00 00 00 00 00 00 00 7a 3d 00 00 00 00 00 00 00 00 69 0d b5 b8 e8 0e 4d 3d 00 00 00 00 00 00 00 00 0d 69 cc 3e 45 06 4b be 5c 56 90 45 7f d4 8d 44 c2 9a 15 46 c0 5b f9 39 00 21 97 39 6d d9 90 3a 00 81 95 40 10 33 00 00 6a 03 00 00 00 00 00 00 00 00 ff
2026-09-18T14:31:22.3340746Z TX 43 4f 5a 03 52 45 01 0b 00 00 00 00 14 00 36 cd 3b 4e b1 90 ba 40 91 00 00 00 90 00 00 00 00
2026-09-18T14:31:22.3502934Z RX 43 4f 5a 03 52 45 01 09 00 00 00 00 04 00 05 5c 00 f0 41 19 00 00 00 00 00 00 00 00 00 00 00 00 7a 3d 00 00 00 00 00 00 00 00 7c c4 29 b8 07 2f 4d 3d 00 00 00 00 00 00 00 00 0d 69 cc 3e 45 06 4b be 9f 39 90 45 b2 74 8d 44 ac 63 15 46 40 0d 5c 39 c0 83 56 3a b6 4b 90 3a 00 e3 95 40 10 33 00 00 6a 03 00 00 00 00 00 00 00 00 ff 0b 11 00 36 cd 3b 4e b1 90 ba 40 91 00 00 00 90 00 00 00 00
2026-09-18T14:31:22.3807608Z TX 43 4f 5a 03 52 45 01 0b 00 00 00 00 14 00 60 e5 d0 22 3b bf ba 40 92 00 00 00 91 00 00 00 00
2026-09-18T14:31:22.3830897Z RX 43 4f 5a 03 52 45 01 09 00 00 00 00 04 00 05 5c 00 f0 5f 19 00 00 00 00 00 00 00 00 00 00 00 00 7a 3d 00 00 00 00 00 00 00 00 5c 3c f1 b7 ff 8e 4d 3d 00 00 00 00 00 00 00 00 0d 69 cc 3e 45 06 4b be 64 88 8f 45 2d ae 8d 44 89 44 15 46 10 10 60 ba 00 39 a6 37 cf ad a5 39 00 81 95 40 10 33 00 00 6a 03 00 00 00 00 00 00 00 00 ff 0b 11 00 60 e5 d0 22 3b bf ba 40 92 00 00 00 91 00 00 00 00
2026-09-18T14:31:22.4163364Z RX 43 4f 5a 03 52 45 01 09 00 00 00 00 04 00 05 5c 00 f0 7d 19 00 00 00 00 00 00 00 00 00 00 00 00 7a 3d 00 00 00 00 00 00 00 00 ac a3 42 b6 46 91 4d 3d 00 00 00 00 00 00 00 00 0d 69 cc 3e 45 06 4b be cb a7 90 45 f0 80 8e 44 7d 5c 15 46 20 79 19 ba d0 7f 95 39 b0 31 5b 3a 00 e3 95 40 10 33 00 00 6a 03 00 00 00 00 00 00 00 00 ff
2026-09-18T14:31:22.4265006Z TX 43 4f 5a 03 52 45 01 0b 00 00 00 00 14 00 a9 13 d0 44 08 ed ba 40 93 00 00 00 92 00 00 00 00
2026-09-18T14:31:22.4501094Z RX 43 4f 5a 03 52 45 01 09 00 00 00 00 04 00 05 5c 00 f0 9b 19 00 00 00 00 00 00 00 00 00 00 00 00 7a 3d 00 00 00 00 00 00 00 00 74 3c 27 38 59 64 4d 3d 00 00 00 00 00 00 00 00 0d 69 cc 3e 45 06 4b be 17 18 90 45 d1 fa 8d 44 50 b0 15 46 00 2f 60 b8 ec ae b0 3a 49 29 5a 3a 00 81 95 40 10 33 00 00 6a 03 00 00 00 00 00 00 00 00 ff 0b 11 00 a9 13 d0 44 08 ed ba 40 93 00 00 00 92 00 00 00 00 05 5c 00 f0 b9 19 00 00 00 00 00 00 00 00 00 00 00 00 7a 3d 00 00 00 00 00 00 00 00 01 71 86 38 15 24 4d 3d 00 00 00 00 00 00 00 00 0d 69 cc 3e 45 06 4b be 9a 83 8f 45 4b 55 8c 44 f5 3a 15 46 80 df a6 b9 00 5a 0f 3a 63 08 8f 3a 00 81 95 40 10 33 00 00 6a 03 00 00 00 00 00 00 00 00 ff
2026-09-18T14:31:22.4744904Z TX 43 4f 5a 03 52 45 01 0b 00 00 00 00 14 00 32 55 30 2a b9 1c bb 40 94 00 00 00 93 00 00 00 00
2026-09-18T14:31:22.4825550Z RX 43 4f 5a 03 52 45 01 09 00 00 00 00 04 00 0b 11 00 32 55 30 2a b9 1c bb 40 94 00 00 00 93 00 00 00 00 05 5c 00 f0 d7 19 00 00 00 00 00 00 00 00 00 00 00 00 7a 3d 00 00 00 00 00 00 00 00 92 07 bf 38 50 01 4d 3d 00 00 00 00 00 00 00 00 0d 69 cc 3e 45 06 4b be 43 86 90 45 2d ae 8d 44 47 61 15 46 80 5a 61 39 f0 b1 84 b9 9a e3 9f 39 00 e3 95 40 10 33 00 00 6a 03 00 00 00 00 00 00 00 00 ff
2026-09-18T14:31:22.5189996Z RX 43 4f 5a 03 52 45 01 09 00 00 00 00 04 00 05 5c 00 f0 f5 19 00 00 00 00 00 00 00 00 00 00 00 00 7a 3d 00 00 00 00 00 00 00 00 c4 e8 ca 38 4d 4c 4d 3d 00 00 00 00 00 00 00 00 0d 69 cc 3e 45 06 4b be 86 69 90 45 56 c1 8d 44 e8 52 15 46 00 9a 5e ba 90 16 84 b9 e9 ae 64 b9 00 81 95 40 10 33 00 00 6a 03 00 00 00 00 00 00 00 00 ff
2026-09-18T14:31:22.5207559Z TX 43 4f 5a 03 52 45 01 0b 00 00 00 00 14 00 26 53 05 a3 52 4b bb 40 95 00 00 00 94 00 00 00 00
2026-09-18T14:31:22.5482043Z RX 43 4f 5a 03 52 45 01 09 00 00 00 00 04 00 0b 11 00 26 53 05 a3 52 4b bb 40 95 00 00 00 94 00 00 00 00 05 5c 00 f0 13 1a 00 00 00 00 00 00 00 00 00 00 00 00 7a 3d 00 00 00 00 00 00 00 00 87 ba dc 38 fe 61 4d 3d 00 00 00 00 00 00 00 00 0d 69 cc 3e 45 06 4b be e7 d2 90 45 22 42 8c 44 60 31 15 46 60 c0 a4 b9 64 ec d2 3a 06 c8 b0 3a 00 e3 95 40 10 33 00 00 6a 03 00 00 00 00 00 00 00 00 ff
2026-09-18T14:31:22.5663349Z TX 43 4f 5a 03 52 45 01 0b 00 00 00 00 14 00 cb a1 45 b6 d3 78 bb 40 96 00 00 00 95 00 00 00 00
2026-09-18T14:31:22.5813695Z RX 43 4f 5a 03 52 45 01 09 00 00 00 00 04 00 05 5c 00 f0 31 1a 00 00 00 00 00 00 00 00 00 00 00 00 7a 3d 00 00 00 00 00 00 00 00 46 b2 14 39 0d 80 4d 3d 00 00 00 00 00 00 00 00 0d 69 cc 3e 45 06 4b be df c1 8f 45 bd e0 8e 44 60 31 15 46 e0 80 fd 39 e0 ea 0d 3a 74 71 9d 39 00 81 95 40 10 33 00 00 6a 03 00 00 00 00 00 00 00 00 ff 0b 11 00 cb a1 45 b6 d3 78 bb 40 96 00 00 00 95 00 00 00 00
2026-09-18T14:31:22.6126924Z TX 43 4f 5a 03 52 45 01 0b 00 00 00 00 14 00 07 5f 98 4c 25 a7 bb 40 97 00 00 00 96 00 00 00 00
2026-09-18T14:31:22.6145387Z RX 43 4f 5a 03 52 45 01 09 00 00 00 00 04 00 05 5c 00 f0 4f 1a 00 00 00 00 00 00 00 00 00 00 00 00 7a 3d 00 00 00 00 00 00 00 00 a7 82 17 39 b1 d3 4d 3d 00 00 00 00 00 00 00 00 0d 69 cc 3e 45 06 4b be 9f 39 90 45 7f d4 8d 44 e2 5e 15 46 10 1f 18 ba e0 54 90 39 a3 ad 22 38 00 81 95 40 10 33 00 00 6a 03 00 00 00 00 00 00 00 00 ff 0b 11 00 07 5f 98 4c 25 a7 bb 40 97 00 00 00 96 00 00 00 00
2026-09-18T14:31:22.6474604Z RX 43 4f 5a 03 52 45 01 09 00 00 00 00 04 00 05 5c 00 f0 6d 1a 00 00 00 00 00 00 00 00 00 00 00 00 7a 3d 00 00 00 00 00 00 00 00 33 2c 29 39 ca 48 4e 3d 00 00 00 00 00 00 00 00 0d 69 cc 3e 45 06 4b be c5 f1 8f 45 f9 2e 8c 44 fe 89 15 46 d0 e8 17 ba 70 82 53 3a 2f 2b 1c 38 00 81 95 40 10 33 00 00 6a 03 00 00 00 00 00 00 00 00 ff
2026-09-18T14:31:22.6592534Z TX 43 4f 5a 03 52 45 01 0b 00 00 00 00 14 00 86 c9 54 c1 b8 d5 bb 40 98 00 00 00 97 00 00 00 00
2026-09-18T14:31:22.6806470Z RX 43 4f 5a 03 52 45 01 09 00 00 00 00 04 00 05 5c 00 f0 8b 1a 00 00 00 00 00 00 00 00 00 00 00 00 7a 3d 00 00 00 00 00 00 00 00 59 f6 28 39 02 8a 4d 3d 00 00 00 00 00 00 00 00 0d 69 cc 3e 45 06 4b be cc 23 8f 45 8a 40 8f 44 9f 7b 15 46 40 25 66 39 10 87 52 3a 24 3c 57 3a 00 81 95 40 10 33 00 00 6a 03 00 00 00 00 00 00 00 00 ff 0b 11 00 86 c9 54 c1 b8 d5 bb 40 98 00 00 00 97 00 00 00 00
2026-09-18T14:31:22.7064335Z TX 43 4f 5a 03 52 45 01 0b 00 00 00 00 14 00 33 c4 b1 2e ce 04 bc 40 99 00 00 00 98 00 00 00 00
2026-09-18T14:31:22.7137175Z RX 43 4f 5a 03 52 45 01 09 00 00 00 00 04 00 05 5c 00 f0 a9 1a 00 00 00 00 00 00 00 00 00 00 00 00 7a 3d 00 00 00 00 00 00 00 00 b0 20 33 39 52 5b 4d 3d 00 00 00 00 00 00 00 00 0d 69 cc 3e 45 06 4b be e2 1c 90 45 2d ae 8d 44 9f 7b 15 46 60 f9 a3 b9 b0 d7 88 b9 90 36 84 ba 00 81 95 40 10 33 00 00 6a 03 00 00 00 00 00 00 00 00 ff 0b 11 00 33 c4 b1 2e ce 04 bc 40 99 00 00 00 98 00 00 00 00
2026-09-18T14:31:22.7466530Z RX 43 4f 5a 03 52 45 01 09 00 00 00 00 04 00 05 5c 00 f0 c7 1a 00 00 00 00 00 00 00 00 00 00 00 00 7a 3d 00 00 00 00 00 00 00 00 be 23 1b 39 80 48 4d 3d 00 00 00 00 00 00 00 00 0d 69 cc 3e 45 06 4b be 34 43 90 45 d1 fa 8d 44 b2 57 15 46 08 74 91 ba 80 27 8d 39 88 10 13 3a 00 81 95 40 10 33 00 00 6a 03 00 00 00 00 00 00 00 00 ff 05 5c 00 f0 e5 1a 00 00 00 00 00 00 00 00 00 00 00 00 7a 3d 00 00 00 00 00 00 00 00 12 d6 26 39 31 82 4d 3d 00 00 00 00 00 00 00 00 0d 69 cc 3e 45 06 4b be c5 f1 8f 45 e5 14 8d 44 b9 4b 15 46 88 04 91 ba a8 ac 8a ba b5 b1 6a b9 00 81 95 40 10 33 00 00 6a 03 00 00 00 00 00 00 00 00 ff
2026-09-18T14:31:22.7525045Z TX 43 4f 5a 03 52 45 01 0b 00 00 00 00 14 00 31 99 2a 18 f5 32 bc 40 9a 00 00 00 99 00 00 00 00
2026-09-18T14:31:22.7796903Z RX 43 4f 5a 03 52 45 01 09 00 00 00 00 04 00 0b 11 00 31 99 2a 18 f5 32 bc 40 9a 00 00 00 99 00 00 00 00 05 5c 00 f0 03 1b 00 00 00 00 00 00 00 00 00 00 00 00 7a 3d 00 00 00 00 00 00 00 00 bd db 0e 39 06 68 4d 3d 00 00 00 00 00 00 00 00 0d 69 cc 3e 45 06 4b be 31 e8 8f 45 db 87 8d 44 ee 46 15 46 00 55 26 b8 b8 16 af 3a d4 48 c8 ba 00 e3 95 40 10 33 00 00 6a 03 00 00 00 00 00 00 00 00 ff
2026-09-18T14:31:22.7994862Z TX 43 4f 5a 03 52 45 01 0b 00 00 00 00 14 00 d1 22 db f9 de 61 bc 40 9b 00 00 00 9a 00 00 00 00
2026-09-18T14:31:22.8126651Z RX 43 4f 5a 03 52 45 01 09 00 00 00 00 04 00 0b 11 00 d1 22 db f9 de 61 bc 40 9b 00 00 00 9a 00 00 00 00 05 5c 00 f0 21 1b 00 00 00 00 00 00 00 00 00 00 00 00 7a 3d 00 00 00 00 00 00 00 00 26 3a d3 38 a0 ff 4c 3d 00 00 00 00 00 00 00 00 0d 69 cc 3e 45 06 4b be d2 d9 8f 45 b2 74 8d 44 37 1e 15 46 30 72 90 ba 20 4f 50 ba 1c 6f 9f 39 00 81 95 40 10 33 00 00 6a 03 00 00 00 00 00 00 00 00 ff
2026-09-18T14:31:22.8457112Z RX 43 4f 5a 03 52 45 01 09 00 00 00 00 04 00 05 5c 00 f0 3f 1b 00 00 00 00 00 00 00 00 00 00 00 00 7a 3d 00 00 00 00 00 00 00 00 2c 0c df 38 8c ad 4d 3d 00 00 00 00 00 00 00 00 0d 69 cc 3e 45 06 4b be 9f 39 90 45 8a 40 8f 44 f5 3a 15 46 c0 eb b2 ba c0 61 8e 39 e4 97 65 b9 00 81 95 40 10 33 00 00 6a 03 00 00 00 00 00 00 00 00 ff
2026-09-18T14:31:22.8457160Z TX 43 4f 5a 03 52 45 01 0b 00 00 00 00 14 00 73 d7 12 f2 31 90 bc 40 9c 00 00 00 9b 00 00 00 00
2026-09-18T14:31:22.8785865Z RX 43 4f 5a 03 52 45 01 09 00 00 00 00 04 00 0b 11 00 73 d7 12 f2 31 90 bc 40 9c 00 00 00 9b 00 00 00 00 05 5c 00 f0 5d 1b 00 00 00 00 00 00 00 00 00 00 00 00 7a 3d 00 00 00 00 00 00 00 00 fa 47 04 39 58 d9 4d 3d 00 00 00 00 00 00 00 00 0d 69 cc 3e 45 06 4b be b8 09 90 45 0e 28 8d 44 e2 5e 15 46 80 2d 73 39 e8 56 0c 3a 2d cf 29 38 00 e3 95 40 10 33 00 00 6a 03 00 00 00 00 00 00 00 00 ff
2026-09-18T14:31:22.8918202Z TX 43 4f 5a 03 52 45 01 0b 00 00 00 00 14 00 61 32 55 30 3a be bc 40 9d 00 00 00 9c 00 00 00 00
2026-09-18T14:31:22.9116109Z RX 43 4f 5a 03 52 45 01 09 00 00 00 00 04 00 0b 11 00 61 32 55 30 3a be bc 40 9d 00 00 00 9c 00 00 00 00 05 5c 00 f0 7b 1b 00 00 00 00 00 00 00 00 00 00 00 00 7a 3d 00 00 00 00 00 00 00 00 58 03 fc 38 b4 37 4e 3d 00 00 00 00 00 00 00 00 0d 69 cc 3e 45 06 4b be 9c de 8f 45 36 5c 8b 44 5a 3d 15 46 e0 2c 14 ba 50 dd 89 b9 cf bc 13 3a 00 81 95 40 10 33 00 00 6a 03 00 00 00 00 00 00 00 00 ff
2026-09-18T14:31:22.9383834Z TX 43 4f 5a 03 52 45 01 0b 00 00 00 00 14 00 8f c2 f5 28 dc ec bc 40 9e 00 00 00 9d 00 00 00 00
2026-09-18T14:31:22.9466115Z RX 43 4f 5a 03 52 45 01 09 00 00 00 00 04 00 05 5c 00 f0 99 1b 00 00 00 00 00 00 00 00 00 00 00 00 7a 3d 00 00 00 00 00 00 00 00 b0 ed ef 38 4f 3e 4e 3d 00 00 00 00 00 00 00 00 0d 69 cc 3e 45 06 4b be f1 5f 90 45 89 61 8d 44 70 74 15 46 40 c2 74 39 b0 e0 8d 39 4b 92 42 ba 00 81 95 40 10 33 00 00 6a 03 00 00 00 00 00 00 00 00 ff 0b 11 00 8f c2 f5 28 dc ec bc 40 9e 00 00 00 9d 00 00 00 00
2026-09-18T14:31:22.9776801Z RX 43 4f 5a 03 52 45 01 09 00 00 00 00 04 00 05 5c 00 f0 b7 1b 00 00 00 00 00 00 00 00 00 00 00 00 7a 3d 00 00 00 00 00 00 00 00 dd b2 fb 38 d3 ad 4d 3d 00 00 00 00 00 00 00 00 0d 69 cc 3e 45 06 4b be df c1 8f 45 22 42 8c 44 34 85 15 46 60 9e 9c b9 68 cc 51 3a 18 3b 58 3a 00 e3 95 40 10 33 00 00 6a 03 00 00 00 00 00 00 00 00 ff
2026-09-18T14:31:22.9843839Z TX 43 4f 5a 03 52 45 01 0b 00 00 00 00 14 00 be 30 99 2a c8 1a bd 40 9f 00 00 00 9e 00 00 00 00
2026-09-18T14:31:23.0104364Z RX 43 4f 5a 03 52 45 01 09 00 00 00 00 04 00 05 5c 00 f0 d5 1b 00 00 00 00 00 00 00 00 00 00 00 00 7a 3d 00 00 00 00 00 00 00 00 05 01 17 39 f8 89 4d 3d 00 00 00 00 00 00 00 00 0d 69 cc 3e 45 06 4b be 05 7a 8f 45 da a8 8b 44 d2 1b 15 46 20 c0 13 ba b8 75 0b 3a 73 29 13 3a 00 81 95 40 10 33 00 00 6a 03 00 00 00 00 00 00 00 00 ff 0b 11 00 be 30 99 2a c8 1a bd 40 9f 00 00 00 9e 00 00 00 00
2026-09-18T14:31:23.0299328Z TX 43 4f 5a 03 52 45 01 0b 00 00 00 00 14 00 31 08 ac 1c 5a 48 bd 40 a0 00 00 00 9f 00 00 00 00
2026-09-18T14:31:23.0436026Z RX 43 4f 5a 03 52 45 01 09 00 00 00 00 04 00 05 5c 00 f0 f3 1b 00 00 00 00 00 00 00 00 00 00 00 00 7a 3d 00 00 00 00 00 00 00 00 77 a0 2b 39 a3 64 4d 3d 00 00 00 00 00 00 00 00 0d 69 cc 3e 45 06 4b be 40 2b 90 45 7f d4 8d 44 34 85 15 46 40 34 13 ba b8 4c 51 ba 29 52 1b 38 00 e3 95 40 10 33 00 00 6a 03 00 00 00 00 00 00 00 00 ff 0b 11 00 31 08 ac 1c 5a 48 bd 40 a0 00 00 00 9f 00 00 00 00
2026-09-18T14:31:23.0762228Z TX 43 4f 5a 03 52 45 01 0b 00 00 00 00 14 00 5f 29 cb 10 a7 76 bd 40 a1 00 00 00 a0 00 00 00 00
2026-09-18T14:31:23.0765892Z RX 43 4f 5a 03 52 45 01 09 00 00 00 00 04 00 05 5c 00 f0 11 1c 00 00 00 00 00 00 00 00 00 00 00 00 7a 3d 00 00 00 00 00 00 00 00 d7 3b 3d 39 be 40 4d 3d 00 00 00 00 00 00 00 00 0d 69 cc 3e 45 06 4b be c2 96 8f 45 5f 6f 8b 44 80 f5 14 46 c0 77 79 39 f8 7b 51 3a 04 48 12 3a 00 e3 95 40 10 33 00 00 6a 03 00 00 00 00 00 00 00 00 ff 05 5c 00 f0 2f 1c 00 00 00 00 00 00 00 00 00 00 00 00 7a 3d 00 00 00 00 00 00 00 00 6d c7 4e 39 6a 0b 4d 3d 00 00 00 00 00 00 00 00 0d 69 cc 3e 45 06 4b be 4d 13 90 45 94 cd 8e 44 ee 46 15 46 30 b7 03 3a bc 85 8b ba d8 5d 56 3a 00 81 95 40 10 33 00 00 6a 03 00 00 00 00 00 00 00 00 ff
2026-09-18T14:31:23.1094942Z RX 43 4f 5a 03 52 45 01 09 00 00 00 00 04 00 0b 11 00 5f 29 cb 10 a7 76 bd 40 a1 00 00 00 a0 00 00 00 00 05 5c 00 f0 4d 1c 00 00 00 00 00 00 00 00 00 00 00 00 7a 3d 00 00 00 00 00 00 00 00 f3 33 66 39 3a 44 4d 3d 00 00 00 00 00 00 00 00 0d 69 cc 3e 45 06 4b be 27 5b 90 45 4b 55 8c 44 83 50 15 46 a0 fc 58 ba f0 d7 0b 3a 29 b2 99 39 00 81 95 40 10 33 00 00 6a 03 00 00 00 00 00 00 00 00 ff
2026-09-18T14:31:23.1228942Z TX 43 4f 5a 03 52 45 01 0b 00 00 00 00 14 00 3a 92 cb 7f 58 a5 bd 40 a2 00 00 00 a1 00 00 00 00
2026-09-18T14:31:23.1424705Z RX 43 4f 5a 03 52 45 01 09 00 00 00 00 04 00 05 0a 00 f3 bc bc 58 de 02 00 00 00 45 0b 11 00 3a 92 cb 7f 58 a5 bd 40 a2 00 00 00 a1 00 00 00 00 05 5c 00 f0 6b 1c 00 00 00 00 00 00 00 00 00 00 00 00 7a 3d 00 00 00 00 00 00 00 00 24 50 64 39 8e 3c 4d 3d 00 00 00 00 00 00 00 00 0d 69 cc 3e 45 06 4b be 80 b3 8f 45 2d ae 8d 44 b9 4b 15 46 40 bc 79 39 28 40 0b 3a 27 70 06 38 00 e3 95 40 10 33 00 00 6a 03 00 00 00 00 00 00 00 00 ff
2026-09-18T14:31:23.1708024Z TX 43 4f 5a 03 52 45 01 0b 00 00 00 00 14 00 40 a4 df be 6e d5 bd 40 a3 00 00 00 a2 00 00 00 00
2026-09-18T14:31:23.1759067Z RX 43 4f 5a 03 52 45 01 09 00 00 00 00 04 00 05 5c 00 f0 89 1c 00 00 00 00 00 00 00 00 00 00 00 00 7a 3d 00 00 00 00 00 00 00 00 9a af 7b 39 78 c3 4d 3d 00 00 00 00 00 00 00 00 0d 69 cc 3e 45 06 4b be 1d ce 90 45 2e 8d 8f 44 ee 46 15 46 60 35 9a b9 70 98 8a 39 f4 d7 10 3a 00 e3 95 40 10 33 00 00 6a 03 00 00 00 00 00 00 00 00 ff 0b 11 00 40 a4 df be 6e d5 bd 40 a3 00 00 00 a2 00 00 00 00 05 0a 00 f3 8b 63 6c 11 01 00 00 00 2c
2026-09-18T14:31:23.2086424Z RX 43 4f 5a 03 52 45 01 09 00 00 00 00 04 00 05 5c 00 f0 a7 1c 00 00 00 00 00 00 00 00 00 00 00 00 7a 3d 00 00 00 00 00 00 00 00 df 08 85 39 47 e9 4d 3d 00 00 00 00 00 00 00 00 0d 69 cc 3e 45 06 4b be 14 bd 8f 45 75 47 8e 44 54 49 15 46 50 95 12 ba e0 51 8a 39 a8 0b 98 39 00 81 95 40 10 33 00 00 6a 03 00 00 00 00 00 00 00 00 ff 05 0a 00 f3 ec 8e 1a 24 02 00 00 00 49
2026-09-18T14:31:23.2174668Z TX 43 4f 5a 03 52 45 01 0b 00 00 00 00 14 00 93 18 04 56 1e 04 be 40 a4 00 00 00 a3 00 00 00 00
2026-09-18T14:31:23.2416449Z RX 43 4f 5a 03 52 45 01 09 00 00 00 00 04 00 0b 11 00 93 18 04 56 1e 04 be 40 a4 00 00 00 a3 00 00 00 00 05 5c 00 f0 c5 1c 00 00 00 00 00 00 00 00 00 00 00 00 7a 3d 00 00 00 00 00 00 00 00 99 20 8c 39 1a 4d 4d 3d 00 00 00 00 00 00 00 00 0d 69 cc 3e 45 06 4b be f8 91 8f 45 55 e2 8b 44 89 44 15 46 00 2a d6 b7 a0 4d 50 3a 9a 2f 10 3a 00 81 95 40 10 33 00 00 6a 03 00 00 00 00 00 00 00 00 ff
2026-09-18T14:31:23.2638855Z TX 43 4f 5a 03 52 45 01 0b 00 00 00 00 14 00 0b b5 a6 79 57 32 be 40 a5 00 00 00 a4 00 00 00 00
2026-09-18T14:31:23.2747553Z RX 43 4f 5a 03 52 45 01 09 00 00 00 00 04 00 05 5c 00 f0 e3 1c 00 00 00 00 00 00 00 00 00 00 00 00 7a 3d 00 00 00 00 00 00 00 00 f0 87 92 39 1b c0 4c 3d 00 00 00 00 00 00 00 00 0d 69 cc 3e 45 06 4b be 21 a5 8f 45 c7 6d 8e 44 1e 4e 15 46 00 82 d5 b7 00 24 8d b6 97 8e 46 ba 00 e3 95 40 10 33 00 00 6a 03 00 00 00 00 00 00 00 00 ff 0b 11 00 0b b5 a6 79 57 32 be 40 a5 00 00 00 a4 00 00 00 00
2026-09-18T14:31:23.3075637Z RX 43 4f 5a 03 52 45 01 09 00 00 00 00 04 00 05 5c 00 f0 01 1d 00 00 00 00 00 00 00 00 00 00 00 00 7a 3d 00 00 00 00 00 00 00 00 76 22 84 39 c8 56 4d 3d 00 00 00 00 00 00 00 00 0d 69 cc 3e 45 06 4b be fb ec 8f 45 4c 34 8e 44 0b 72 15 46 90 09 12 ba 60 58 0c ba 62 21 98 39 00 81 95 40 10 33 00 00 6a 03 00 00 00 00 00 00 00 00 ff
2026-09-18T14:31:23.3094027Z TX 43 4f 5a 03 52 45 01 0b 00 00 00 00 14 00 4e d1 91 5c ee 5f be 40 a6 00 00 00 a5 00 00 00 00
2026-09-18T14:31:23.3405722Z RX 43 4f 5a 03 52 45 01 09 00 00 00 00 04 00 0b 11 00 4e d1 91 5c ee 5f be 40 a6 00 00 00 a5 00 00 00 00 05 5c 00 f0 1f 1d 00 00 00 00 00 00 00 00 00 00 00 00 7a 3d 00 00 00 00 00 00 00 00 80 d9 86 39 1f 19 4d 3d 00 00 00 00 00 00 00 00 0d 69 cc 3e 45 06 4b be 80 b3 8f 45 6a db 8c 44 04 7e 15 46 c0 3d 57 ba 00 b5 8c b9 ad 7f a7 ba 00 e3 95 40 10 33 00 00 6a 03 00 00 00 00 00 00 00 00 ff
2026-09-18T14:31:23.3550672Z TX 43 4f 5a 03 52 45 01 0b 00 00 00 00 14 00 5a f5 b9 da 7a 8d be 40 a7 00 00 00 a6 00 00 00 00
2026-09-18T14:31:23.3733143Z RX 43 4f 5a 03 52 45 01 09 00 00 00 00 04 00 05 5c 00 f0 3d 1d 00 00 00 00 00 00 00 00 00 00 00 00 7a 3d 00 00 00 00 00 00 00 00 ea a2 83 39 d4 97 4c 3d 00 00 00 00 00 00 00 00 0d 69 cc 3e 45 06 4b be 70 70 8f 45 2d ae 8d 44 89 44 15 46 e0 e8 96 b9 70 7c 8a 39 72 83 f3 3a 00 81 95 40 10 33 00 00 6a 03 00 00 00 00 00 00 00 00 ff 0b 11 00 5a f5 b9 da 7a 8d be 40 a7 00 00 00 a6 00 00 00 00 05 5c 00 f0 5b 1d 00 00 00 00 00 00 00 00 00 00 00 00 7a 3d 00 00 00 00 00 00 00 00 a5 22 9b 39 65 7d 4c 3d 00 00 00 00 00 00 00 00 0d 69 cc 3e 45 06 4b be 05 7a 8f 45 57 a0 8f 44 db 6a 15 46 00 ce a8 b7 e8 be 0a 3a 7d b8 85 ba 00 81 95 40 10 33 00 00 6a 03 00 00 00 00 00 00 00 00 ff
2026-09-18T14:31:23.4016842Z TX 43 4f 5a 03 52 45 01 0b 00 00 00 00 14 00 fe 65 f7 e4 11 bc be 40 a8 00 00 00 a7 00 00 00 00
2026-09-18T14:31:23.4066093Z RX 43 4f 5a 03 52 45 01 09 00 00 00 00 04 00 05 5c 00 f0 79 1d 00 00 00 00 00 00 00 00 00 00 00 00 7a 3d 00 00 00 00 00 00 00 00 4c 2c 91 39 2b 0c 4c 3d 00 00 00 00 00 00 00 00 0d 69 cc 3e 45 06 4b be 80 b3 8f 45 04 9b 8d 44 ac 63 15 46 80 9f 80 39 00 a8 b3 b6 e0 ee 96 39 00 81 95 40 10 33 00 00 6a 03 00 00 00 00 00 00 00 00 ff 0b 11 00 fe 65 f7 e4 11 bc be 40 a8 00 00 00 a7 00 00 00 00
2026-09-18T14:31:23.4396575Z RX 43 4f 5a 03 52 45 01 09 00 00 00 00 04 00 05 5c 00 f0 97 1d 00 00 00 00 00 00 00 00 00 00 00 00 7a 3d 00 00 00 00 00 00 00 00 8d 41 84 39 e1 d0 4b 3d 00 00 00 00 00 00 00 00 0d 69 cc 3e 45 06 4b be d2 d9 8f 45 04 9b 8d 44 bf 3f 15 46 a0 1d 96 b9 30 50 8d b9 23 68 01 ba 00 81 95 40 10 33 00 00 6a 03 00 00 00 00 00 00 00 00 ff
2026-09-18T14:31:23.4477548Z TX 43 4f 5a 03 52 45 01 0b 00 00 00 00 14 00 a7 e8 48 2e 2f ea be 40 a9 00 00 00 a8 00 00 00 00
2026-09-18T14:31:23.4738911Z RX 43 4f 5a 03 52 45 01 09 00 00 00 00 04 00 0b 11 00 a7 e8 48 2e 2f ea be 40 a9 00 00 00 a8 00 00 00 00 05 5c 00 f0 b5 1d 00 00 00 00 00 00 00 00 00 00 00 00 7a 3d 00 00 00 00 00 00 00 00 79 09 81 39 de 15 4c 3d 00 00 00 00 00 00 00 00 0d 69 cc 3e 45 06 4b be df c1 8f 45 e5 14 8d 44 af be 15 46 40 0a 95 b9 7c e5 8a 3a 16 42 01 ba 00 e3 95 40 10 33 00 00 6a 03 00 00 00 00 00 00 00 00 ff
2026-09-18T14:31:23.4939814Z TX 43 4f 5a 03 52 45 01 0b 00 00 00 00 14 00 98 dd 93 87 75 18 bf 40 aa 00 00 00 a9 00 00 00 00
2026-09-18T14:31:23.5055248Z RX 43 4f 5a 03 52 45 01 09 00 00 00 00 04 00 05 5c 00 f0 d3 1d 00 00 00 00 00 00 00 00 00 00 00 00 7a 3d 00 00 00 00 00 00 00 00 fb 3b 74 39 ee d5 4b 3d 00 00 00 00 00 00 00 00 0d 69 cc 3e 45 06 4b be 40 2b 90 45 2d ae 8d 44 a2 d6 15 46 40 bb 94 b9 00 6c d1 b6 46 f0 00 ba 00 e3 95 40 10 33 00 00 6a 03 00 00 00 00 00 00 00 00 ff 0b 11 00 98 dd 93 87 75 18 bf 40 aa 00 00 00 a9 00 00 00 00
2026-09-18T14:31:23.5384348Z RX 43 4f 5a 03 52 45 01 09 00 00 00 00 04 00 05 5c 00 f0 f1 1d 00 00 00 00 00 00 00 00 00 00 00 00 7a 3d 00 00 00 00 00 00 00 00 0d 27 50 39 59 c9 4b 3d 00 00 00 00 00 00 00 00 0d 69 cc 3e 45 06 4b be ec a9 8f 45 61 2d 8f 44 ee 46 15 46 c0 25 94 b9 30 f6 8e b9 6d 1b 00 ba 00 e3 95 40 10 33 00 00 6a 03 00 00 00 00 00 00 00 00 ff
2026-09-18T14:31:23.5407136Z TX 43 4f 5a 03 52 45 01 0b 00 00 00 00 14 00 9e ef a7 c6 5b 47 bf 40 ab 00 00 00 aa 00 00 00 00
2026-09-18T14:31:23.5715108Z RX 43 4f 5a 03 52 45 01 09 00 00 00 00 04 00 0b 11 00 9e ef a7 c6 5b 47 bf 40 ab 00 00 00 aa 00 00 00 00 05 5c 00 f0 0f 1e 00 00 00 00 00 00 00 00 00 00 00 00 7a 3d 00 00 00 00 00 00 00 00 be c6 40 39 3e 9d 4b 3d 00 00 00 00 00 00 00 00 0d 69 cc 3e 45 06 4b be 9f 39 90 45 4c 34 8e 44 e8 52 15 46 80 a3 93 b9 a0 9a 8e b9 2e 81 ff b9 00 e3 95 40 10 33 00 00 6a 03 00 00 00 00 00 00 00 00 ff
2026-09-18T14:31:23.5884375Z TX 43 4f 5a 03 52 45 01 0b 00 00 00 00 14 00 5c 20 41 f1 f3 76 bf 40 ac 00 00 00 ab 00 00 00 00
2026-09-18T14:31:23.6045484Z RX 43 4f 5a 03 52 45 01 09 00 00 00 00 04 00 05 5c 00 f0 2d 1e 00 00 00 00 00 00 00 00 00 00 00 00 7a 3d 00 00 00 00 00 00 00 00 66 54 52 39 96 35 4c 3d 00 00 00 00 00 00 00 00 0d 69 cc 3e 45 06 4b be ee 04 90 45 22 42 8c 44 3e 12 15 46 00 00 82 b7 50 98 88 39 13 20 f4 3a 00 e3 95 40 10 33 00 00 6a 03 00 00 00 00 00 00 00 00 ff 0b 11 00 5c 20 41 f1 f3 76 bf 40 ac 00 00 00 ab 00 00 00 00
2026-09-18T14:31:23.6349755Z TX 43 4f 5a 03 52 45 01 0b 00 00 00 00 14 00 e3 a5 9b c4 a0 a5 bf 40 ad 00 00 00 ac 00 00 00 00
2026-09-18T14:31:23.6378492Z RX 43 4f 5a 03 52 45 01 09 00 00 00 00 04 00 05 5c 00 f0 4b 1e 00 00 00 00 00 00 00 00 00 00 00 00 7a 3d 00 00 00 00 00 00 00 00 90 a8 89 39 16 7e 4c 3d 00 00 00 00 00 00 00 00 0d 69 cc 3e 45 06 4b be c8 4c 90 45 36 5c 8b 44 cc 27 15 46 80 1f 0f ba c8 bb 09 3a b9 a1 97 39 00 e3 95 40 10 33 00 00 6a 03 00 00 00 00 00 00 00 00 ff 0b 11 00 e3 a5 9b c4 a0 a5 bf 40 ad 00 00 00 ac 00 00 00 00
2026-09-18T14:31:23.6707121Z RX 43 4f 5a 03 52 45 01 09 00 00 00 00 04 00 05 5c 00 f0 69 1e 00 00 00 00 00 00 00 00 00 00 00 00 7a 3d 00 00 00 00 00 00 00 00 73 29 87 39 dd f6 4c 3d 00 00 00 00 00 00 00 00 0d 69 cc 3e 45 06 4b be 92 51 90 45 4b 55 8c 44 1a b5 15 46 00 18 6a b7 f0 91 87 39 f4 06 46 ba 00 e3 95 40 10 33 00 00 6a 03 00 00 00 00 00 00 00 00 ff
2026-09-18T14:31:23.6820618Z TX 43 4f 5a 03 52 45 01 0b 00 00 00 00 14 00 f7 06 5f 98 7c d4 bf 40 ae 00 00 00 ad 00 00 00 00
2026-09-18T14:31:23.7037538Z RX 43 4f 5a 03 52 45 01 09 00 00 00 00 04 00 05 5c 00 f0 87 1e 00 00 00 00 00 00 00 00 00 00 00 00 7a 3d 00 00 00 00 00 00 00 00 4c b6 81 39 ea 17 4d 3d 00 00 00 00 00 00 00 00 0d 69 cc 3e 45 06 4b be d5 34 90 45 8a 40 8f 44 11 66 15 46 00 80 60 b7 98 f1 08 3a 21 ac 10 3a 00 e3 95 40 10 33 00 00 6a 03 00 00 00 00 00 00 00 00 ff 0b 11 00 f7 06 5f 98 7c d4 bf 40 ae 00 00 00 ad 00 00 00 00 05 5c 00 f0 a5 1e 00 00 00 00 00 00 00 00 00 00 00 00 7a 3d 00 00 00 00 00 00 00 00 8b 94 8f 39 5f 7e 4d 3d 00 00 00 00 00 00 00 00 0d 69 cc 3e 45 06 4b be fe 47 90 45 38 1a 8f 44 08 17 15 46 20 8e 92 b9 00 34 20 b7 03 ff d0 3a 00 81 95 40 10 33 00 00 6a 03 00 00 00 00 00 00 00 00 ff
2026-09-18T14:31:23.7277436Z TX 43 4f 5a 03 52 45 01 0b 00 00 00 00 14 00 51 6b 9a 77 2c 01 c0 40 af 00 00 00 ae 00 00 00 00
2026-09-18T14:31:23.7364942Z RX 43 4f 5a 03 52 45 01 09 00 00 00 00 04 00 0b 11 00 51 6b 9a 77 2c 01 c0 40 af 00 00 00 ae 00 00 00 00 05 5c 00 f0 c3 1e 00 00 00 00 00 00 00 00 00 00 00 00 7a 3d 00 00 00 00 00 00 00 00 1b d2 a4 39 d9 3c 4d 3d 00 00 00 00 00 00 00 00 0d 69 cc 3e 45 06 4b be 21 a5 8f 45 23 21 8e 44 bf 3f 15 46 e0 88 92 b9 00 00 19 b7 37 0e 0f 3a 00 e3 95 40 10 33 00 00 6a 03 00 00 00 00 00 00 00 00 ff
2026-09-18T14:31:23.7710203Z RX 43 4f 5a 03 52 45 01 09 00 00 00 00 04 00 05 5c 00 f0 e1 1e 00 00 00 00 00 00 00 00 00 00 00 00 7a 3d 00 00 00 00 00 00 00 00 d0 61 ad 39 4e 56 4d 3d 00 00 00 00 00 00 00 00 0d 69 cc 3e 45 06 4b be 08 d5 8f 45 9d 7b 8c 44 db 6a 15 46 e8 ca 4d 3a 20 a1 0d ba 41 a9 0e 3a 00 81 95 40 10 33 00 00 6a 03 00 00 00 00 00 00 00 00 ff
2026-09-18T14:31:23.7745038Z TX 43 4f 5a 03 52 45 01 0b 00 00 00 00 14 00 c0 ec 9e 3c 94 18 c0 40 b0 00 00 00 af 00 00 00 00
2026-09-18T14:31:23.8026768Z RX 43 4f 5a 03 52 45 01 09 00 00 00 00 04 00 0b 11 00 c0 ec 9e 3c 94 18 c0 40 b0 00 00 00 af 00 00 00 00 05 5c 00 f0 ff 1e 00 00 00 00 00 00 00 00 00 00 00 00 7a 3d 00 00 00 00 00 00 00 00 e2 cc c1 39 e9 b6 4c 3d 00 00 00 00 00 00 00 00 0d 69 cc 3e 45 06 4b be 40 2b 90 45 04 9b 8d 44 b2 57 15 46 a0 70 83 39 50 b1 0d ba 8b b8 0d 3a 00 81 95 40 10 33 00 00 6a 03 00 00 00 00 00 00 00 00 ff
2026-09-18T14:31:23.8215793Z TX 43 4f 5a 03 52 45 01 0b 00 00 00 00 14 00 01 4d 84 0d 0f 30 c0 40 b1 00 00 00 b0 00 00 00 00
2026-09-18T14:31:23.8354422Z RX 43 4f 5a 03 52 45 01 09 00 00 00 00 04 00 05 5c 00 f0 1d 1f 00 00 00 00 00 00 00 00 00 00 00 00 7a 3d 00 00 00 00 00 00 00 00 d5 88 af 39 f6 f6 4c 3d 00 00 00 00 00 00 00 00 0d 69 cc 3e 45 06 4b be ee 04 90 45 93 ee 8c 44 37 1e 15 46 80 88 83 39 c0 a7 87 39 58 95 07 bb 00 81 95 40 10 33 00 00 6a 03 00 00 00 00 00 00 00 00 ff 0b 11 00 01 4d 84 0d 0f 30 c0 40 b1 00 00 00 b0 00 00 00 00
2026-09-18T14:31:23.8684744Z RX 43 4f 5a 03 52 45 01 09 00 00 00 00 04 00 05 5c 00 f0 3b 1f 00 00 00 00 00 00 00 00 00 00 00 00 7a 3d 00 00 00 00 00 00 00 00 4f 58 9d 39 b1 31 4d 3d 00 00 00 00 00 00 00 00 0d 69 cc 3e 45 06 4b be e2 1c 90 45 80 b3 8f 44 d5 76 15 46 30 63 0f ba 18 09 d0 3a fb 0b 47 ba 00 81 95 40 10 33 00 00 6a 03 00 00 00 00 00 00 00 00 ff
2026-09-18T14:31:23.8693950Z TX 43 4f 5a 03 52 45 01 0b 00 00 00 00 14 00 8c db 68 00 f7 47 c0 40 b2 00 00 00 b1 00 00 00 00
2026-09-18T14:31:23.9014485Z RX 43 4f 5a 03 52 45 01 09 00 00 00 00 04 00 0b 11 00 8c db 68 00 f7 47 c0 40 b2 00 00 00 b1 00 00 00 00 05 5c 00 f0 59 1f 00 00 00 00 00 00 00 00 00 00 00 00 7a 3d 00 00 00 00 00 00 00 00 fe 8d 92 39 4f 67 4d 3d 00 00 00 00 00 00 00 00 0d 69 cc 3e 45 06 4b be c5 f1 8f 45 75 47 8e 44 15 ff 14 46 00 e0 6f b7 00 98 3a b7 01 6b dd 37 00 81 95 40 10 33 00 00 6a 03 00 00 00 00 00 00 00 00 ff
2026-09-18T14:31:23.9156839Z TX 43 4f 5a 03 52 45 01 0b 00 00 00 00 14 00 cd 3b 4e d1 29 5f c0 40 b3 00 00 00 b2 00 00 00 00
2026-09-18T14:31:23.9344824Z RX 43 4f 5a 03 52 45 01 09 00 00 00 00 04 00 05 5c 00 f0 77 1f 00 00 00 00 00 00 00 00 00 00 00 00 7a 3d 00 00 00 00 00 00 00 00 14 f2 98 39 96 27 4d 3d 00 00 00 00 00 00 00 00 0d 69 cc 3e 45 06 4b be 3b 75 8f 45 2d ae 8d 44 83 50 15 46 70 82 07 3a e8 56 08 3a cd 3a 96 39 00 e3 95 40 10 33 00 00 6a 03 00 00 00 00 00 00 00 00 ff 0b 11 00 cd 3b 4e d1 29 5f c0 40 b3 00 00 00 b2 00 00 00 00
2026-09-18T14:31:23.9632566Z TX 43 4f 5a 03 52 45 01 0b 00 00 00 00 14 00 31 99 2a 18 e5 76 c0 40 b4 00 00 00 b3 00 00 00 00
2026-09-18T14:31:23.9676765Z RX 43 4f 5a 03 52 45 01 09 00 00 00 00 04 00 05 5c 00 f0 95 1f 00 00 00 00 00 00 00 00 00 00 00 00 7a 3d 00 00 00 00 00 00 00 00 00 08 a3 39 40 e1 4c 3d 00 00 00 00 00 00 00 00 0d 69 cc 3e 45 06 4b be e2 1c 90 45 0f 07 8f 44 b2 57 15 46 00 52 0f ba 1c 11 f2 3a e2 23 0f 3a 00 e3 95 40 10 33 00 00 6a 03 00 00 00 00 00 00 00 00 ff 0b 11 00 31 99 2a 18 e5 76 c0 40 b4 00 00 00 b3 00 00 00 00
2026-09-18T14:31:24.0008233Z RX 43 4f 5a 03 52 45 01 09 00 00 00 00 04 00 05 5c 00 f0 b3 1f 00 00 00 00 00 00 00 00 00 00 00 00 7a 3d 00 00 00 00 00 00 00 00 1b 75 a0 39 4a f2 4c 3d 00 00 00 00 00 00 00 00 0d 69 cc 3e 45 06 4b be d8 8f 90 45 d1 fa 8d 44 a6 6f 15 46 a0 b6 83 39 10 c0 81 39 41 30 47 ba 00 81 95 40 10 33 00 00 6a 03 00 00 00 00 00 00 00 00 ff 05 5c 00 f0 d1 1f 00 00 00 00 00 00 00 00 00 00 00 00 7a 3d 00 00 00 00 00 00 00 00 47 b4 98 39 2a d2 4c 3d 00 00 00 00 00 00 00 00 0d 69 cc 3e 45 06 4b be c5 f1 8f 45 38 1a 8f 44 2b 36 15 46 20 e5 92 b9 18 73 10 ba 05 9e 0f 3a 00 e3 95 40 10 33 00 00 6a 03 00 00 00 00 00 00 00 00 ff
2026-09-18T14:31:24.0087905Z TX 43 4f 5a 03 52 45 01 0b 00 00 00 00 14 00 27 c2 86 a7 97 8d c0 40 b5 00 00 00 b4 00 00 00 00
2026-09-18T14:31:24.0339949Z RX 43 4f 5a 03 52 45 01 09 00 00 00 00 04 00 0b 11 00 27 c2 86 a7 97 8d c0 40 b5 00 00 00 b4 00 00 00 00 05 5c 00 f0 ef 1f 00 00 00 00 00 00 00 00 00 00 00 00 7a 3d 00 00 00 00 00 00 00 00 fe 86 a3 39 be f4 4c 3d 00 00 00 00 00 00 00 00 0d 69 cc 3e 45 06 4b be 5a fb 8f 45 4b 55 8c 44 96 2c 15 46 f0 a5 54 ba 00 9d 94 b9 fa d6 02 ba 00 e3 95 40 10 33 00 00 6a 03 00 00 00 00 00 00 00 00 ff
2026-09-18T14:31:24.0555825Z TX 43 4f 5a 03 52 45 01 0b 00 00 00 00 14 00 e0 be 0e 9c 1b a5 c0 40 b6 00 00 00 b5 00 00 00 00
2026-09-18T14:31:24.0666092Z RX 43 4f 5a 03 52 45 01 09 00 00 00 00 04 00 0b 11 00 e0 be 0e 9c 1b a5 c0 40 b6 00 00 00 b5 00 00 00 00 05 5c 00 f0 0d 20 00 00 00 00 00 00 00 00 00 00 00 00 7a 3d 00 00 00 00 00 00 00 00 0d 05 9b 39 de 94 4c 3d 00 00 00 00 00 00 00 00 0d 69 cc 3e 45 06 4b be 90 f6 8f 45 23 21 8e 44 ee 46 15 46 00 93 08 3a f0 e5 0f ba 2e 05 d1 37 00 81 95 40 10 33 00 00 6a 03 00 00 00 00 00 00 00 00 ff
2026-09-18T14:31:24.0996619Z RX 43 4f 5a 03 52 45 01 09 00 00 00 00 04 00 05 5c 00 f0 2b 20 00 00 00 00 00 00 00 00 00 00 00 00 7a 3d 00 00 00 00 00 00 00 00 25 78 98 39 e3 9f 4c 3d 00 00 00 00 00 00 00 00 0d 69 cc 3e 45 06 4b be 21 a5 8f 45 60 4e 8d 44 04 7e 15 46 00 3c 45 b7 90 68 07 3a 7d a7 85 ba 00 e3 95 40 10 33 00 00 6a 03 00 00 00 00 00 00 00 00 ff
2026-09-18T14:31:24.1030606Z TX 43 4f 5a 03 52 45 01 0b 00 00 00 00 14 00 02 9a 08 1b ce bc c0 40 b7 00 00 00 b6 00 00 00 00
2026-09-18T14:31:24.1327256Z RX 43 4f 5a 03 52 45 01 09 00 00 00 00 04 00 0b 11 00 02 9a 08 1b ce bc c0 40 b7 00 00 00 b6 00 00 00 00 05 0a 00 f3 bc bc 58 de 02 00 00 00 45 05 5c 00 f0 49 20 00 00 00 00 00 00 00 00 00 00 00 00 7a 3d 00 00 00 00 00 00 00 00 44 d4 87 39 66 6f 4c 3d 00 00 00 00 00 00 00 00 0d 69 cc 3e 45 06 4b be ae 7c 90 45 9d 7b 8c 44 a6 6f 15 46 b0 f5 53 ba 58 df 0f ba 6d 4a 74 b9 00 e3 95 40 10 33 00 00 6a 03 00 00 00 00 00 00 00 00 ff
2026-09-18T14:31:24.1499619Z TX 43 4f 5a 03 52 45 01 0b 00 00 00 00 14 00 93 3a 01 4d 34 d4 c0 40 b8 00 00 00 b7 00 00 00 00
2026-09-18T14:31:24.1657932Z RX 43 4f 5a 03 52 45 01 09 00 00 00 00 04 00 05 5c 00 f0 67 20 00 00 00 00 00 00 00 00 00 00 00 00 7a 3d 00 00 00 00 00 00 00 00 3b 5e 82 39 a6 de 4c 3d 00 00 00 00 00 00 00 00 0d 69 cc 3e 45 06 4b be 7c dc 90 45 94 cd 8e 44 07 d9 15 46 c8 69 4e 3a 90 bd 93 b9 b0 63 a7 ba 00 e3 95 40 10 33 00 00 6a 03 00 00 00 00 00 00 00 00 ff 0b 11 00 93 3a 01 4d 34 d4 c0 40 b8 00 00 00 b7 00 00 00 00
2026-09-18T14:31:24.1964378Z TX 43 4f 5a 03 52 45 01 0b 00 00 00 00 14 00 f2 d2 4d 62 88 eb c0 40 b9 00 00 00 b8 00 00 00 00
2026-09-18T14:31:24.1985756Z RX 43 4f 5a 03 52 45 01 09 00 00 00 00 04 00 05 5c 00 f0 85 20 00 00 00 00 00 00 00 00 00 00 00 00 7a 3d 00 00 00 00 00 00 00 00 b6 ef 73 39 1d 38 4d 3d 00 00 00 00 00 00 00 00 0d 69 cc 3e 45 06 4b be 17 18 90 45 bd e0 8e 44 60 31 15 46 50 83 0e ba 90 81 93 b9 2d 09 11 3a 00 e3 95 40 10 33 00 00 6a 03 00 00 00 00 00 00 00 00 ff 0b 11 00 f2 d2 4d 62 88 eb c0 40 b9 00 00 00 b8 00 00 00 00
2026-09-18T14:31:24.2317597Z RX 43 4f 5a 03 52 45 01 09 00 00 00 00 04 00 05 5c 00 f0 a3 20 00 00 00 00 00 00 00 00 00 00 00 00 7a 3d 00 00 00 00 00 00 00 00 6f 9a 67 39 9b 50 4d 3d 00 00 00 00 00 00 00 00 0d 69 cc 3e 45 06 4b be e2 1c 90 45 0f 07 8f 44 0b 72 15 46 60 f2 85 39 00 b2 74 b7 0d e0 84 ba 00 81 95 40 10 33 00 00 6a 03 00 00 00 00 00 00 00 00 ff
2026-09-18T14:31:24.2427850Z TX 43 4f 5a 03 52 45 01 0b 00 00 00 00 14 00 39 d6 c5 6d b4 02 c1 40 ba 00 00 00 b9 00 00 00 00
2026-09-18T14:31:24.2646924Z RX 43 4f 5a 03 52 45 01 09 00 00 00 00 04 00 05 5c 00 f0 c1 20 00 00 00 00 00 00 00 00 00 00 00 00 7a 3d 00 00 00 00 00 00 00 00 8c a8 59 39 e7 82 4d 3d 00 00 00 00 00 00 00 00 0d 69 cc 3e 45 06 4b be 86 69 90 45 fa 0d 8e 44 37 1e 15 46 40 81 91 b9 b4 27 cf 3a 90 4e 6f b9 00 81 95 40 10 33 00 00 6a 03 00 00 00 00 00 00 00 00 ff 0b 11 00 39 d6 c5 6d b4 02 c1 40 ba 00 00 00 b9 00 00 00 00
2026-09-18T14:31:24.2887039Z TX 43 4f 5a 03 52 45 01 0b 00 00 00 00 14 00 d5 09 68 22 a4 19 c1 40 bb 00 00 00 ba 00 00 00 00
2026-09-18T14:31:24.2975989Z RX 43 4f 5a 03 52 45 01 09 00 00 00 00 04 00 05 5c 00 f0 df 20 00 00 00 00 00 00 00 00 00 00 00 00 7a 3d 00 00 00 00 00 00 00 00 de ac 66 39 b2 ca 4d 3d 00 00 00 00 00 00 00 00 0d 69 cc 3e 45 06 4b be 0a 30 90 45 db 87 8d 44 e2 5e 15 46 00 d8 2b b7 d0 f1 95 b9 bc 57 11 3a 00 81 95 40 10 33 00 00 6a 03 00 00 00 00 00 00 00 00 ff 0b 11 00 d5 09 68 22 a4 19 c1 40 bb 00 00 00 ba 00 00 00 00
2026-09-18T14:31:24.3310990Z RX 43 4f 5a 03 52 45 01 09 00 00 00 00 04 00 05 5c 00 f0 fd 20 00 00 00 00 00 00 00 00 00 00 00 00 7a 3d 00 00 00 00 00 00 00 00 05 3f 69 39 b4 58 4d 3d 00 00 00 00 00 00 00 00 0d 69 cc 3e 45 06 4b be 76 26 90 45 23 21 8e 44 fe 89 15 46 20 53 08 3a b8 36 10 ba aa 96 99 39 00 e3 95 40 10 33 00 00 6a 03 00 00 00 00 00 00 00 00 ff 05 5c 00 f0 1b 21 00 00 00 00 00 00 00 00 00 00 00 00 7a 3d 00 00 00 00 00 00 00 00 4e 3c 73 39 b2 21 4d 3d 00 00 00 00 00 00 00 00 0d 69 cc 3e 45 06 4b be 08 d5 8f 45 e6 f3 8e 44 d2 1b 15 46 b0 8a 0e ba f8 b5 06 3a c7 30 01 38 00 81 95 40 10 33 00 00 6a 03 00 00 00 00 00 00 00 00 ff
2026-09-18T14:31:24.3342683Z TX 43 4f 5a 03 52 45 01 0b 00 00 00 00 14 00 3b 70 ce 88 62 30 c1 40 bc 00 00 00 bb 00 00 00 00
2026-09-18T14:31:24.3641073Z RX 43 4f 5a 03 52 45 01 09 00 00 00 00 04 00 0b 11 00 3b 70 ce 88 62 30 c1 40 bc 00 00 00 bb 00 00 00 00 05 5c 00 f0 39 21 00 00 00 00 00 00 00 00 00 00 00 00 7a 3d 00 00 00 00 00 00 00 00 a3 b0 7e 39 3a 8e 4c 3d 00 00 00 00 00 00 00 00 0d 69 cc 3e 45 06 4b be 1e 4a 8f 45 88 82 8b 44 6a 80 15 46 70 cd 8c ba cc cf 88 3a 3e 21 af 3a 00 81 95 40 10 33 00 00 6a 03 00 00 00 00 00 00 00 00 ff
2026-09-18T14:31:24.3808661Z TX 43 4f 5a 03 52 45 01 0b 00 00 00 00 14 00 d7 12 f2 41 af 47 c1 40 bd 00 00 00 bc 00 00 00 00
2026-09-18T14:31:24.3967256Z RX 43 4f 5a 03 52 45 01 09 00 00 00 00 04 00 0b 11 00 d7 12 f2 41 af 47 c1 40 bd 00 00 00 bc 00 00 00 00 05 5c 00 f0 57 21 00 00 00 00 00 00 00 00 00 00 00 00 7a 3d 00 00 00 00 00 00 00 00 a5 2d 90 39 62 4f 4c 3d 00 00 00 00 00 00 00 00 0d 69 cc 3e 45 06 4b be 0d 8b 90 45 89 61 8d 44 1e 4e 15 46 e0 d1 8f b9 a0 ce 7f 39 bd 6e 46 ba 00 81 95 40 10 33 00 00 6a 03 00 00 00 00 00 00 00 00 ff
2026-09-18T14:31:24.4278009Z TX 43 4f 5a 03 52 45 01 0b 00 00 00 00 14 00 10 58 39 b4 28 5f c1 40 be 00 00 00 bd 00 00 00 00
2026-09-18T14:31:24.4294959Z RX 43 4f 5a 03 52 45 01 09 00 00 00 00 04 00 05 5c 00 f0 75 21 00 00 00 00 00 00 00 00 00 00 00 00 7a 3d 00 00 00 00 00 00 00 00 4b 25 7c 39 67 c9 4c 3d 00 00 00 00 00 00 00 00 0d 69 cc 3e 45 06 4b be 24 00 90 45 9e 5a 8e 44 04 7e 15 46 c0 61 87 39 68 51 ab 3a 9f 88 c9 ba 00 81 95 40 10 33 00 00 6a 03 00 00 00 00 00 00 00 00 ff
2026-09-18T14:31:24.4627133Z RX 43 4f 5a 03 52 45 01 09 00 00 00 00 04 00 0b 11 00 10 58 39 b4 28 5f c1 40 be 00 00 00 bd 00 00 00 00 05 5c 00 f0 93 21 00 00 00 00 00 00 00 00 00 00 00 00 7a 3d 00 00 00 00 00 00 00 00 46 08 5b 39 4c 02 4c 3d 00 00 00 00 00 00 00 00 0d 69 cc 3e 45 06 4b be a1 b5 8e 45 c6 8e 8c 44 7d 5c 15 46 e0 4e 8f b9 28 3c 04 3a 44 6c 6f b9 00 81 95 40 10 33 00 00 6a 03 00 00 00 00 00 00 00 00 ff
2026-09-18T14:31:24.4731766Z TX 43 4f 5a 03 52 45 01 0b 00 00 00 00 14 00 78 7a a5 2c db 75 c1 40 bf 00 00 00 be 00 00 00 00
2026-09-18T14:31:24.4981244Z RX 43 4f 5a 03 52 45 01 09 00 00 00 00 04 00 0b 11 00 78 7a a5 2c db 75 c1 40 bf 00 00 00 be 00 00 00 00 05 5c 00 f0 b1 21 00 00 00 00 00 00 00 00 00 00 00 00 7a 3d 00 00 00 00 00 00 00 00 75 c2 51 39 73 38 4c 3d 00 00 00 00 00 00 00 00 0d 69 cc 3e 45 06 4b be 95 ac 90 45 55 e2 8b 44 63 8c 15 46 80 11 53 ba 50 42 58 ba 09 91 6e b9 00 81 95 40 10 33 00 00 6a 03 00 00 00 00 00 00 00 00 ff
2026-09-18T14:31:24.5200127Z TX 43 4f 5a 03 52 45 01 0b 00 00 00 00 14 00 2d b2 9d ef 47 8d c1 40 c0 00 00 00 bf 00 00 00 00
2026-09-18T14:31:24.5285824Z RX 43 4f 5a 03 52 45 01 09 00 00 00 00 04 00 05 5c 00 f0 cf 21 00 00 00 00 00 00 00 00 00 00 00 00 7a 3d 00 00 00 00 00 00 00 00 61 00 4a 39 8c 3a 4c 3d 00 00 00 00 00 00 00 00 0d 69 cc 3e 45 06 4b be 0d 8b 90 45 2d ae 8d 44 3a 79 15 46 a0 69 0c ba 60 9c 57 ba 10 e7 ff b9 00 81 95 40 10 33 00 00 6a 03 00 00 00 00 00 00 00 00 ff 0b 11 00 2d b2 9d ef 47 8d c1 40 c0 00 00 00 bf 00 00 00 00
2026-09-18T14:31:24.5619248Z RX 43 4f 5a 03 52 45 01 09 00 00 00 00 04 00 05 5c 00 f0 ed 21 00 00 00 00 00 00 00 00 00 00 00 00 7a 3d 00 00 00 00 00 00 00 00 53 e6 34 39 ed db 4c 3d 00 00 00 00 00 00 00 00 0d 69 cc 3e 45 06 4b be 86 69 90 45 dc 66 8f 44 bf 3f 15 46 60 54 8d b9 60 3a 97 b9 00 ee fe b9 80 18 94 40 10 33 00 00 6a 03 00 00 00 00 00 00 00 00 ff
2026-09-18T14:31:24.5654153Z TX 43 4f 5a 03 52 45 01 0b 00 00 00 00 14 00 ee 7c 3f 35 06 a4 c1 40 c1 00 00 00 c0 00 00 00 00
2026-09-18T14:31:24.5946453Z RX 43 4f 5a 03 52 45 01 09 00 00 00 00 04 00 0b 11 00 ee 7c 3f 35 06 a4 c1 40 c1 00 00 00 c0 00 00 00 00 05 5c 00 f0 0b 22 00 00 00 00 00 00 00 00 00 00 00 00 7a 3d 00 00 00 00 00 00 00 00 d1 ac 1c 39 80 8d 4c 3d 00 00 00 00 00 00 00 00 0d 69 cc 3e 45 06 4b be 69 3e 90 45 9e 5a 8e 44 99 87 15 46 40 aa 51 ba 00 c0 b5 b7 c2 6e c8 ba 00 81 95 40 10 33 00 00 6a 03 00 00 00 00 00 00 00 00 ff
2026-09-18T14:31:24.6131831Z TX 43 4f 5a 03 52 45 01 0b 00 00 00 00 14 00 bb 27 0f 0b ed bb c1 40 c2 00 00 00 c1 00 00 00 00
2026-09-18T14:31:24.6280314Z RX 43 4f 5a 03 52 45 01 09 00 00 00 00 04 00 05 5c 00 f0 29 22 00 00 00 00 00 00 00 00 00 00 00 00 7a 3d 00 00 00 00 00 00 00 00 62 c3 04 39 35 b2 4c 3d 00 00 00 00 00 00 00 00 0d 69 cc 3e 45 06 4b be fe 47 90 45 e5 14 8d 44 11 66 15 46 a0 48 8a 39 20 5d 4b 3a 70 9a 13 3a 00 81 95 40 10 33 00 00 6a 03 00 00 00 00 00 00 00 00 ff 0b 11 00 bb 27 0f 0b ed bb c1 40 c2 00 00 00 c1 00 00 00 00 05 5c 00 f0 47 22 00 00 00 00 00 00 00 00 00 00 00 00 7a 3d 00 00 00 00 00 00 00 00 0b 12 0c 39 ce b5 4c 3d 00 00 00 00 00 00 00 00 0d 69 cc 3e 45 06 4b be 40 2b 90 45 04 9b 8d 44 b2 57 15 46 50 d0 0b ba c0 9d 7d 39 5b c0 83 ba 00 81 95 40 10 33 00 00 6a 03 00 00 00 00 00 00 00 00 ff
2026-09-18T14:31:24.6585265Z TX 43 4f 5a 03 52 45 01 0b 00 00 00 00 14 00 e8 d9 ac fa 7c d2 c1 40 c3 00 00 00 c2 00 00 00 00
2026-09-18T14:31:24.6615444Z RX 43 4f 5a 03 52 45 01 09 00 00 00 00 04 00 05 5c 00 f0 65 22 00 00 00 00 00 00 00 00 00 00 00 00 7a 3d 00 00 00 00 00 00 00 00 98 15 00 39 10 b9 4c 3d 00 00 00 00 00 00 00 00 0d 69 cc 3e 45 06 4b be e4 77 90 45 56 c1 8d 44 e2 5e 15 46 e0 18 0b 3a a0 ec 04 3a 2e b6 13 3a 00 81 95 40 10 33 00 00 6a 03 00 00 00 00 00 00 00 00 ff 0b 11 00 e8 d9 ac fa 7c d2 c1 40 c3 00 00 00 c2 00 00 00 00
2026-09-18T14:31:24.6943240Z RX 43 4f 5a 03 52 45 01 09 00 00 00 00 04 00 05 5c 00 f0 83 22 00 00 00 00 00 00 00 00 00 00 00 00 7a 3d 00 00 00 00 00 00 00 00 4a 0f f7 38 ba cf 4c 3d 00 00 00 00 00 00 00 00 0d 69 cc 3e 45 06 4b be 9c de 8f 45 04 9b 8d 44 3a 79 15 46 90 8a ae ba b0 11 99 b9 a1 9b 66 b9 00 81 95 40 10 33 00 00 6a 03 00 00 00 00 00 00 00 00 ff
2026-09-18T14:31:24.7043736Z TX 43 4f 5a 03 52 45 01 0b 00 00 00 00 14 00 ab 3e 57 5b 61 e9 c1 40 c4 00 00 00 c3 00 00 00 00
2026-09-18T14:31:24.7267155Z RX 43 4f 5a 03 52 45 01 09 00 00 00 00 04 00 0b 11 00 ab 3e 57 5b 61 e9 c1 40 c4 00 00 00 c3 00 00 00 00 05 5c 00 f0 a1 22 00 00 00 00 00 00 00 00 00 00 00 00 7a 3d 00 00 00 00 00 00 00 00 4e 67 01 39 3b d9 4c 3d 00 00 00 00 00 00 00 00 0d 69 cc 3e 45 06 4b be d2 d9 8f 45 0f 07 8f 44 2d 91 15 46 80 19 8c 39 88 4d 04 3a 0f 2c 58 3a 00 81 95 40 10 33 00 00 6a 03 00 00 00 00 00 00 00 00 ff
2026-09-18T14:31:24.7497211Z TX 43 4f 5a 03 52 45 01 0b 00 00 00 00 14 00 ae b6 62 7f 19 00 c2 40 c5 00 00 00 c4 00 00 00 00
2026-09-18T14:31:24.7609874Z RX 43 4f 5a 03 52 45 01 09 00 00 00 00 04 00 05 5c 00 f0 bf 22 00 00 00 00 00 00 00 00 00 00 00 00 7a 3d 00 00 00 00 00 00 00 00 b6 17 16 39 48 ae 4c 3d 00 00 00 00 00 00 00 00 0d 69 cc 3e 45 06 4b be 4a b8 8f 45 6b ba 8e 44 56 a4 15 46 40 b8 8b b9 68 60 12 ba e0 6e 9d 39 00 81 95 40 10 33 00 00 6a 03 00 00 00 00 00 00 00 00 ff 0b 11 00 ae b6 62 7f 19 00 c2 40 c5 00 00 00 c4 00 00 00 00
2026-09-18T14:31:24.7934043Z RX 43 4f 5a 03 52 45 01 09 00 00 00 00 04 00 05 5c 00 f0 dd 22 00 00 00 00 00 00 00 00 00 00 00 00 7a 3d 00 00 00 00 00 00 00 00 e4 37 2c 39 cd 43 4c 3d 00 00 00 00 00 00 00 00 0d 69 cc 3e 45 06 4b be 4d 13 90 45 9d 7b 8c 44 90 38 15 46 80 9e 0b 3a 40 2d 98 b9 52 b2 12 3a 00 e3 95 40 10 33 00 00 6a 03 00 00 00 00 00 00 00 00 ff
2026-09-18T14:31:24.7956273Z TX 43 4f 5a 03 52 45 01 0b 00 00 00 00 14 00 29 5c 8f c2 0d 17 c2 40 c6 00 00 00 c5 00 00 00 00
2026-09-18T14:31:24.8261714Z RX 43 4f 5a 03 52 45 01 09 00 00 00 00 04 00 0b 11 00 29 5c 8f c2 0d 17 c2 40 c6 00 00 00 c5 00 00 00 00 05 5c 00 f0 fb 22 00 00 00 00 00 00 00 00 00 00 00 00 7a 3d 00 00 00 00 00 00 00 00 b2 96 21 39 c6 c2 4c 3d 00 00 00 00 00 00 00 00 0d 69 cc 3e 45 06 4b be 70 70 8f 45 db 87 8d 44 74 0d 15 46 80 18 0b 3a 40 a0 98 b9 8a ff 83 ba 00 e3 95 40 10 33 00 00 6a 03 00 00 00 00 00 00 00 00 ff
2026-09-18T14:31:24.8422212Z TX 43 4f 5a 03 52 45 01 0b 00 00 00 00 14 00 ee eb c0 39 6b 2e c2 40 c7 00 00 00 c6 00 00 00 00
2026-09-18T14:31:24.8589198Z RX 43 4f 5a 03 52 45 01 09 00 00 00 00 04 00 05 5c 00 f0 19 23 00 00 00 00 00 00 00 00 00 00 00 00 7a 3d 00 00 00 00 00 00 00 00 91 22 0b 39 c3 ad 4c 3d 00 00 00 00 00 00 00 00 0d 69 cc 3e 45 06 4b be 08 d5 8f 45 d1 fa 8d 44 db 6a 15 46 80 01 8a 39 00 96 be b7 eb 09 68 b9 00 e3 95 40 10 33 00 00 6a 03 00 00 00 00 00 00 00 00 ff 0b 11 00 ee eb c0 39 6b 2e c2 40 c7 00 00 00 c6 00 00 00 00
2026-09-18T14:31:24.8888929Z TX 43 4f 5a 03 52 45 01 0b 00 00 00 00 14 00 87 16 d9 ce bf 45 c2 40 c8 00 00 00 c7 00 00 00 00
2026-09-18T14:31:24.9016208Z RX 43 4f 5a 03 52 45 01 09 00 00 00 00 04 00 05 5c 00 f0 37 23 00 00 00 00 00 00 00 00 00 00 00 00 7a 3d 00 00 00 00 00 00 00 00 7e d0 1f 39 3d 73 4c 3d 00 00 00 00 00 00 00 00 0d 69 cc 3e 45 06 4b be 69 3e 90 45 89 61 8d 44 76 68 15 46 50 47 51 ba 74 1d ab 3a 32 fb 8d 3a 00 e3 95 40 10 33 00 00 6a 03 00 00 00 00 00 00 00 00 ff
2026-09-18T14:31:24.9248980Z RX 43 4f 5a 03 52 45 01 09 00 00 00 00 04 00 0b 11 00 87 16 d9 ce bf 45 c2 40 c8 00 00 00 c7 00 00 00 00 05 5c 00 f0 55 23 00 00 00 00 00 00 00 00 00 00 00 00 7a 3d 00 00 00 00 00 00 00 00 73 be 2f 39 f9 74 4c 3d 00 00 00 00 00 00 00 00 0d 69 cc 3e 45 06 4b be fe 47 90 45 7e f5 8b 44 3a 79 15 46 00 00 a1 b4 14 c8 8e ba 74 31 1a 38 00 81 95 40 10 33 00 00 6a 03 00 00 00 00 00 00 00 00 ff 05 5c 00 f0 73 23 00 00 00 00 00 00 00 00 00 00 00 00 7a 3d 00 00 00 00 00 00 00 00 c5 82 2f 39 35 b4 4c 3d 00 00 00 00 00 00 00 00 0d 69 cc 3e 45 06 4b be a2 94 90 45 6a db 8c 44 bf 3f 15 46 00 20 b7 b5 38 58 05 3a 73 63 6b b9 00 e3 95 40 10 33 00 00 6a 03 00 00 00 00 00 00 00 00 ff
2026-09-18T14:31:24.9354185Z TX 43 4f 5a 03 52 45 01 0b 00 00 00 00 14 00 1a 51 da 1b fc 5c c2 40 c9 00 00 00 c8 00 00 00 00
2026-09-18T14:31:24.9579064Z RX 43 4f 5a 03 52 45 01 09 00 00 00 00 04 00 0b 11 00 1a 51 da 1b fc 5c c2 40 c9 00 00 00 c8 00 00 00 00 05 5c 00 f0 91 23 00 00 00 00 00 00 00 00 00 00 00 00 7a 3d 00 00 00 00 00 00 00 00 ed 23 3e 39 60 62 4c 3d 00 00 00 00 00 00 00 00 0d 69 cc 3e 45 06 4b be fb ec 8f 45 60 4e 8d 44 47 61 15 46 00 80 17 b5 20 f7 7b 39 45 97 9b 39 00 81 95 40 10 33 00 00 6a 03 00 00 00 00 00 00 00 00 ff
2026-09-18T14:31:24.9818685Z TX 43 4f 5a 03 52 45 01 0b 00 00 00 00 14 00 14 ae 47 e1 32 74 c2 40 ca 00 00 00 c9 00 00 00 00
2026-09-18T14:31:24.9909626Z RX 43 4f 5a 03 52 45 01 09 00 00 00 00 04 00 0b 11 00 14 ae 47 e1 32 74 c2 40 ca 00 00 00 c9 00 00 00 00 05 5c 00 f0 af 23 00 00 00 00 00 00 00 00 00 00 00 00 7a 3d 00 00 00 00 00 00 00 00 fb 11 29 39 1a 9b 4c 3d 00 00 00 00 00 00 00 00 0d 69 cc 3e 45 06 4b be 5a fb 8f 45 2d ae 8d 44 bf 3f 15 46 d0 46 8b 3a 28 8c 04 3a dd a9 1c 38 00 81 95 40 10 33 00 00 6a 03 00 00 00 00 00 00 00 00 ff
2026-09-18T14:31:25.0238474Z RX 43 4f 5a 03 52 45 01 09 00 00 00 00 04 00 05 5c 00 f0 cd 23 00 00 00 00 00 00 00 00 00 00 00 00 7a 3d 00 00 00 00 00 00 00 00 31 f1 53 39 a2 ae 4c 3d 00 00 00 00 00 00 00 00 0d 69 cc 3e 45 06 4b be ee 04 90 45 24 00 90 44 90 38 15 46 a0 1b 8d b9 e8 02 04 3a a7 1d f4 3a 00 81 95 40 10 33 00 00 6a 03 00 00 00 00 00 00 00 00 ff
2026-09-18T14:31:25.0292981Z TX 43 4f 5a 03 52 45 01 0b 00 00 00 00 14 00 49 9d 80 26 f2 8b c2 40 cb 00 00 00 ca 00 00 00 00
2026-09-18T14:31:25.0568473Z RX 43 4f 5a 03 52 45 01 09 00 00 00 00 04 00 0b 11 00 49 9d 80 26 f2 8b c2 40 cb 00 00 00 ca 00 00 00 00 05 5c 00 f0 eb 23 00 00 00 00 00 00 00 00 00 00 00 00 7a 3d 00 00 00 00 00 00 00 00 10 0d 55 39 3f a5 4c 3d 00 00 00 00 00 00 00 00 0d 69 cc 3e 45 06 4b be c8 4c 90 45 4c 34 8e 44 cf 82 15 46 38 41 50 3a 80 9c 9a b9 51 14 c9 ba 00 81 95 40 10 33 00 00 6a 03 00 00 00 00 00 00 00 00 ff
2026-09-18T14:31:25.0755302Z TX 43 4f 5a 03 52 45 01 0b 00 00 00 00 14 00 e2 58 17 b7 11 a3 c2 40 cc 00 00 00 cb 00 00 00 00
2026-09-18T14:31:25.0899130Z RX 43 4f 5a 03 52 45 01 09 00 00 00 00 04 00 05 5c 00 f0 09 24 00 00 00 00 00 00 00 00 00 00 00 00 7a 3d 00 00 00 00 00 00 00 00 4d e1 45 39 58 be 4c 3d 00 00 00 00 00 00 00 00 0d 69 cc 3e 45 06 4b be d2 d9 8f 45 23 21 8e 44 60 31 15 46 80 a4 0c ba 40 be 03 3a ce 3c 9b 39 00 81 95 40 10 33 00 00 6a 03 00 00 00 00 00 00 00 00 ff 0b 11 00 e2 58 17 b7 11 a3 c2 40 cc 00 00 00 cb 00 00 00 00
2026-09-18T14:31:25.1218533Z TX 43 4f 5a 03 52 45 01 0b 00 00 00 00 14 00 f9 31 e6 ae 2d ba c2 40 cd 00 00 00 cc 00 00 00 00
2026-09-18T14:31:25.1229181Z RX 43 4f 5a 03 52 45 01 09 00 00 00 00 04 00 05 5c 00 f0 27 24 00 00 00 00 00 00 00 00 00 00 00 00 7a 3d 00 00 00 00 00 00 00 00 72 e5 58 39 c9 e2 4c 3d 00 00 00 00 00 00 00 00 0d 69 cc 3e 45 06 4b be 9c de 8f 45 05 7a 8f 44 f5 3a 15 46 00 10 56 b6 60 1c 77 39 27 53 8d 3a 00 81 95 40 10 33 00 00 6a 03 00 00 00 00 00 00 00 00 ff 05 0a 00 f3 bc bc 58 de 02 00 00 00 45 0b 11 00 f9 31 e6 ae 2d ba c2 40 cd 00 00 00 cc 00 00 00 00
2026-09-18T14:31:25.1560726Z RX 43 4f 5a 03 52 45 01 09 00 00 00 00 04 00 05 5c 00 f0 45 24 00 00 00 00 00 00 00 00 00 00 00 00 7a 3d 00 00 00 00 00 00 00 00 8e b8 77 39 0a cb 4c 3d 00 00 00 00 00 00 00 00 0d 69 cc 3e 45 06 4b be df c1 8f 45 22 42 8c 44 b5 b2 15 46 00 40 5e b6 c0 37 8f ba 41 f8 8c 3a 00 81 95 40 10 33 00 00 6a 03 00 00 00 00 00 00 00 00 ff
2026-09-18T14:31:25.1695036Z TX 43 4f 5a 03 52 45 01 0b 00 00 00 00 14 00 93 18 04 56 0e d2 c2 40 ce 00 00 00 cd 00 00 00 00
2026-09-18T14:31:25.1891227Z RX 43 4f 5a 03 52 45 01 09 00 00 00 00 04 00 05 5c 00 f0 63 24 00 00 00 00 00 00 00 00 00 00 00 00 7a 3d 00 00 00 00 00 00 00 00 3a bd 89 39 f8 f8 4b 3d 00 00 00 00 00 00 00 00 0d 69 cc 3e 45 06 4b be a6 6b 8f 45 0f 07 8f 44 90 38 15 46 c0 14 8d b9 f4 ce 87 3a 9c ed ea 37 00 81 95 40 10 33 00 00 6a 03 00 00 00 00 00 00 00 00 ff 05 0a 00 f3 8b 63 6c 11 01 00 00 00 2c 0b 11 00 93 18 04 56 0e d2 c2 40 ce 00 00 00 cd 00 00 00 00
2026-09-18T14:31:25.2156300Z TX 43 4f 5a 03 52 45 01 0b 00 00 00 00 14 00 06 81 95 43 13 e9 c2 40 cf 00 00 00 ce 00 00 00 00
2026-09-18T14:31:25.2220839Z RX 43 4f 5a 03 52 45 01 09 00 00 00 00 04 00 05 5c 00 f0 81 24 00 00 00 00 00 00 00 00 00 00 00 00 7a 3d 00 00 00 00 00 00 00 00 b5 6a 8f 39 f2 69 4c 3d 00 00 00 00 00 00 00 00 0d 69 cc 3e 45 06 4b be 0a 30 90 45 c7 6d 8e 44 cc 27 15 46 20 64 8a 39 94 30 b2 ba 32 0f 10 3a 00 e3 95 40 10 33 00 00 6a 03 00 00 00 00 00 00 00 00 ff 0b 11 00 06 81 95 43 13 e9 c2 40 cf 00 00 00 ce 00 00 00 00
2026-09-18T14:31:25.2550860Z RX 43 4f 5a 03 52 45 01 09 00 00 00 00 04 00 05 0a 00 f3 ec 8e 1a 24 02 00 00 00 49 05 5c 00 f0 9f 24 00 00 00 00 00 00 00 00 00 00 00 00 7a 3d 00 00 00 00 00 00 00 00 6f 41 94 39 a0 e3 4c 3d 00 00 00 00 00 00 00 00 0d 69 cc 3e 45 06 4b be bb 64 90 45 61 2d 8f 44 b2 57 15 46 f0 8e 0a 3a 80 87 7a 39 bf b1 96 39 00 e3 95 40 10 33 00 00 6a 03 00 00 00 00 00 00 00 00 ff 05 5c 00 f0 bd 24 00 00 00 00 00 00 00 00 00 00 00 00 7a 3d 00 00 00 00 00 00 00 00 48 4c 8a 39 f2 43 4c 3d 00 00 00 00 00 00 00 00 0d 69 cc 3e 45 06 4b be 05 7a 8f 45 5f 6f 8b 44 cf 82 15 46 00 30 96 b6 00 06 e4 b7 35 0e ec ba 00 81 95 40 10 33 00 00 6a 03 00 00 00 00 00 00 00 00 ff
2026-09-18T14:31:25.2622340Z TX 43 4f 5a 03 52 45 01 0b 00 00 00 00 14 00 2b 18 95 d4 71 00 c3 40 d0 00 00 00 cf 00 00 00 00
2026-09-18T14:31:25.2880375Z RX 43 4f 5a 03 52 45 01 09 00 00 00 00 04 00 0b 11 00 2b 18 95 d4 71 00 c3 40 d0 00 00 00 cf 00 00 00 00 05 5c 00 f0 db 24 00 00 00 00 00 00 00 00 00 00 00 00 7a 3d 00 00 00 00 00 00 00 00 d1 5c 79 39 9a 74 4c 3d 00 00 00 00 00 00 00 00 0d 69 cc 3e 45 06 4b be 92 51 90 45 93 ee 8c 44 21 a9 15 46 e0 c2 8d b9 f0 80 49 3a 46 32 af 3a 00 e3 95 40 10 33 00 00 6a 03 00 00 00 00 00 00 00 00 ff
2026-09-18T14:31:25.3099528Z TX 43 4f 5a 03 52 45 01 0b 00 00 00 00 14 00 f8 c2 64 aa 40 18 c3 40 d1 00 00 00 d0 00 00 00 00
2026-09-18T14:31:25.3210003Z RX 43 4f 5a 03 52 45 01 09 00 00 00 00 04 00 0b 11 00 f8 c2 64 aa 40 18 c3 40 d1 00 00 00 d0 00 00 00 00 05 5c 00 f0 f9 24 00 00 00 00 00 00 00 00 00 00 00 00 7a 3d 00 00 00 00 00 00 00 00 9b 2e 97 39 0f 6e 4c 3d 00 00 00 00 00 00 00 00 0d 69 cc 3e 45 06 4b be 9f 39 90 45 42 a7 8e 44 47 61 15 46 c0 8b 8d b9 e0 80 03 3a 1d b4 0f 3a 00 81 95 40 10 33 00 00 6a 03 00 00 00 00 00 00 00 00 ff
2026-09-18T14:31:25.3540764Z RX 43 4f 5a 03 52 45 01 09 00 00 00 00 04 00 05 5c 00 f0 17 25 00 00 00 00 00 00 00 00 00 00 00 00 7a 3d 00 00 00 00 00 00 00 00 d6 4d 9e 39 0a 79 4c 3d 00 00 00 00 00 00 00 00 0d 69 cc 3e 45 06 4b be c5 f1 8f 45 0f 07 8f 44 ee 46 15 46 c0 e1 88 39 e0 e6 74 39 46 60 0f 3a 00 e3 95 40 10 33 00 00 6a 03 00 00 00 00 00 00 00 00 ff
2026-09-18T14:31:25.3560480Z TX 43 4f 5a 03 52 45 01 0b 00 00 00 00 14 00 5a f5 b9 da 52 2f c3 40 d2 00 00 00 d1 00 00 00 00
2026-09-18T14:31:25.3872634Z RX 43 4f 5a 03 52 45 01 09 00 00 00 00 04 00 0b 11 00 5a f5 b9 da 52 2f c3 40 d2 00 00 00 d1 00 00 00 00 05 5c 00 f0 35 25 00 00 00 00 00 00 00 00 00 00 00 00 7a 3d 00 00 00 00 00 00 00 00 cb 3a 9d 39 4e a1 4c 3d 00 00 00 00 00 00 00 00 0d 69 cc 3e 45 06 4b be 24 00 90 45 42 a7 8e 44 cf 82 15 46 00 48 87 b6 00 1d 05 b8 5b 88 02 ba 00 e3 95 40 10 33 00 00 6a 03 00 00 00 00 00 00 00 00 ff
2026-09-18T14:31:25.4014095Z TX 43 4f 5a 03 52 45 01 0b 00 00 00 00 14 00 04 56 0e 2d 0a 46 c3 40 d3 00 00 00 d2 00 00 00 00
2026-09-18T14:31:25.4200128Z RX 43 4f 5a 03 52 45 01 09 00 00 00 00 04 00 05 5c 00 f0 53 25 00 00 00 00 00 00 00 00 00 00 00 00 7a 3d 00 00 00 00 00 00 00 00 f3 ff 93 39 3e 86 4c 3d 00 00 00 00 00 00 00 00 0d 69 cc 3e 45 06 4b be 24 00 90 45 2d ae 8d 44 08 17 15 46 30 9d 0c ba a8 8e 48 3a fb d9 0f 3a 00 81 95 40 10 33 00 00 6a 03 00 00 00 00 00 00 00 00 ff 0b 11 00 04 56 0e 2d 0a 46 c3 40 d3 00 00 00 d2 00 00 00 00
2026-09-18T14:31:25.4479534Z TX 43 4f 5a 03 52 45 01 0b 00 00 00 00 14 00 9f 3c 2c d4 3a 5d c3 40 d4 00 00 00 d3 00 00 00 00
2026-09-18T14:31:25.4534257Z RX 43 4f 5a 03 52 45 01 09 00 00 00 00 04 00 05 5c 00 f0 71 25 00 00 00 00 00 00 00 00 00 00 00 00 7a 3d 00 00 00 00 00 00 00 00 5e 11 a1 39 f2 32 4d 3d 00 00 00 00 00 00 00 00 0d 69 cc 3e 45 06 4b be e4 77 90 45 19 94 8e 44 fb 2e 15 46 00 c0 4e b6 30 8f 9d b9 cf 3f 0f 3a 00 81 95 40 10 33 00 00 6a 03 00 00 00 00 00 00 00 00 ff 0b 11 00 9f 3c 2c d4 3a 5d c3 40 d4 00 00 00 d3 00 00 00 00
2026-09-18T14:31:25.4865914Z RX 43 4f 5a 03 52 45 01 09 00 00 00 00 04 00 05 5c 00 f0 8f 25 00 00 00 00 00 00 00 00 00 00 00 00 7a 3d 00 00 00 00 00 00 00 00 d2 68 a7 39 48 a9 4c 3d 00 00 00 00 00 00 00 00 0d 69 cc 3e 45 06 4b be 05 7a 8f 45 f0 80 8e 44 c8 8e 15 46 a0 42 0c ba a0 10 74 39 b5 7d 47 ba 00 81 95 40 10 33 00 00 6a 03 00 00 00 00 00 00 00 00 ff
2026-09-18T14:31:25.4947113Z TX 43 4f 5a 03 52 45 01 0b 00 00 00 00 14 00 4f af 94 65 90 74 c3 40 d5 00 00 00 d4 00 00 00 00
2026-09-18T14:31:25.5222141Z RX 43 4f 5a 03 52 45 01 09 00 00 00 00 04 00 05 5c 00 f0 ad 25 00 00 00 00 00 00 00 00 00 00 00 00 7a 3d 00 00 00 00 00 00 00 00 78 e4 9e 39 0c 83 4c 3d 00 00 00 00 00 00 00 00 0d 69 cc 3e 45 06 4b be 90 f6 8f 45 db 87 8d 44 44 06 15 46 00 f4 89 39 08 4c 14 ba 08 7a 78 b9 00 81 95 40 10 33 00 00 6a 03 00 00 00 00 00 00 00 00 ff 0b 11 00 4f af 94 65 90 74 c3 40 d5 00 00 00 d4 00 00 00 00
2026-09-18T14:31:25.5411030Z TX 43 4f 5a 03 52 45 01 0b 00 00 00 00 14 00 54 52 27 a0 b1 8b c3 40 d6 00 00 00 d5 00 00 00 00
2026-09-18T14:31:25.5524627Z RX 43 4f 5a 03 52 45 01 09 00 00 00 00 04 00 05 5c 00 f0 cb 25 00 00 00 00 00 00 00 00 00 00 00 00 7a 3d 00 00 00 00 00 00 00 00 4d e9 94 39 22 c7 4c 3d 00 00 00 00 00 00 00 00 0d 69 cc 3e 45 06 4b be 5c 56 90 45 a8 e7 8d 44 7d 5c 15 46 d0 8c 0a 3a c8 0e 03 3a 4a 96 da 37 00 81 95 40 10 33 00 00 6a 03 00 00 00 00 00 00 00 00 ff 0b 11 00 54 52 27 a0 b1 8b c3 40 d6 00 00 00 d5 00 00 00 00 05 5c 00 f0 e9 25 00 00 00 00 00 00 00 00 00 00 00 00 7a 3d 00 00 00 00 00 00 00 00 25 b6 9c 39 e1 fb 4c 3d 00 00 00 00 00 00 00 00 0d 69 cc 3e 45 06 4b be 50 6e 90 45 6c 99 90 44 0b 72 15 46 c0 da 8d b9 b0 cc 9c b9 ba 75 ae 3a 00 81 95 40 10 33 00 00 6a 03 00 00 00 00 00 00 00 00 ff
2026-09-18T14:31:25.5853780Z RX 43 4f 5a 03 52 45 01 09 00 00 00 00 04 00 05 5c 00 f0 07 26 00 00 00 00 00 00 00 00 00 00 00 00 7a 3d 00 00 00 00 00 00 00 00 bf 67 b3 39 ee fb 4c 3d 00 00 00 00 00 00 00 00 0d 69 cc 3e 45 06 4b be c5 f1 8f 45 2d ae 8d 44 b9 4b 15 46 30 8d ae ba 00 0d 9c b9 57 b1 8b 3a 00 81 95 40 10 33 00 00 6a 03 00 00 00 00 00 00 00 00 ff
2026-09-18T14:31:25.5865312Z TX 43 4f 5a 03 52 45 01 0b 00 00 00 00 14 00 f5 b9 da 8a 8d a2 c3 40 d7 00 00 00 d6 00 00 00 00
2026-09-18T14:31:25.6182229Z RX 43 4f 5a 03 52 45 01 09 00 00 00 00 04 00 0b 11 00 f5 b9 da 8a 8d a2 c3 40 d7 00 00 00 d6 00 00 00 00 05 5c 00 f0 25 26 00 00 00 00 00 00 00 00 00 00 00 00 7a 3d 00 00 00 00 00 00 00 00 cd a9 bc 39 2a bd 4c 3d 00 00 00 00 00 00 00 00 0d 69 cc 3e 45 06 4b be 21 a5 8f 45 2d ae 8d 44 db 6a 15 46 48 3e 8b ba b0 5f 9b b9 0c fb 92 39 00 e3 95 40 10 33 00 00 6a 03 00 00 00 00 00 00 00 00 ff
2026-09-18T14:31:25.6328556Z TX 43 4f 5a 03 52 45 01 0b 00 00 00 00 14 00 1e 16 6a 4d ab b9 c3 40 d8 00 00 00 d7 00 00 00 00
2026-09-18T14:31:25.6513347Z RX 43 4f 5a 03 52 45 01 09 00 00 00 00 04 00 0b 11 00 1e 16 6a 4d ab b9 c3 40 d8 00 00 00 d7 00 00 00 00 05 5c 00 f0 43 26 00 00 00 00 00 00 00 00 00 00 00 00 7a 3d 00 00 00 00 00 00 00 00 62 ab c3 39 01 8a 4c 3d 00 00 00 00 00 00 00 00 0d 69 cc 3e 45 06 4b be 5c 56 90 45 da a8 8b 44 11 66 15 46 50 56 0a ba c0 19 8f ba 7c ca 48 ba 00 81 95 40 10 33 00 00 6a 03 00 00 00 00 00 00 00 00 ff
2026-09-18T14:31:25.6788035Z TX 43 4f 5a 03 52 45 01 0b 00 00 00 00 14 00 17 48 50 fc b8 d0 c3 40 d9 00 00 00 d8 00 00 00 00
2026-09-18T14:31:25.6842944Z RX 43 4f 5a 03 52 45 01 09 00 00 00 00 04 00 05 5c 00 f0 61 26 00 00 00 00 00 00 00 00 00 00 00 00 7a 3d 00 00 00 00 00 00 00 00 c0 f4 ac 39 53 c0 4c 3d 00 00 00 00 00 00 00 00 0d 69 cc 3e 45 06 4b be 0a 30 90 45 0e 28 8d 44 d2 1b 15 46 a8 fe 8b 3a 00 e4 d7 b7 f1 1d 86 ba 00 e3 95 40 10 33 00 00 6a 03 00 00 00 00 00 00 00 00 ff 0b 11 00 17 48 50 fc b8 d0 c3 40 d9 00 00 00 d8 00 00 00 00
2026-09-18T14:31:25.7173267Z RX 43 4f 5a 03 52 45 01 09 00 00 00 00 04 00 05 5c 00 f0 7f 26 00 00 00 00 00 00 00 00 00 00 00 00 7a 3d 00 00 00 00 00 00 00 00 e0 ef a2 39 99 cc 4c 3d 00 00 00 00 00 00 00 00 0d 69 cc 3e 45 06 4b be 0d 8b 90 45 9d 7b 8c 44 d9 0f 15 46 c0 9c 50 ba 30 7c 04 3a d3 ca 02 ba 00 e3 95 40 10 33 00 00 6a 03 00 00 00 00 00 00 00 00 ff
2026-09-18T14:31:25.7253167Z TX 43 4f 5a 03 52 45 01 0b 00 00 00 00 14 00 e8 6a 2b f6 e7 e7 c3 40 da 00 00 00 d9 00 00 00 00
2026-09-18T14:31:25.7504254Z RX 43 4f 5a 03 52 45 01 09 00 00 00 00 04 00 0b 11 00 e8 6a 2b f6 e7 e7 c3 40 da 00 00 00 d9 00 00 00 00 05 5c 00 f0 9d 26 00 00 00 00 00 00 00 00 00 00 00 00 7a 3d 00 00 00 00 00 00 00 00 be f8 95 39 83 c8 4c 3d 00 00 00 00 00 00 00 00 0d 69 cc 3e 45 06 4b be c5 f1 8f 45 94 cd 8e 44 bc a6 15 46 c0 bc 0c 3a 00 ef e3 b7 ed d4 a7 ba 00 e3 95 40 10 33 00 00 6a 03 00 00 00 00 00 00 00 00 ff
2026-09-18T14:31:25.7714099Z TX 43 4f 5a 03 52 45 01 0b 00 00 00 00 14 00 c6 dc b5 84 04 ff c3 40 db 00 00 00 da 00 00 00 00
2026-09-18T14:31:25.7840851Z RX 43 4f 5a 03 52 45 01 09 00 00 00 00 04 00 05 5c 00 f0 bb 26 00 00 00 00 00 00 00 00 00 00 00 00 7a 3d 00 00 00 00 00 00 00 00 9b d3 86 39 e0 b4 4c 3d 00 00 00 00 00 00 00 00 0d 69 cc 3e 45 06 4b be 4d 13 90 45 dc 66 8f 44 f8 95 15 46 20 00 8d 39 78 5a 04 3a 65 fc 45 ba 00 e3 95 40 10 33 00 00 6a 03 00 00 00 00 00 00 00 00 ff 0b 11 00 c6 dc b5 84 04 ff c3 40 db 00 00 00 da 00 00 00 00
2026-09-18T14:31:25.8172266Z RX 43 4f 5a 03 52 45 01 09 00 00 00 00 04 00 05 5c 00 f0 d9 26 00 00 00 00 00 00 00 00 00 00 00 00 7a 3d 00 00 00 00 00 00 00 00 bf 9b 83 39 30 90 4c 3d 00 00 00 00 00 00 00 00 0d 69 cc 3e 45 06 4b be 69 3e 90 45 57 a0 8f 44 40 6d 15 46 00 c0 e0 35 30 78 03 3a a9 19 55 3a 00 e3 95 40 10 33 00 00 6a 03 00 00 00 00 00 00 00 00 ff
2026-09-18T14:31:25.8183339Z TX 43 4f 5a 03 52 45 01 0b 00 00 00 00 14 00 86 38 d6 c5 75 16 c4 40 dc 00 00 00 db 00 00 00 00
2026-09-18T14:31:25.8496722Z RX 43 4f 5a 03 52 45 01 09 00 00 00 00 04 00 0b 11 00 86 38 d6 c5 75 16 c4 40 dc 00 00 00 db 00 00 00 00 05 5c 00 f0 f7 26 00 00 00 00 00 00 00 00 00 00 00 00 7a 3d 00 00 00 00 00 00 00 00 37 36 92 39 ac 72 4d 3d 00 00 00 00 00 00 00 00 0d 69 cc 3e 45 06 4b be f4 ba 90 45 0d 49 8b 44 11 66 15 46 f0 7b 50 ba 48 23 13 ba 0e b4 ae 3a 00 e3 95 40 10 33 00 00 6a 03 00 00 00 00 00 00 00 00 ff
2026-09-18T14:31:25.8643301Z TX 43 4f 5a 03 52 45 01 0b 00 00 00 00 14 00 47 72 f9 0f 79 2d c4 40 dd 00 00 00 dc 00 00 00 00
2026-09-18T14:31:25.8821515Z RX 43 4f 5a 03 52 45 01 09 00 00 00 00 04 00 05 5c 00 f0 15 27 00 00 00 00 00 00 00 00 00 00 00 00 7a 3d 00 00 00 00 00 00 00 00 9e 38 a5 39 15 d2 4d 3d 00 00 00 00 00 00 00 00 0d 69 cc 3e 45 06 4b be c5 f1 8f 45 bc 01 8d 44 44 06 15 46 90 1d 0a ba 60 ec 77 39 0f 10 0f 3a 00 81 95 40 10 33 00 00 6a 03 00 00 00 00 00 00 00 00 ff 0b 11 00 47 72 f9 0f 79 2d c4 40 dd 00 00 00 dc 00 00 00 00 05 5c 00 f0 33 27 00 00 00 00 00 00 00 00 00 00 00 00 7a 3d 00 00 00 00 00 00 00 00 6d c6 a7 39 22 bf 4d 3d 00 00 00 00 00 00 00 00 0d 69 cc 3e 45 06 4b be e4 77 90 45 93 ee 8c 44 54 49 15 46 00 e0 bc 36 74 7a 87 3a 5a 03 03 ba 00 e3 95 40 10 33 00 00 6a 03 00 00 00 00 00 00 00 00 ff
2026-09-18T14:31:25.9120143Z TX 43 4f 5a 03 52 45 01 0b 00 00 00 00 14 00 07 ce 19 51 42 45 c4 40 de 00 00 00 dd 00 00 00 00
2026-09-18T14:31:25.9161120Z RX 43 4f 5a 03 52 45 01 09 00 00 00 00 04 00 05 5c 00 f0 51 27 00 00 00 00 00 00 00 00 00 00 00 00 7a 3d 00 00 00 00 00 00 00 00 5c 7b a1 39 b5 f7 4d 3d 00 00 00 00 00 00 00 00 0d 69 cc 3e 45 06 4b be 38 1a 8f 45 4d 13 90 44 9c 20 15 46 f0 fb 09 ba 70 9a 9c b9 35 36 47 ba 00 81 95 40 10 33 00 00 6a 03 00 00 00 00 00 00 00 00 ff
2026-09-18T14:31:25.9479974Z RX 43 4f 5a 03 52 45 01 09 00 00 00 00 04 00 0b 11 00 07 ce 19 51 42 45 c4 40 de 00 00 00 dd 00 00 00 00 05 5c 00 f0 6f 27 00 00 00 00 00 00 00 00 00 00 00 00 7a 3d 00 00 00 00 00 00 00 00 7a f4 9b 39 db 2d 4e 3d 00 00 00 00 00 00 00 00 0d 69 cc 3e 45 06 4b be 83 0e 90 45 05 7a 8f 44 fb 2e 15 46 20 42 8f 39 c0 22 75 39 dc 7d 0f 3a 00 81 95 40 10 33 00 00 6a 03 00 00 00 00 00 00 00 00 ff
2026-09-18T14:31:25.9572149Z TX 43 4f 5a 03 52 45 01 0b 00 00 00 00 14 00 85 7c d0 b3 f1 5b c4 40 df 00 00 00 de 00 00 00 00
2026-09-18T14:31:25.9816144Z RX 43 4f 5a 03 52 45 01 09 00 00 00 00 04 00 0b 11 00 85 7c d0 b3 f1 5b c4 40 df 00 00 00 de 00 00 00 00 05 5c 00 f0 8d 27 00 00 00 00 00 00 00 00 00 00 00 00 7a 3d 00 00 00 00 00 00 00 00 63 c5 a6 39 80 c8 4d 3d 00 00 00 00 00 00 00 00 0d 69 cc 3e 45 06 4b be df c1 8f 45 4b 55 8c 44 eb ad 15 46 c0 37 4f ba 88 73 48 3a f1 72 c0 37 00 81 95 40 10 33 00 00 6a 03 00 00 00 00 00 00 00 00 ff
2026-09-18T14:31:26.0046088Z TX 43 4f 5a 03 52 45 01 0b 00 00 00 00 14 00 59 86 38 d6 85 73 c4 40 e0 00 00 00 df 00 00 00 00
2026-09-18T14:31:26.0144439Z RX 43 4f 5a 03 52 45 01 09 00 00 00 00 04 00 05 5c 00 f0 ab 27 00 00 00 00 00 00 00 00 00 00 00 00 7a 3d 00 00 00 00 00 00 00 00 dc fd 9e 39 43 55 4d 3d 00 00 00 00 00 00 00 00 0d 69 cc 3e 45 06 4b be 76 26 90 45 d1 fa 8d 44 ee 46 15 46 d8 98 f2 ba 08 c5 14 ba ef ca 85 ba 00 81 95 40 10 33 00 00 6a 03 00 00 00 00 00 00 00 00 ff 0b 11 00 59 86 38 d6 85 73 c4 40 e0 00 00 00 df 00 00 00 00
2026-09-18T14:31:26.0474743Z RX 43 4f 5a 03 52 45 01 09 00 00 00 00 04 00 05 5c 00 f0 c9 27 00 00 00 00 00 00 00 00 00 00 00 00 7a 3d 00 00 00 00 00 00 00 00 8b 04 95 39 20 99 4d 3d 00 00 00 00 00 00 00 00 0d 69 cc 3e 45 06 4b be 24 00 90 45 4d 13 90 44 96 2c 15 46 00 e8 92 39 80 0b 14 ba 3a a5 96 39 00 81 95 40 10 33 00 00 6a 03 00 00 00 00 00 00 00 00 ff
2026-09-18T14:31:26.0512931Z TX 43 4f 5a 03 52 45 01 0b 00 00 00 00 14 00 c1 39 23 4a db 8a c4 40 e1 00 00 00 e0 00 00 00 00
2026-09-18T14:31:26.0806432Z RX 43 4f 5a 03 52 45 01 09 00 00 00 00 04 00 0b 11 00 c1 39 23 4a db 8a c4 40 e1 00 00 00 e0 00 00 00 00 05 5c 00 f0 e7 27 00 00 00 00 00 00 00 00 00 00 00 00 7a 3d 00 00 00 00 00 00 00 00 f8 50 a4 39 da 8d 4d 3d 00 00 00 00 00 00 00 00 0d 69 cc 3e 45 06 4b be 66 e3 8f 45 61 2d 8f 44 d5 76 15 46 20 f5 83 b9 80 c0 02 3a d0 49 ae 3a 00 81 95 40 10 33 00 00 6a 03 00 00 00 00 00 00 00 00 ff
2026-09-18T14:31:26.0979085Z TX 43 4f 5a 03 52 45 01 0b 00 00 00 00 14 00 f4 fd d4 78 29 a2 c4 40 e2 00 00 00 e1 00 00 00 00
2026-09-18T14:31:26.1133722Z RX 43 4f 5a 03 52 45 01 09 00 00 00 00 04 00 05 5c 00 f0 05 28 00 00 00 00 00 00 00 00 00 00 00 00 7a 3d 00 00 00 00 00 00 00 00 9f c9 b5 39 aa 84 4d 3d 00 00 00 00 00 00 00 00 0d 69 cc 3e 45 06 4b be a9 c6 8f 45 e5 14 8d 44 90 38 15 46 40 f7 0e 3a d0 21 14 ba ed ca 52 3a 00 81 95 40 10 33 00 00 6a 03 00 00 00 00 00 00 00 00 ff 0b 11 00 f4 fd d4 78 29 a2 c4 40 e2 00 00 00 e1 00 00 00 00
2026-09-18T14:31:26.1456650Z TX 43 4f 5a 03 52 45 01 0b 00 00 00 00 14 00 df e0 0b 93 09 ba c4 40 e3 00 00 00 e2 00 00 00 00
2026-09-18T14:31:26.1463604Z RX 43 4f 5a 03 52 45 01 09 00 00 00 00 04 00 05 5c 00 f0 23 28 00 00 00 00 00 00 00 00 00 00 00 00 7a 3d 00 00 00 00 00 00 00 00 01 3d c4 39 77 6b 4d 3d 00 00 00 00 00 00 00 00 0d 69 cc 3e 45 06 4b be 5c 56 90 45 e5 14 8d 44 7d 5c 15 46 e0 ca 91 39 80 ba 03 b8 8e 0e 95 37 00 81 95 40 10 33 00 00 6a 03 00 00 00 00 00 00 00 00 ff 05 0a 00 f3 bc bc 58 de 02 00 00 00 45
2026-09-18T14:31:26.1798502Z RX 43 4f 5a 03 52 45 01 09 00 00 00 00 04 00 0b 11 00 df e0 0b 93 09 ba c4 40 e3 00 00 00 e2 00 00 00 00 05 5c 00 f0 41 28 00 00 00 00 00 00 00 00 00 00 00 00 7a 3d 00 00 00 00 00 00 00 00 75 9a be 39 76 b1 4d 3d 00 00 00 00 00 00 00 00 0d 69 cc 3e 45 06 4b be 9f 39 90 45 18 b5 8c 44 fe 89 15 46 00 a4 4d ba e8 f7 02 3a 14 63 52 3a 00 81 95 40 10 33 00 00 6a 03 00 00 00 00 00 00 00 00 ff 05 5c 00 f0 5f 28 00 00 00 00 00 00 00 00 00 00 00 00 7a 3d 00 00 00 00 00 00 00 00 af 83 ce 39 33 70 4d 3d 00 00 00 00 00 00 00 00 0d 69 cc 3e 45 06 4b be 5a fb 8f 45 04 9b 8d 44 e8 52 15 46 80 48 93 39 00 9a 09 b8 59 12 8b 3a 00 81 95 40 10 33 00 00 6a 03 00 00 00 00 00 00 00 00 ff
2026-09-18T14:31:26.1914286Z TX 43 4f 5a 03 52 45 01 0b 00 00 00 00 14 00 92 5c fe 43 ea d0 c4 40 e4 00 00 00 e3 00 00 00 00
2026-09-18T14:31:26.2127328Z RX 43 4f 5a 03 52 45 01 09 00 00 00 00 04 00 0b 11 00 92 5c fe 43 ea d0 c4 40 e4 00 00 00 e3 00 00 00 00 05 5c 00 f0 7d 28 00 00 00 00 00 00 00 00 00 00 00 00 7a 3d 00 00 00 00 00 00 00 00 4f 40 e7 39 3c 77 4d 3d 00 00 00 00 00 00 00 00 0d 69 cc 3e 45 06 4b be 9c de 8f 45 d1 fa 8d 44 76 68 15 46 60 c6 92 39 80 41 09 b8 db fd ce 3a 00 81 95 40 10 33 00 00 6a 03 00 00 00 00 00 00 00 00 ff
2026-09-18T14:31:26.2380587Z TX 43 4f 5a 03 52 45 01 0b 00 00 00 00 14 00 f6 97 dd 93 3f e8 c4 40 e5 00 00 00 e4 00 00 00 00
2026-09-18T14:31:26.2456017Z RX 43 4f 5a 03 52 45 01 09 00 00 00 00 04 00 05 0a 00 f3 ec 8e 1a 24 02 00 00 00 49 05 5c 00 f0 9b 28 00 00 00 00 00 00 00 00 00 00 00 00 7a 3d 00 00 00 00 00 00 00 00 cc 68 ea 39 62 fa 4c 3d 00 00 00 00 00 00 00 00 0d 69 cc 3e 45 06 4b be 2e 8d 8f 45 2c cf 8b 44 e2 5e 15 46 00 84 5f 37 68 5e 48 3a f2 a0 39 37 00 e3 95 40 10 33 00 00 6a 03 00 00 00 00 00 00 00 00 ff 0b 11 00 f6 97 dd 93 3f e8 c4 40 e5 00 00 00 e4 00 00 00 00
2026-09-18T14:31:26.2782463Z RX 43 4f 5a 03 52 45 01 09 00 00 00 00 04 00 05 5c 00 f0 b9 28 00 00 00 00 00 00 00 00 00 00 00 00 7a 3d 00 00 00 00 00 00 00 00 6b 39 f7 39 24 a1 4c 3d 00 00 00 00 00 00 00 00 0d 69 cc 3e 45 06 4b be 31 e8 8f 45 60 4e 8d 44 b2 57 15 46 90 9f 0e 3a 20 58 73 39 61 c7 4f 3a 00 e3 95 40 10 33 00 00 6a 03 00 00 00 00 00 00 00 00 ff
2026-09-18T14:31:26.2852411Z TX 43 4f 5a 03 52 45 01 0b 00 00 00 00 14 00 9f ab ad d8 d7 ff c4 40 e6 00 00 00 e5 00 00 00 00
2026-09-18T14:31:26.3115655Z RX 43 4f 5a 03 52 45 01 09 00 00 00 00 04 00 0b 11 00 9f ab ad d8 d7 ff c4 40 e6 00 00 00 e5 00 00 00 00 05 5c 00 f0 d7 28 00 00 00 00 00 00 00 00 00 00 00 00 7a 3d 00 00 00 00 00 00 00 00 14 5e f7 39 33 e3 4c 3d 00 00 00 00 00 00 00 00 0d 69 cc 3e 45 06 4b be 12 62 8f 45 60 4e 8d 44 6d 19 15 46 00 14 36 37 98 39 02 3a cb ac 06 ba 00 e3 95 40 10 33 00 00 6a 03 00 00 00 00 00 00 00 00 ff
2026-09-18T14:31:26.3304628Z TX 43 4f 5a 03 52 45 01 0b 00 00 00 00 14 00 46 25 75 02 72 16 c5 40 e7 00 00 00 e6 00 00 00 00
2026-09-18T14:31:26.3444151Z RX 43 4f 5a 03 52 45 01 09 00 00 00 00 04 00 05 5c 00 f0 f5 28 00 00 00 00 00 00 00 00 00 00 00 00 7a 3d 00 00 00 00 00 00 00 00 ff 01 f9 39 5d 9a 4c 3d 00 00 00 00 00 00 00 00 0d 69 cc 3e 45 06 4b be 9c de 8f 45 bc 01 8d 44 c8 8e 15 46 a0 54 85 b9 e8 cc 01 3a 55 35 0b 3a 00 81 95 40 10 33 00 00 6a 03 00 00 00 00 00 00 00 00 ff 0b 11 00 46 25 75 02 72 16 c5 40 e7 00 00 00 e6 00 00 00 00
2026-09-18T14:31:26.3768160Z TX 43 4f 5a 03 52 45 01 0b 00 00 00 00 14 00 9e 5e 29 cb 98 2d c5 40 e8 00 00 00 e7 00 00 00 00
2026-09-18T14:31:26.3773377Z RX 43 4f 5a 03 52 45 01 09 00 00 00 00 04 00 05 5c 00 f0 13 29 00 00 00 00 00 00 00 00 00 00 00 00 7a 3d 00 00 00 00 00 00 00 00 93 a2 fa 39 38 cb 4b 3d 00 00 00 00 00 00 00 00 0d 69 cc 3e 45 06 4b be cb a7 90 45 b2 74 8d 44 7f b7 15 46 08 f5 53 3a 90 c2 01 3a f0 e4 09 37 00 81 95 40 10 33 00 00 6a 03 00 00 00 00 00 00 00 00 ff
2026-09-18T14:31:26.4105683Z RX 43 4f 5a 03 52 45 01 09 00 00 00 00 04 00 0b 11 00 9e 5e 29 cb 98 2d c5 40 e8 00 00 00 e7 00 00 00 00 05 5c 00 f0 31 29 00 00 00 00 00 00 00 00 00 00 00 00 7a 3d 00 00 00 00 00 00 00 00 a8 1e f1 39 47 e6 4b 3d 00 00 00 00 00 00 00 00 0d 69 cc 3e 45 06 4b be 76 26 90 45 a8 e7 8d 44 d5 76 15 46 60 d4 86 b9 b8 bb 46 3a 1b fd 25 37 00 e3 95 40 10 33 00 00 6a 03 00 00 00 00 00 00 00 00 ff
2026-09-18T14:31:26.4229821Z TX 43 4f 5a 03 52 45 01 0b 00 00 00 00 14 00 b9 fc 87 f4 ab 44 c5 40 e9 00 00 00 e8 00 00 00 00
2026-09-18T14:31:26.4435634Z RX 43 4f 5a 03 52 45 01 09 00 00 00 00 04 00 05 5c 00 f0 4f 29 00 00 00 00 00 00 00 00 00 00 00 00 7a 3d 00 00 00 00 00 00 00 00 75 b6 f8 39 ff 1e 4c 3d 00 00 00 00 00 00 00 00 0d 69 cc 3e 45 06 4b be 34 43 90 45 23 21 8e 44 b9 4b 15 46 00 20 19 37 04 34 f9 ba ca 7d 84 b9 00 81 95 40 10 33 00 00 6a 03 00 00 00 00 00 00 00 00 ff 0b 11 00 b9 fc 87 f4 ab 44 c5 40 e9 00 00 00 e8 00 00 00 00
2026-09-18T14:31:26.4691926Z TX 43 4f 5a 03 52 45 01 0b 00 00 00 00 14 00 3d 0a d7 a3 e8 5b c5 40 ea 00 00 00 e9 00 00 00 00
2026-09-18T14:31:26.4762145Z RX 43 4f 5a 03 52 45 01 09 00 00 00 00 04 00 05 5c 00 f0 6d 29 00 00 00 00 00 00 00 00 00 00 00 00 7a 3d 00 00 00 00 00 00 00 00 e0 dc f8 39 47 56 4c 3d 00 00 00 00 00 00 00 00 0d 69 cc 3e 45 06 4b be 6c 99 90 45 36 5c 8b 44 40 6d 15 46 c0 5c 4e ba c8 f4 01 3a ba 37 0b 3a 00 e3 95 40 10 33 00 00 6a 03 00 00 00 00 00 00 00 00 ff 0b 11 00 3d 0a d7 a3 e8 5b c5 40 ea 00 00 00 e9 00 00 00 00
2026-09-18T14:31:26.5093714Z RX 43 4f 5a 03 52 45 01 09 00 00 00 00 04 00 05 5c 00 f0 8b 29 00 00 00 00 00 00 00 00 00 00 00 00 7a 3d 00 00 00 00 00 00 00 00 56 34 fe 39 9e aa 4c 3d 00 00 00 00 00 00 00 00 0d 69 cc 3e 45 06 4b be 64 88 8f 45 05 7a 8f 44 c6 33 15 46 00 58 4b 37 60 b5 9e b9 37 0b ff 36 00 e3 95 40 10 33 00 00 6a 03 00 00 00 00 00 00 00 00 ff 05 5c 00 f0 a9 29 00 00 00 00 00 00 00 00 00 00 00 00 7a 3d 00 00 00 00 00 00 00 00 f0 88 e9 39 70 94 4c 3d 00 00 00 00 00 00 00 00 0d 69 cc 3e 45 06 4b be 14 bd 8f 45 42 a7 8e 44 fe 89 15 46 00 84 48 37 80 7e 16 b8 bc 3d ee ba 00 81 95 40 10 33 00 00 6a 03 00 00 00 00 00 00 00 00 ff
2026-09-18T14:31:26.5151538Z TX 43 4f 5a 03 52 45 01 0b 00 00 00 00 14 00 15 1d c9 e5 e7 72 c5 40 eb 00 00 00 ea 00 00 00 00
2026-09-18T14:31:26.5422090Z RX 43 4f 5a 03 52 45 01 09 00 00 00 00 04 00 0b 11 00 15 1d c9 e5 e7 72 c5 40 eb 00 00 00 ea 00 00 00 00 05 5c 00 f0 c7 29 00 00 00 00 00 00 00 00 00 00 00 00 7a 3d 00 00 00 00 00 00 00 00 00 82 e4 39 18 92 4c 3d 00 00 00 00 00 00 00 00 0d 69 cc 3e 45 06 4b be 14 bd 8f 45 6a db 8c 44 76 68 15 46 40 2b 85 b9 c0 76 9e b9 bc 0e cf 3a 00 e3 95 40 10 33 00 00 6a 03 00 00 00 00 00 00 00 00 ff
2026-09-18T14:31:26.5621850Z TX 43 4f 5a 03 52 45 01 0b 00 00 00 00 14 00 47 03 78 0b 64 8a c5 40 ec 00 00 00 eb 00 00 00 00
2026-09-18T14:31:26.5753274Z RX 43 4f 5a 03 52 45 01 09 00 00 00 00 04 00 0b 11 00 47 03 78 0b 64 8a c5 40 ec 00 00 00 eb 00 00 00 00 05 5c 00 f0 e5 29 00 00 00 00 00 00 00 00 00 00 00 00 7a 3d 00 00 00 00 00 00 00 00 46 69 e8 39 b1 fc 4c 3d 00 00 00 00 00 00 00 00 0d 69 cc 3e 45 06 4b be 9c de 8f 45 57 a0 8f 44 c6 33 15 46 60 83 91 39 50 58 5a ba a2 b9 a9 ba 00 81 95 40 10 33 00 00 6a 03 00 00 00 00 00 00 00 00 ff
2026-09-18T14:31:26.6095848Z RX 43 4f 5a 03 52 45 01 09 00 00 00 00 04 00 05 5c 00 f0 03 2a 00 00 00 00 00 00 00 00 00 00 00 00 7a 3d 00 00 00 00 00 00 00 00 c3 37 de 39 a7 04 4d 3d 00 00 00 00 00 00 00 00 0d 69 cc 3e 45 06 4b be a9 c6 8f 45 e6 f3 8e 44 54 49 15 46 40 f4 89 ba 60 e7 73 39 d1 82 05 ba 00 81 95 40 10 33 00 00 6a 03 00 00 00 00 00 00 00 00 ff
2026-09-18T14:31:26.6096429Z TX 43 4f 5a 03 52 45 01 0b 00 00 00 00 14 00 ad fa 5c 6d 25 a2 c5 40 ed 00 00 00 ec 00 00 00 00
2026-09-18T14:31:26.6413635Z RX 43 4f 5a 03 52 45 01 09 00 00 00 00 04 00 0b 11 00 ad fa 5c 6d 25 a2 c5 40 ed 00 00 00 ec 00 00 00 00 05 5c 00 f0 21 2a 00 00 00 00 00 00 00 00 00 00 00 00 7a 3d 00 00 00 00 00 00 00 00 14 47 d6 39 fc f1 4c 3d 00 00 00 00 00 00 00 00 0d 69 cc 3e 45 06 4b be 14 bd 8f 45 41 c8 8c 44 3a 79 15 46 00 44 5a 37 50 1d 9d b9 4a 70 75 37 00 81 95 40 10 33 00 00 6a 03 00 00 00 00 00 00 00 00 ff
2026-09-18T14:31:26.6573669Z TX 43 4f 5a 03 52 45 01 0b 00 00 00 00 14 00 94 f6 06 5f f8 b9 c5 40 ee 00 00 00 ed 00 00 00 00
2026-09-18T14:31:26.6744475Z RX 43 4f 5a 03 52 45 01 09 00 00 00 00 04 00 05 5c 00 f0 3f 2a 00 00 00 00 00 00 00 00 00 00 00 00 7a 3d 00 00 00 00 00 00 00 00 16 78 dc 39 e8 84 4c 3d 00 00 00 00 00 00 00 00 0d 69 cc 3e 45 06 4b be fb ec 8f 45 f0 80 8e 44 04 7e 15 46 78 42 8d 3a 80 c7 09 b8 82 87 0c 3a 00 81 95 40 10 33 00 00 6a 03 00 00 00 00 00 00 00 00 ff 0b 11 00 94 f6 06 5f f8 b9 c5 40 ee 00 00 00 ed 00 00 00 00
2026-09-18T14:31:26.7035252Z TX 43 4f 5a 03 52 45 01 0b 00 00 00 00 14 00 51 6b 9a 77 14 d1 c5 40 ef 00 00 00 ee 00 00 00 00
2026-09-18T14:31:26.7073138Z RX 43 4f 5a 03 52 45 01 09 00 00 00 00 04 00 05 5c 00 f0 5d 2a 00 00 00 00 00 00 00 00 00 00 00 00 7a 3d 00 00 00 00 00 00 00 00 2c 94 e8 39 c3 16 4d 3d 00 00 00 00 00 00 00 00 0d 69 cc 3e 45 06 4b be 1a 73 90 45 94 cd 8e 44 02 23 15 46 e0 84 08 ba 80 97 0b b8 b0 f8 0b 3a 00 81 95 40 10 33 00 00 6a 03 00 00 00 00 00 00 00 00 ff 0b 11 00 51 6b 9a 77 14 d1 c5 40 ef 00 00 00 ee 00 00 00 00
2026-09-18T14:31:26.7402401Z RX 43 4f 5a 03 52 45 01 09 00 00 00 00 04 00 05 5c 00 f0 7b 2a 00 00 00 00 00 00 00 00 00 00 00 00 7a 3d 00 00 00 00 00 00 00 00 63 82 e9 39 05 ba 4c 3d 00 00 00 00 00 00 00 00 0d 69 cc 3e 45 06 4b be 4a b8 8f 45 f0 80 8e 44 11 66 15 46 c0 d4 91 39 00 f0 08 b8 dd bf a9 ba 00 81 95 40 10 33 00 00 6a 03 00 00 00 00 00 00 00 00 ff
2026-09-18T14:31:26.7505004Z TX 43 4f 5a 03 52 45 01 0b 00 00 00 00 14 00 e7 8c 28 ed 85 e8 c5 40 f0 00 00 00 ef 00 00 00 00
2026-09-18T14:31:26.7732004Z RX 43 4f 5a 03 52 45 01 09 00 00 00 00 04 00 05 5c 00 f0 99 2a 00 00 00 00 00 00 00 00 00 00 00 00 7a 3d 00 00 00 00 00 00 00 00 b6 2c d4 39 36 91 4c 3d 00 00 00 00 00 00 00 00 0d 69 cc 3e 45 06 4b be 90 f6 8f 45 55 e2 8b 44 0b 72 15 46 40 19 85 b9 b0 17 14 ba 43 1d 81 b9 00 81 95 40 10 33 00 00 6a 03 00 00 00 00 00 00 00 00 ff 0b 11 00 e7 8c 28 ed 85 e8 c5 40 f0 00 00 00 ef 00 00 00 00
2026-09-18T14:31:26.7976455Z TX 43 4f 5a 03 52 45 01 0b 00 00 00 00 14 00 e3 c7 98 bb 1e 00 c6 40 f1 00 00 00 f0 00 00 00 00
2026-09-18T14:31:26.8063611Z RX 43 4f 5a 03 52 45 01 09 00 00 00 00 04 00 05 5c 00 f0 b7 2a 00 00 00 00 00 00 00 00 00 00 00 00 7a 3d 00 00 00 00 00 00 00 00 07 1e db 39 31 d2 4c 3d 00 00 00 00 00 00 00 00 0d 69 cc 3e 45 06 4b be 9f 39 90 45 19 94 8e 44 67 25 15 46 20 3c 08 ba a8 66 03 3a e4 14 51 3a 00 81 95 40 10 33 00 00 6a 03 00 00 00 00 00 00 00 00 ff 0b 11 00 e3 c7 98 bb 1e 00 c6 40 f1 00 00 00 f0 00 00 00 00 05 5c 00 f0 d5 2a 00 00 00 00 00 00 00 00 00 00 00 00 7a 3d 00 00 00 00 00 00 00 00 95 75 e9 39 0a 8d 4c 3d 00 00 00 00 00 00 00 00 0d 69 cc 3e 45 06 4b be ec a9 8f 45 4b 55 8c 44 b9 4b 15 46 f0 65 4d ba a0 c5 74 39 8e 74 8a 3a 00 e3 95 40 10 33 00 00 6a 03 00 00 00 00 00 00 00 00 ff
2026-09-18T14:31:26.8393828Z RX 43 4f 5a 03 52 45 01 09 00 00 00 00 04 00 05 5c 00 f0 f3 2a 00 00 00 00 00 00 00 00 00 00 00 00 7a 3d 00 00 00 00 00 00 00 00 7f 44 f6 39 ae df 4c 3d 00 00 00 00 00 00 00 00 0d 69 cc 3e 45 06 4b be c8 4c 90 45 7e f5 8b 44 c8 8e 15 46 00 7d 93 39 c8 30 14 ba 85 41 84 b9 00 81 95 40 10 33 00 00 6a 03 00 00 00 00 00 00 00 00 ff
2026-09-18T14:31:26.8433012Z TX 43 4f 5a 03 52 45 01 0b 00 00 00 00 14 00 fb 5c 6d c5 f6 16 c6 40 f2 00 00 00 f1 00 00 00 00
2026-09-18T14:31:26.8721977Z RX 43 4f 5a 03 52 45 01 09 00 00 00 00 04 00 0b 11 00 fb 5c 6d c5 f6 16 c6 40 f2 00 00 00 f1 00 00 00 00 05 5c 00 f0 11 2b 00 00 00 00 00 00 00 00 00 00 00 00 7a 3d 00 00 00 00 00 00 00 00 e8 40 ee 39 08 5a 4d 3d 00 00 00 00 00 00 00 00 0d 69 cc 3e 45 06 4b be cb a7 90 45 23 21 8e 44 a3 14 15 46 00 50 7f 37 b0 6c 0d bb 9b 50 06 ba 00 81 95 40 10 33 00 00 6a 03 00 00 00 00 00 00 00 00 ff
2026-09-18T14:31:26.8898028Z TX 43 4f 5a 03 52 45 01 0b 00 00 00 00 14 00 30 4c a6 0a 2e 2e c6 40 f3 00 00 00 f2 00 00 00 00
2026-09-18T14:31:26.9052816Z RX 43 4f 5a 03 52 45 01 09 00 00 00 00 04 00 0b 11 00 30 4c a6 0a 2e 2e c6 40 f3 00 00 00 f2 00 00 00 00 05 5c 00 f0 2f 2b 00 00 00 00 00 00 00 00 00 00 00 00 7a 3d 00 00 00 00 00 00 00 00 5b 8c f9 39 bc 12 4d 3d 00 00 00 00 00 00 00 00 0d 69 cc 3e 45 06 4b be 8a 40 8f 45 b3 53 8f 44 7f b7 15 46 e8 4d 8d 3a b0 81 04 3a de d1 f0 3a 00 e3 95 40 10 33 00 00 6a 03 00 00 00 00 00 00 00 00 ff
2026-09-18T14:31:26.9361946Z TX 43 4f 5a 03 52 45 01 0b 00 00 00 00 14 00 cd 3b 4e d1 51 45 c6 40 f4 00 00 00 f3 00 00 00 00
2026-09-18T14:31:26.9421712Z RX 43 4f 5a 03 52 45 01 09 00 00 00 00 04 00 05 5c 00 f0 4d 2b 00 00 00 00 00 00 00 00 00 00 00 00 7a 3d 00 00 00 00 00 00 00 00 de b8 08 3a 21 65 4c 3d 00 00 00 00 00 00 00 00 0d 69 cc 3e 45 06 4b be 17 18 90 45 37 3b 8d 44 1e 4e 15 46 58 5d 54 3a 70 9c 49 3a 43 17 0a 3a 00 e3 95 40 10 33 00 00 6a 03 00 00 00 00 00 00 00 00 ff 0b 11 00 cd 3b 4e d1 51 45 c6 40 f4 00 00 00 f3 00 00 00 00
2026-09-18T14:31:26.9716240Z RX 43 4f 5a 03 52 45 01 09 00 00 00 00 04 00 05 5c 00 f0 6b 2b 00 00 00 00 00 00 00 00 00 00 00 00 7a 3d 00 00 00 00 00 00 00 00 77 7f 09 3a 54 3d 4c 3d 00 00 00 00 00 00 00 00 0d 69 cc 3e 45 06 4b be 4d 13 90 45 37 3b 8d 44 a6 6f 15 46 a0 8b 90 39 00 72 f5 b7 6c f0 07 ba 00 81 95 40 10 33 00 00 6a 03 00 00 00 00 00 00 00 00 ff
2026-09-18T14:31:26.9835055Z TX 43 4f 5a 03 52 45 01 0b 00 00 00 00 14 00 45 d8 f0 f4 fa 5c c6 40 f5 00 00 00 f4 00 00 00 00
2026-09-18T14:31:27.0045917Z RX 43 4f 5a 03 52 45 01 09 00 00 00 00 04 00 05 5c 00 f0 89 2b 00 00 00 00 00 00 00 00 00 00 00 00 7a 3d 00 00 00 00 00 00 00 00 60 ad 07 3a 58 48 4c 3d 00 00 00 00 00 00 00 00 0d 69 cc 3e 45 06 4b be 17 18 90 45 4c 34 8e 44 f5 3a 15 46 80 dd 08 ba 48 46 49 3a f2 8f 86 b9 00 81 95 40 10 33 00 00 6a 03 00 00 00 00 00 00 00 00 ff 0b 11 00 45 d8 f0 f4 fa 5c c6 40 f5 00 00 00 f4 00 00 00 00
2026-09-18T14:31:27.0298903Z TX 43 4f 5a 03 52 45 01 0b 00 00 00 00 14 00 8e 75 71 1b 2d 74 c6 40 f6 00 00 00 f5 00 00 00 00
2026-09-18T14:31:27.0376462Z RX 43 4f 5a 03 52 45 01 09 00 00 00 00 04 00 05 5c 00 f0 a7 2b 00 00 00 00 00 00 00 00 00 00 00 00 7a 3d 00 00 00 00 00 00 00 00 85 34 09 3a 53 31 4c 3d 00 00 00 00 00 00 00 00 0d 69 cc 3e 45 06 4b be f1 5f 90 45 db 87 8d 44 b9 4b 15 46 90 12 08 ba 40 96 74 39 de 00 ce 3a 00 81 95 40 10 33 00 00 6a 03 00 00 00 00 00 00 00 00 ff 0b 11 00 8e 75 71 1b 2d 74 c6 40 f6 00 00 00 f5 00 00 00 00
2026-09-18T14:31:27.0705985Z RX 43 4f 5a 03 52 45 01 09 00 00 00 00 04 00 05 5c 00 f0 c5 2b 00 00 00 00 00 00 00 00 00 00 00 00 7a 3d 00 00 00 00 00 00 00 00 e0 f1 0c 3a d4 b9 4c 3d 00 00 00 00 00 00 00 00 0d 69 cc 3e 45 06 4b be 6f f4 90 45 7e f5 8b 44 76 68 15 46 20 ad 91 39 d0 e9 9c b9 8e be 4c ba 00 81 95 40 10 33 00 00 6a 03 00 00 00 00 00 00 00 00 ff
2026-09-18T14:31:27.0770441Z TX 43 4f 5a 03 52 45 01 0b 00 00 00 00 14 00 cf f7 53 e3 b5 8b c6 40 f7 00 00 00 f6 00 00 00 00
2026-09-18T14:31:27.1037155Z RX 43 4f 5a 03 52 45 01 09 00 00 00 00 04 00 05 5c 00 f0 e3 2b 00 00 00 00 00 00 00 00 00 00 00 00 7a 3d 00 00 00 00 00 00 00 00 a6 af 10 3a 4e 9b 4c 3d 00 00 00 00 00 00 00 00 0d 69 cc 3e 45 06 4b be b8 09 90 45 60 4e 8d 44 d5 76 15 46 00 c4 84 b9 20 a8 74 39 6f d9 4d 3a 00 81 95 40 10 33 00 00 6a 03 00 00 00 00 00 00 00 00 ff 0b 11 00 cf f7 53 e3 b5 8b c6 40 f7 00 00 00 f6 00 00 00 00 05 5c 00 f0 01 2c 00 00 00 00 00 00 00 00 00 00 00 00 7a 3d 00 00 00 00 00 00 00 00 7c 18 0e 3a a4 1c 4d 3d 00 00 00 00 00 00 00 00 0d 69 cc 3e 45 06 4b be 1a 73 90 45 a7 08 8c 44 18 5a 15 46 e0 b3 0e 3a 68 93 8f ba 70 d9 4c ba 00 81 95 40 10 33 00 00 6a 03 00 00 00 00 00 00 00 00 ff
2026-09-18T14:31:27.1232560Z TX 43 4f 5a 03 52 45 01 0b 00 00 00 00 14 00 6a de 71 8a ee a2 c6 40 f8 00 00 00 f7 00 00 00 00
2026-09-18T14:31:27.1365891Z RX 43 4f 5a 03 52 45 01 09 00 00 00 00 04 00 05 0a 00 f3 bc bc 58 de 02 00 00 00 45 0b 11 00 6a de 71 8a ee a2 c6 40 f8 00 00 00 f7 00 00 00 00 05 5c 00 f0 1f 2c 00 00 00 00 00 00 00 00 00 00 00 00 7a 3d 00 00 00 00 00 00 00 00 5c 4a 09 3a d2 69 4d 3d 00 00 00 00 00 00 00 00 0d 69 cc 3e 45 06 4b be bb 64 90 45 6a db 8c 44 67 25 15 46 20 4b 85 b9 c0 ec 77 39 75 da 86 b9 00 81 95 40 10 33 00 00 6a 03 00 00 00 00 00 00 00 00 ff
2026-09-18T14:31:27.1696229Z TX 43 4f 5a 03 52 45 01 0b 00 00 00 00 14 00 6e a3 01 bc 0d ba c6 40 f9 00 00 00 f8 00 00 00 00
2026-09-18T14:31:27.1696335Z RX 43 4f 5a 03 52 45 01 09 00 00 00 00 04 00 05 5c 00 f0 3d 2c 00 00 00 00 00 00 00 00 00 00 00 00 7a 3d 00 00 00 00 00 00 00 00 92 69 0d 3a 23 12 4d 3d 00 00 00 00 00 00 00 00 0d 69 cc 3e 45 06 4b be 14 bd 8f 45 e5 14 8d 44 9c 20 15 46 c0 f6 84 b9 f0 43 13 ba 8d cf cd 3a 00 81 95 40 10 33 00 00 6a 03 00 00 00 00 00 00 00 00 ff 05 0a 00 f3 8b 63 6c 11 01 00 00 00 2c
2026-09-18T14:31:27.2024306Z RX 43 4f 5a 03 52 45 01 09 00 00 00 00 04 00 0b 11 00 6e a3 01 bc 0d ba c6 40 f9 00 00 00 f8 00 00 00 00 05 5c 00 f0 5b 2c 00 00 00 00 00 00 00 00 00 00 00 00 7a 3d 00 00 00 00 00 00 00 00 9b ff 12 3a 08 ee 4c 3d 00 00 00 00 00 00 00 00 0d 69 cc 3e 45 06 4b be 31 e8 8f 45 a9 c6 8f 44 6a 80 15 46 e0 82 91 39 f0 5f 9a b9 b0 52 2d 35 00 81 95 40 10 33 00 00 6a 03 00 00 00 00 00 00 00 00 ff
2026-09-18T14:31:27.2153514Z TX 43 4f 5a 03 52 45 01 0b 00 00 00 00 14 00 56 9f ab ad f0 d0 c6 40 fa 00 00 00 f9 00 00 00 00
2026-09-18T14:31:27.2357054Z RX 43 4f 5a 03 52 45 01 09 00 00 00 00 04 00 0b 11 00 56 9f ab ad f0 d0 c6 40 fa 00 00 00 f9 00 00 00 00 05 5c 00 f0 79 2c 00 00 00 00 00 00 00 00 00 00 00 00 7a 3d 00 00 00 00 00 00 00 00 ac 75 17 3a 7c f8 4c 3d 00 00 00 00 00 00 00 00 0d 69 cc 3e 45 06 4b be df c1 8f 45 bc 01 8d 44 24 42 15 46 40 62 08 ba 50 e9 99 b9 1b 3a 4d 3a 00 e3 95 40 10 33 00 00 6a 03 00 00 00 00 00 00 00 00 ff
2026-09-18T14:31:27.2622985Z TX 43 4f 5a 03 52 45 01 0b 00 00 00 00 14 00 f3 8e 53 74 5c e8 c6 40 fb 00 00 00 fa 00 00 00 00
2026-09-18T14:31:27.2687890Z RX 43 4f 5a 03 52 45 01 09 00 00 00 00 04 00 05 0a 00 f3 ec 8e 1a 24 02 00 00 00 49 05 5c 00 f0 97 2c 00 00 00 00 00 00 00 00 00 00 00 00 7a 3d 00 00 00 00 00 00 00 00 07 e8 1b 3a a2 bc 4c 3d 00 00 00 00 00 00 00 00 0d 69 cc 3e 45 06 4b be 08 d5 8f 45 8a 40 8f 44 1a b5 15 46 00 d8 4c 37 34 c0 aa 3a f9 e5 aa 3a 00 81 95 40 10 33 00 00 6a 03 00 00 00 00 00 00 00 00 ff 0b 11 00 f3 8e 53 74 5c e8 c6 40 fb 00 00 00 fa 00 00 00 00
2026-09-18T14:31:27.3015644Z RX 43 4f 5a 03 52 45 01 09 00 00 00 00 04 00 05 5c 00 f0 b5 2c 00 00 00 00 00 00 00 00 00 00 00 00 7a 3d 00 00 00 00 00 00 00 00 66 c3 27 3a 65 f5 4c 3d 00 00 00 00 00 00 00 00 0d 69 cc 3e 45 06 4b be 0a 30 90 45 b3 53 8f 44 86 ab 15 46 00 04 5e 37 38 75 13 ba b6 b9 4b 3a 00 81 95 40 10 33 00 00 6a 03 00 00 00 00 00 00 00 00 ff
2026-09-18T14:31:27.3089809Z TX 43 4f 5a 03 52 45 01 0b 00 00 00 00 14 00 a2 45 b6 f3 9d ff c6 40 fc 00 00 00 fb 00 00 00 00
2026-09-18T14:31:27.3346349Z RX 43 4f 5a 03 52 45 01 09 00 00 00 00 04 00 0b 11 00 a2 45 b6 f3 9d ff c6 40 fc 00 00 00 fb 00 00 00 00 05 5c 00 f0 d3 2c 00 00 00 00 00 00 00 00 00 00 00 00 7a 3d 00 00 00 00 00 00 00 00 6a 46 2d 3a 4d fa 4c 3d 00 00 00 00 00 00 00 00 0d 69 cc 3e 45 06 4b be 90 f6 8f 45 56 c1 8d 44 b2 57 15 46 a0 92 84 b9 d0 8a 9a b9 8b da 87 3a 00 e3 95 40 10 33 00 00 6a 03 00 00 00 00 00 00 00 00 ff
2026-09-18T14:31:27.3540197Z TX 43 4f 5a 03 52 45 01 0b 00 00 00 00 14 00 77 be 9f 1a 37 16 c7 40 fd 00 00 00 fc 00 00 00 00
2026-09-18T14:31:27.3678357Z RX 43 4f 5a 03 52 45 01 09 00 00 00 00 04 00 05 5c 00 f0 f1 2c 00 00 00 00 00 00 00 00 00 00 00 00 7a 3d 00 00 00 00 00 00 00 00 29 5e 35 3a 3a 60 4d 3d 00 00 00 00 00 00 00 00 0d 69 cc 3e 45 06 4b be 0d 8b 90 45 74 68 8c 44 c2 9a 15 46 00 a4 65 37 c0 d3 78 39 b9 78 4a 3a 00 e3 95 40 10 33 00 00 6a 03 00 00 00 00 00 00 00 00 ff 0b 11 00 77 be 9f 1a 37 16 c7 40 fd 00 00 00 fc 00 00 00 00
2026-09-18T14:31:27.3996906Z TX 43 4f 5a 03 52 45 01 0b 00 00 00 00 14 00 93 3a 01 4d 1c 2d c7 40 fe 00 00 00 fd 00 00 00 00
2026-09-18T14:31:27.4006658Z RX 43 4f 5a 03 52 45 01 09 00 00 00 00 04 00 05 5c 00 f0 0f 2d 00 00 00 00 00 00 00 00 00 00 00 00 7a 3d 00 00 00 00 00 00 00 00 a7 9b 38 3a d3 58 4d 3d 00 00 00 00 00 00 00 00 0d 69 cc 3e 45 06 4b be 92 51 90 45 bc 01 8d 44 db 6a 15 46 d0 75 07 ba b0 61 9a b9 c1 c3 50 ba 00 e3 95 40 10 33 00 00 6a 03 00 00 00 00 00 00 00 00 ff
2026-09-18T14:31:27.4337042Z RX 43 4f 5a 03 52 45 01 09 00 00 00 00 04 00 0b 11 00 93 3a 01 4d 1c 2d c7 40 fe 00 00 00 fd 00 00 00 00 05 5c 00 f0 2d 2d 00 00 00 00 00 00 00 00 00 00 00 00 7a 3d 00 00 00 00 00 00 00 00 f3 d1 31 3a 7e d4 4c 3d 00 00 00 00 00 00 00 00 0d 69 cc 3e 45 06 4b be 8d 9b 8f 45 e5 14 8d 44 bf 3f 15 46 c0 28 07 ba 00 6b ec b7 eb 51 8e b9 00 e3 95 40 10 33 00 00 6a 03 00 00 00 00 00 00 00 00 ff 05 5c 00 f0 4b 2d 00 00 00 00 00 00 00 00 00 00 00 00 7a 3d 00 00 00 00 00 00 00 00 1a bc 31 3a c7 1b 4d 3d 00 00 00 00 00 00 00 00 0d 69 cc 3e 45 06 4b be 34 43 90 45 dc 66 8f 44 18 5a 15 46 b0 e0 0f 3a e8 16 04 3a a8 58 2a b7 00 e3 95 40 10 33 00 00 6a 03 00 00 00 00 00 00 00 00 ff
2026-09-18T14:31:27.4462412Z TX 43 4f 5a 03 52 45 01 0b 00 00 00 00 14 00 ef 38 45 47 4a 44 c7 40 ff 00 00 00 fe 00 00 00 00
2026-09-18T14:31:27.4678401Z RX 43 4f 5a 03 52 45 01 09 00 00 00 00 04 00 0b 11 00 ef 38 45 47 4a 44 c7 40 ff 00 00 00 fe 00 00 00 00 05 5c 00 f0 69 2d 00 00 00 00 00 00 00 00 00 00 00 00 7a 3d 00 00 00 00 00 00 00 00 50 1b 29 3a dc 9c 4d 3d 00 00 00 00 00 00 00 00 0d 69 cc 3e 45 06 4b be a2 94 90 45 d1 fa 8d 44 90 38 15 46 00 fa 8b 37 00 ab f1 b7 8a e9 89 ba 00 e3 95 40 10 33 00 00 6a 03 00 00 00 00 00 00 00 00 ff
2026-09-18T14:31:27.4924770Z TX 43 4f 5a 03 52 45 01 0b 00 00 00 00 14 00 18 95 d4 09 78 5b c7 40 00 01 00 00 ff 00 00 00 00
2026-09-18T14:31:27.4997346Z RX 43 4f 5a 03 52 45 01 09 00 00 00 00 04 00 05 5c 00 f0 87 2d 00 00 00 00 00 00 00 00 00 00 00 00 7a 3d 00 00 00 00 00 00 00 00 80 fe 21 3a 11 ce 4d 3d 00 00 00 00 00 00 00 00 0d 69 cc 3e 45 06 4b be 1a 73 90 45 2d ae 8d 44 76 68 15 46 b0 e2 06 ba 00 97 ed b7 7e 66 8b b9 00 e3 95 40 10 33 00 00 6a 03 00 00 00 00 00 00 00 00 ff 0b 11 00 18 95 d4 09 78 5b c7 40 00 01 00 00 ff 00 00 00 00
2026-09-18T14:31:27.5327966Z RX 43 4f 5a 03 52 45 01 09 00 00 00 00 04 00 05 5c 00 f0 a5 2d 00 00 00 00 00 00 00 00 00 00 00 00 7a 3d 00 00 00 00 00 00 00 00 d5 11 23 3a 35 eb 4d 3d 00 00 00 00 00 00 00 00 0d 69 cc 3e 45 06 4b be fe 47 90 45 da a8 8b 44 3e 12 15 46 00 61 82 b9 80 ba 49 3a 84 5c 86 39 00 81 95 40 10 33 00 00 6a 03 00 00 00 00 00 00 00 00 ff
2026-09-18T14:31:27.5390452Z TX 43 4f 5a 03 52 45 01 0b 00 00 00 00 14 00 0b b5 a6 79 bf 72 c7 40 01 01 00 00 00 01 00 00 00
2026-09-18T14:31:27.5656922Z RX 43 4f 5a 03 52 45 01 09 00 00 00 00 04 00 0b 11 00 0b b5 a6 79 bf 72 c7 40 01 01 00 00 00 01 00 00 00 05 5c 00 f0 c3 2d 00 00 00 00 00 00 00 00 00 00 00 00 7a 3d 00 00 00 00 00 00 00 00 96 1e 27 3a f6 1d 4e 3d 00 00 00 00 00 00 00 00 0d 69 cc 3e 45 06 4b be 66 e3 8f 45 41 c8 8c 44 11 66 15 46 60 46 95 39 b0 17 9b b9 0f 4c 07 3a 00 e3 95 40 10 33 00 00 6a 03 00 00 00 00 00 00 00 00 ff
2026-09-18T14:31:27.5859290Z TX 43 4f 5a 03 52 45 01 0b 00 00 00 00 14 00 bc 05 12 14 2f 8a c7 40 02 01 00 00 01 01 00 00 00
2026-09-18T14:31:27.5986238Z RX 43 4f 5a 03 52 45 01 09 15 00 15 00 04 00 05 5c 00 f0 e1 2d 00 00 00 00 00 00 00 00 00 00 00 00 7a 3d 00 00 00 00 00 00 00 00 32 43 2c 3a 29 13 4e 3d 00 00 00 00 00 00 00 00 0d 69 cc 3e 45 06 4b be b8 09 90 45 57 a0 8f 44 cf 82 15 46 e0 99 0f 3a 10 9b 12 ba b9 d2 06 3a 00 81 95 40 10 33 00 00 6a 03 00 00 00 00 00 00 00 00 ff 0b 11 00 bc 05 12 14 2f 8a c7 40 02 01 00 00 01 01 00 00 00 04 15 00 b0 43 02 00 00 87 01 ff 03 1c 36 fa be cf 57 db 3e c3 9c 0c 3f
2026-09-18T14:31:27.6320753Z RX 43 4f 5a 03 52 45 01 09 15 00 15 00 04 00 05 5c 00 f0 ff 2d 00 00 00 00 00 00 00 00 00 00 00 00 7a 3d 00 00 00 00 00 00 00 00 1e ef 2c 3a 86 7b 4d 3d 00 00 00 00 00 00 00 00 0d 69 cc 3e 45 06 4b be 27 5b 90 45 22 42 8c 44 04 7e 15 46 70 49 07 ba 50 c0 87 3a 4b 8b 84 39 00 81 95 40 10 33 00 00 6a 03 00 00 00 00 00 00 00 00 ff 04 15 00 b0 43 02 00 00 87 01 ff 03 1c 36 fa be cf 57 db 3e c3 9c 0c 3f
2026-09-18T14:31:27.6339894Z TX 43 4f 5a 03 52 45 01 0b 00 00 00 00 15 00 8c b9 6b 09 31 a2 c7 40 03 01 00 00 02 01 00 00 00
2026-09-18T14:31:27.6658118Z RX 43 4f 5a 03 52 45 01 09 00 00 00 00 04 00 0b 11 00 8c b9 6b 09 31 a2 c7 40 03 01 00 00 02 01 00 00 00 05 5c 00 f0 1d 2e 00 00 00 00 00 00 00 00 00 00 00 00 7a 3d 00 00 00 00 00 00 00 00 64 34 30 3a 6e 6b 4d 3d 00 00 00 00 00 00 00 00 0d 69 cc 3e 45 06 4b be a2 94 90 45 d1 fa 8d 44 d5 76 15 46 00 14 86 37 1c 61 87 3a f2 f6 a9 3a 00 81 95 40 10 33 00 00 6a 03 00 00 00 00 00 00 00 00 ff
2026-09-18T14:31:27.6807180Z TX 43 4f 5a 03 52 45 01 0b 00 00 00 00 15 00 1a c0 5b 20 a9 b9 c7 40 04 01 00 00 03 01 00 00 00
2026-09-18T14:31:27.6973847Z RX 43 4f 5a 03 52 45 01 09 00 00 00 00 04 00 05 5c 00 f0 3b 2e 00 00 00 00 00 00 00 00 00 00 00 00 7a 3d 00 00 00 00 00 00 00 00 7a ea 37 3a e4 72 4d 3d 00 00 00 00 00 00 00 00 0d 69 cc 3e 45 06 4b be c8 4c 90 45 6a db 8c 44 47 61 15 46 98 57 55 3a 20 23 9d b9 69 85 82 39 00 81 95 40 10 33 00 00 6a 03 00 00 00 00 00 00 00 00 ff 0b 11 00 1a c0 5b 20 a9 b9 c7 40 04 01 00 00 03 01 00 00 00
2026-09-18T14:31:27.7280718Z TX 43 4f 5a 03 52 45 01 0b 00 00 00 00 15 00 40 13 61 c3 33 d1 c7 40 05 01 00 00 04 01 00 00 00
2026-09-18T14:31:27.7313561Z RX 43 4f 5a 03 52 45 01 09 00 00 00 00 04 00 05 5c 00 f0 59 2e 00 00 00 00 00 00 00 00 00 00 00 00 7a 3d 00 00 00 00 00 00 00 00 a2 77 41 3a 61 69 4d 3d 00 00 00 00 00 00 00 00 0d 69 cc 3e 45 06 4b be a6 6b 8f 45 6c 99 90 44 63 8c 15 46 a0 ac 07 ba 18 d5 02 3a cb a8 ed 3a 00 81 95 40 10 33 00 00 6a 03 00 00 00 00 00 00 00 00 ff 05 5c 00 f0 77 2e 00 00 00 00 00 00 00 00 00 00 00 00 7a 3d 00 00 00 00 00 00 00 00 1c 7f 49 3a 05 cc 4c 3d 00 00 00 00 00 00 00 00 0d 69 cc 3e 45 06 4b be 54 45 8f 45 80 b3 8f 44 7f b7 15 46 00 8c 8b 37 d0 19 9d b9 6b 21 04 3a 00 81 95 40 10 33 00 00 6a 03 00 00 00 00 00 00 00 00 ff
2026-09-18T14:31:27.7642603Z RX 43 4f 5a 03 52 45 01 09 00 00 00 00 04 00 0b 11 00 40 13 61 c3 33 d1 c7 40 05 01 00 00 04 01 00 00 00 05 5c 00 f0 95 2e 00 00 00 00 00 00 00 00 00 00 00 00 7a 3d 00 00 00 00 00 00 00 00 b3 22 51 3a 89 95 4c 3d 00 00 00 00 00 00 00 00 0d 69 cc 3e 45 06 4b be df c1 8f 45 89 61 8d 44 04 7e 15 46 00 3c 79 37 3c e4 86 3a 87 ea 47 3a 00 81 95 40 10 33 00 00 6a 03 00 00 00 00 00 00 00 00 ff
2026-09-18T14:31:27.7739279Z TX 43 4f 5a 03 52 45 01 0b 00 00 00 00 15 00 17 d9 ce f7 2b e8 c7 40 06 01 00 00 05 01 00 00 00
2026-09-18T14:31:27.7968678Z RX 43 4f 5a 03 52 45 01 09 00 00 00 00 04 00 0b 11 00 17 d9 ce f7 2b e8 c7 40 06 01 00 00 05 01 00 00 00 05 5c 00 f0 b3 2e 00 00 00 00 00 00 00 00 00 00 00 00 7a 3d 00 00 00 00 00 00 00 00 8f 02 4b 3a c2 3e 4c 3d 00 00 00 00 00 00 00 00 0d 69 cc 3e 45 06 4b be 17 18 90 45 4b 55 8c 44 cf 82 15 46 70 5f 0f 3a b8 a8 14 ba 00 75 52 ba 00 81 95 40 10 33 00 00 6a 03 00 00 00 00 00 00 00 00 ff
2026-09-18T14:31:27.8199972Z TX 43 4f 5a 03 52 45 01 0b 00 00 00 00 15 00 74 b5 15 fb 3b ff c7 40 07 01 00 00 06 01 00 00 00
2026-09-18T14:31:27.8298767Z RX 43 4f 5a 03 52 45 01 09 00 00 00 00 04 00 05 5c 00 f0 d1 2e 00 00 00 00 00 00 00 00 00 00 00 00 7a 3d 00 00 00 00 00 00 00 00 8a 4e 4f 3a 55 5d 4c 3d 00 00 00 00 00 00 00 00 0d 69 cc 3e 45 06 4b be f1 5f 90 45 c6 8e 8c 44 76 68 15 46 48 a4 89 ba 90 aa 14 ba 6e 98 03 3a 00 81 95 40 10 33 00 00 6a 03 00 00 00 00 00 00 00 00 ff 0b 11 00 74 b5 15 fb 3b ff c7 40 07 01 00 00 06 01 00 00 00
2026-09-18T14:31:27.8627168Z RX 43 4f 5a 03 52 45 01 09 00 00 00 00 04 00 05 5c 00 f0 ef 2e 00 00 00 00 00 00 00 00 00 00 00 00 7a 3d 00 00 00 00 00 00 00 00 49 c2 4e 3a 3d 0b 4d 3d 00 00 00 00 00 00 00 00 0d 69 cc 3e 45 06 4b be 86 69 90 45 e5 14 8d 44 7d 5c 15 46 40 51 07 ba 70 88 9c b9 a0 a5 03 3a 00 81 95 40 10 33 00 00 6a 03 00 00 00 00 00 00 00 00 ff
2026-09-18T14:31:27.8658130Z TX 43 4f 5a 03 52 45 01 0b 00 00 00 00 15 00 ca 32 c4 b1 1e 16 c8 40 08 01 00 00 07 01 00 00 00
2026-09-18T14:31:27.8958356Z RX 43 4f 5a 03 52 45 01 09 00 00 00 00 04 00 0b 11 00 ca 32 c4 b1 1e 16 c8 40 08 01 00 00 07 01 00 00 00 05 5c 00 f0 0d 2f 00 00 00 00 00 00 00 00 00 00 00 00 7a 3d 00 00 00 00 00 00 00 00 b2 ab 55 3a 20 08 4d 3d 00 00 00 00 00 00 00 00 0d 69 cc 3e 45 06 4b be df c1 8f 45 dc 66 8f 44 47 61 15 46 e0 9e 4c ba e0 fa 74 39 0a 80 47 3a 00 81 95 40 10 33 00 00 6a 03 00 00 00 00 00 00 00 00 ff
2026-09-18T14:31:27.9129967Z TX 43 4f 5a 03 52 45 01 0b 00 00 00 00 15 00 5d 6d c5 fe ba 2d c8 40 09 01 00 00 08 01 00 00 00
2026-09-18T14:31:27.9287514Z RX 43 4f 5a 03 52 45 01 09 00 00 00 00 04 00 05 5c 00 f0 2b 2f 00 00 00 00 00 00 00 00 00 00 00 00 7a 3d 00 00 00 00 00 00 00 00 d4 9d 53 3a 1d 24 4d 3d 00 00 00 00 00 00 00 00 0d 69 cc 3e 45 06 4b be 9f 39 90 45 23 21 8e 44 76 68 15 46 40 df 81 b9 e0 38 75 39 7a 3f 53 ba 00 e3 95 40 10 33 00 00 6a 03 00 00 00 00 00 00 00 00 ff 0b 11 00 5d 6d c5 fe ba 2d c8 40 09 01 00 00 08 01 00 00 00
2026-09-18T14:31:27.9602240Z TX 43 4f 5a 03 52 45 01 0b 00 00 00 00 15 00 d3 de e0 0b 6b 45 c8 40 0a 01 00 00 09 01 00 00 00
2026-09-18T14:31:27.9637559Z RX 43 4f 5a 03 52 45 01 09 00 00 00 00 04 00 05 5c 00 f0 49 2f 00 00 00 00 00 00 00 00 00 00 00 00 7a 3d 00 00 00 00 00 00 00 00 22 17 50 3a 31 38 4d 3d 00 00 00 00 00 00 00 00 0d 69 cc 3e 45 06 4b be 9f 39 90 45 d2 d9 8f 44 96 2c 15 46 c8 ec 55 3a 00 4a 08 b8 92 86 03 3a 00 81 95 40 10 33 00 00 6a 03 00 00 00 00 00 00 00 00 ff 0b 11 00 d3 de e0 0b 6b 45 c8 40 0a 01 00 00 09 01 00 00 00
2026-09-18T14:31:27.9945074Z RX 43 4f 5a 03 52 45 01 09 00 00 00 00 04 00 05 5c 00 f0 67 2f 00 00 00 00 00 00 00 00 00 00 00 00 7a 3d 00 00 00 00 00 00 00 00 25 65 51 3a 7d eb 4c 3d 00 00 00 00 00 00 00 00 0d 69 cc 3e 45 06 4b be 69 3e 90 45 e6 f3 8e 44 e8 52 15 46 40 b2 82 b9 40 0f 73 39 1f c4 8b ba 00 e3 95 40 10 33 00 00 6a 03 00 00 00 00 00 00 00 00 ff
2026-09-18T14:31:28.0074089Z TX 43 4f 5a 03 52 45 01 0b 00 00 00 00 15 00 02 bc 05 12 04 5d c8 40 0b 01 00 00 0a 01 00 00 00
2026-09-18T14:31:28.0395355Z RX 43 4f 5a 03 52 45 01 09 00 00 00 00 04 00 05 5c 00 f0 85 2f 00 00 00 00 00 00 00 00 00 00 00 00 7a 3d 00 00 00 00 00 00 00 00 bb 3f 4e 3a 9c bf 4c 3d 00 00 00 00 00 00 00 00 0d 69 cc 3e 45 06 4b be 50 6e 90 45 23 21 8e 44 18 5a 15 46 c8 93 8d 3a 80 ec 10 b8 60 56 86 3a 00 81 95 40 10 33 00 00 6a 03 00 00 00 00 00 00 00 00 ff 0b 11 00 02 bc 05 12 04 5d c8 40 0b 01 00 00 0a 01 00 00 00
2026-09-18T14:31:28.0555022Z TX 43 4f 5a 03 52 45 01 0b 00 00 00 00 15 00 43 1c eb e2 0e 75 c8 40 0c 01 00 00 0b 01 00 00 00
2026-09-18T14:31:28.0703487Z RX 43 4f 5a 03 52 45 01 09 00 00 00 00 04 00 05 5c 00 f0 a3 2f 00 00 00 00 00 00 00 00 00 00 00 00 7a 3d 00 00 00 00 00 00 00 00 e4 0a 51 3a 33 d1 4c 3d 00 00 00 00 00 00 00 00 0d 69 cc 3e 45 06 4b be f4 ba 90 45 23 21 8e 44 b5 b2 15 46 00 84 78 37 40 e3 86 3a 88 02 53 ba 00 e3 95 40 10 33 00 00 6a 03 00 00 00 00 00 00 00 00 ff 0b 11 00 43 1c eb e2 0e 75 c8 40 0c 01 00 00 0b 01 00 00 00 05 5c 00 f0 c1 2f 00 00 00 00 00 00 00 00 00 00 00 00 7a 3d 00 00 00 00 00 00 00 00 ea 68 4c 3a 90 86 4c 3d 00 00 00 00 00 00 00 00 0d 69 cc 3e 45 06 4b be 34 43 90 45 4d 13 90 44 83 50 15 46 a0 ac 92 39 58 dd 5a ba 1f a4 a3 b7 00 e3 95 40 10 33 00 00 6a 03 00 00 00 00 00 00 00 00 ff
2026-09-18T14:31:28.0935994Z RX 43 4f 5a 03 52 45 01 09 00 00 00 00 04 00 05 5c 00 f0 df 2f 00 00 00 00 00 00 00 00 00 00 00 00 7a 3d 00 00 00 00 00 00 00 00 09 ee 45 3a fa df 4c 3d 00 00 00 00 00 00 00 00 0d 69 cc 3e 45 06 4b be f8 91 8f 45 d1 fa 8d 44 47 61 15 46 00 b0 69 37 88 88 14 ba 46 fc 51 ba 00 e3 95 40 10 33 00 00 6a 03 00 00 00 00 00 00 00 00 ff
2026-09-18T14:31:28.1015666Z TX 43 4f 5a 03 52 45 01 0b 00 00 00 00 15 00 83 2f 4c a6 1a 8c c8 40 0d 01 00 00 0c 01 00 00 00
2026-09-18T14:31:28.1266077Z RX 43 4f 5a 03 52 45 01 09 00 00 00 00 04 00 0b 11 00 83 2f 4c a6 1a 8c c8 40 0d 01 00 00 0c 01 00 00 00 05 5c 00 f0 fd 2f 00 00 00 00 00 00 00 00 00 00 00 00 7a 3d 00 00 00 00 00 00 00 00 06 4d 44 3a ef 49 4c 3d 00 00 00 00 00 00 00 00 0d 69 cc 3e 45 06 4b be dc 66 8f 45 93 ee 8c 44 6a 80 15 46 30 a1 4d ba 80 55 73 39 f8 9c 04 3a 00 e3 95 40 10 33 00 00 6a 03 00 00 00 00 00 00 00 00 ff
2026-09-18T14:31:28.1476046Z TX 43 4f 5a 03 52 45 01 0b 00 00 00 00 15 00 41 f1 63 cc 1d a3 c8 40 0e 01 00 00 0d 01 00 00 00
2026-09-18T14:31:28.1597381Z RX 43 4f 5a 03 52 45 01 09 00 00 00 00 04 00 05 0a 00 f3 bc bc 58 de 02 00 00 00 45 05 5c 00 f0 1b 30 00 00 00 00 00 00 00 00 00 00 00 00 7a 3d 00 00 00 00 00 00 00 00 ab 36 4b 3a 95 3c 4c 3d 00 00 00 00 00 00 00 00 0d 69 cc 3e 45 06 4b be 5a fb 8f 45 bc 01 8d 44 7d 5c 15 46 40 3c 93 39 b0 9b 9d b9 50 7a 86 3a 00 e3 95 40 10 33 00 00 6a 03 00 00 00 00 00 00 00 00 ff 0b 11 00 41 f1 63 cc 1d a3 c8 40 0e 01 00 00 0d 01 00 00 00
2026-09-18T14:31:28.1930718Z RX 43 4f 5a 03 52 45 01 09 00 00 00 00 04 00 05 5c 00 f0 39 30 00 00 00 00 00 00 00 00 00 00 00 00 7a 3d 00 00 00 00 00 00 00 00 b1 37 53 3a bc 4d 4c 3d 00 00 00 00 00 00 00 00 0d 69 cc 3e 45 06 4b be fe 47 90 45 fa 0d 8e 44 89 44 15 46 00 cb 92 39 e8 45 48 3a 91 5a a8 3a 00 e3 95 40 10 33 00 00 6a 03 00 00 00 00 00 00 00 00 ff
2026-09-18T14:31:28.1942266Z TX 43 4f 5a 03 52 45 01 0b 00 00 00 00 15 00 d9 3d 79 58 70 ba c8 40 0f 01 00 00 0e 01 00 00 00
2026-09-18T14:31:28.2256567Z RX 43 4f 5a 03 52 45 01 09 00 00 00 00 04 00 0b 11 00 d9 3d 79 58 70 ba c8 40 0f 01 00 00 0e 01 00 00 00 05 5c 00 f0 57 30 00 00 00 00 00 00 00 00 00 00 00 00 7a 3d 00 00 00 00 00 00 00 00 e8 db 5a 3a cb a1 4c 3d 00 00 00 00 00 00 00 00 0d 69 cc 3e 45 06 4b be 08 d5 8f 45 fa 0d 8e 44 40 6d 15 46 80 da 0e 3a 48 99 47 3a 26 06 47 3a 00 81 95 40 10 33 00 00 6a 03 00 00 00 00 00 00 00 00 ff
2026-09-18T14:31:28.2404449Z TX 43 4f 5a 03 52 45 01 0b 00 00 00 00 15 00 15 1d c9 e5 87 d1 c8 40 10 01 00 00 0f 01 00 00 00
2026-09-18T14:31:28.2587865Z RX 43 4f 5a 03 52 45 01 09 00 00 00 00 04 00 05 5c 00 f0 75 30 00 00 00 00 00 00 00 00 00 00 00 00 7a 3d 00 00 00 00 00 00 00 00 f2 5b 5e 3a 7a 7d 4c 3d 00 00 00 00 00 00 00 00 0d 69 cc 3e 45 06 4b be 9a 83 8f 45 fa 0d 8e 44 5a 3d 15 46 b8 10 54 3a d8 34 90 ba e2 5c 8c ba 00 81 95 40 10 33 00 00 6a 03 00 00 00 00 00 00 00 00 ff 0b 11 00 15 1d c9 e5 87 d1 c8 40 10 01 00 00 0f 01 00 00 00 05 0a 00 f3 ec 8e 1a 24 02 00 00 00 49
2026-09-18T14:31:28.2876081Z TX 43 4f 5a 03 52 45 01 0b 00 00 00 00 15 00 46 94 f6 06 0f e9 c8 40 11 01 00 00 10 01 00 00 00
2026-09-18T14:31:28.2918744Z RX 43 4f 5a 03 52 45 01 09 00 00 00 00 04 00 05 5c 00 f0 93 30 00 00 00 00 00 00 00 00 00 00 00 00 7a 3d 00 00 00 00 00 00 00 00 1e 60 53 3a 9b 78 4c 3d 00 00 00 00 00 00 00 00 0d 69 cc 3e 45 06 4b be 5a fb 8f 45 b2 74 8d 44 37 1e 15 46 80 67 86 b9 f0 d5 9c b9 ed 23 b8 b7 00 81 95 40 10 33 00 00 6a 03 00 00 00 00 00 00 00 00 ff 0b 11 00 46 94 f6 06 0f e9 c8 40 11 01 00 00 10 01 00 00 00
2026-09-18T14:31:28.3246840Z RX 43 4f 5a 03 52 45 01 09 00 00 00 00 04 00 05 5c 00 f0 b1 30 00 00 00 00 00 00 00 00 00 00 00 00 7a 3d 00 00 00 00 00 00 00 00 7e 96 5d 3a 7f ab 4b 3d 00 00 00 00 00 00 00 00 0d 69 cc 3e 45 06 4b be 9c de 8f 45 18 b5 8c 44 bc a6 15 46 00 6c 90 39 d0 34 14 ba c4 5d ec 3a 00 81 95 40 10 33 00 00 6a 03 00 00 00 00 00 00 00 00 ff
2026-09-18T14:31:28.3332631Z TX 43 4f 5a 03 52 45 01 0b 00 00 00 00 15 00 50 fc 18 73 f7 ff c8 40 12 01 00 00 11 01 00 00 00
2026-09-18T14:31:28.3578910Z RX 43 4f 5a 03 52 45 01 09 00 00 00 00 04 00 05 5c 00 f0 cf 30 00 00 00 00 00 00 00 00 00 00 00 00 7a 3d 00 00 00 00 00 00 00 00 91 29 65 3a c9 88 4b 3d 00 00 00 00 00 00 00 00 0d 69 cc 3e 45 06 4b be 64 88 8f 45 10 e6 90 44 d5 76 15 46 00 1c 1b 37 c0 db 48 3a e7 91 ec b7 00 81 95 40 10 33 00 00 6a 03 00 00 00 00 00 00 00 00 ff 0b 11 00 50 fc 18 73 f7 ff c8 40 12 01 00 00 11 01 00 00 00 05 5c 00 f0 ed 30 00 00 00 00 00 00 00 00 00 00 00 00 7a 3d 00 00 00 00 00 00 00 00 1d c0 5c 3a 41 d1 4b 3d 00 00 00 00 00 00 00 00 0d 69 cc 3e 45 06 4b be 4a b8 8f 45 fa 0d 8e 44 0e 0b 15 46 00 8f 8c 3a 50 7b 59 ba b4 05 f3 ba 00 81 95 40 10 33 00 00 6a 03 00 00 00 00 00 00 00 00 ff
2026-09-18T14:31:28.3803092Z TX 43 4f 5a 03 52 45 01 0b 00 00 00 00 15 00 d2 00 de 02 59 17 c9 40 13 01 00 00 12 01 00 00 00
2026-09-18T14:31:28.3917608Z RX 43 4f 5a 03 52 45 01 09 00 00 00 00 04 00 0b 11 00 d2 00 de 02 59 17 c9 40 13 01 00 00 12 01 00 00 00 05 5c 00 f0 0b 31 00 00 00 00 00 00 00 00 00 00 00 00 7a 3d 00 00 00 00 00 00 00 00 72 2c 4f 3a 7a b1 4b 3d 00 00 00 00 00 00 00 00 0d 69 cc 3e 45 06 4b be d5 34 90 45 76 26 90 44 99 87 15 46 10 74 4f ba 08 33 aa 3a 9b d5 52 ba 00 e3 95 40 10 33 00 00 6a 03 00 00 00 00 00 00 00 00 ff
2026-09-18T14:31:28.4243559Z RX 43 4f 5a 03 52 45 01 09 00 00 00 00 04 00 05 5c 00 f0 29 31 00 00 00 00 00 00 00 00 00 00 00 00 7a 3d 00 00 00 00 00 00 00 00 3e 08 4c 3a 2b 32 4c 3d 00 00 00 00 00 00 00 00 0d 69 cc 3e 45 06 4b be c4 75 91 45 d1 fa 8d 44 90 38 15 46 00 9c 0e 37 20 62 14 ba 5c e7 03 3a 00 81 95 40 10 33 00 00 6a 03 00 00 00 00 00 00 00 00 ff
2026-09-18T14:31:28.4265948Z TX 43 4f 5a 03 52 45 01 0b 00 00 00 00 15 00 8c b9 6b 09 81 2e c9 40 14 01 00 00 13 01 00 00 00
2026-09-18T14:31:28.4566797Z RX 43 4f 5a 03 52 45 01 09 00 00 00 00 04 00 0b 11 00 8c b9 6b 09 81 2e c9 40 14 01 00 00 13 01 00 00 00 05 5c 00 f0 47 31 00 00 00 00 00 00 00 00 00 00 00 00 7a 3d 00 00 00 00 00 00 00 00 35 f3 4f 3a d0 b7 4c 3d 00 00 00 00 00 00 00 00 0d 69 cc 3e 45 06 4b be c8 4c 90 45 bb 22 8b 44 70 74 15 46 10 39 8a ba e8 e6 02 3a 80 36 7c 39 00 81 95 40 10 33 00 00 6a 03 00 00 00 00 00 00 00 00 ff
2026-09-18T14:31:28.4736683Z TX 43 4f 5a 03 52 45 01 0b 00 00 00 00 15 00 1e a7 e8 48 0e 46 c9 40 15 01 00 00 14 01 00 00 00
2026-09-18T14:31:28.4922021Z RX 43 4f 5a 03 52 45 01 09 00 00 00 00 04 00 05 5c 00 f0 65 31 00 00 00 00 00 00 00 00 00 00 00 00 7a 3d 00 00 00 00 00 00 00 00 d8 3a 54 3a 95 33 4c 3d 00 00 00 00 00 00 00 00 0d 69 cc 3e 45 06 4b be 9f 39 90 45 9d 7b 8c 44 11 66 15 46 60 4d 08 ba e0 ad 14 ba 61 10 86 3a 00 81 95 40 10 33 00 00 6a 03 00 00 00 00 00 00 00 00 ff 0b 11 00 1e a7 e8 48 0e 46 c9 40 15 01 00 00 14 01 00 00 00
2026-09-18T14:31:28.5204914Z TX 43 4f 5a 03 52 45 01 0b 00 00 00 00 15 00 91 ed 7c 3f 7d 5d c9 40 16 01 00 00 15 01 00 00 00
2026-09-18T14:31:28.5231733Z RX 43 4f 5a 03 52 45 01 09 00 00 00 00 04 00 05 5c 00 f0 83 31 00 00 00 00 00 00 00 00 00 00 00 00 7a 3d 00 00 00 00 00 00 00 00 d7 01 57 3a 27 7a 4c 3d 00 00 00 00 00 00 00 00 0d 69 cc 3e 45 06 4b be 4d 13 90 45 dc 66 8f 44 0b 72 15 46 80 5e 84 b9 10 8f 9c b9 dc 26 95 b9 00 81 95 40 10 33 00 00 6a 03 00 00 00 00 00 00 00 00 ff 0b 11 00 91 ed 7c 3f 7d 5d c9 40 16 01 00 00 15 01 00 00 00
2026-09-18T14:31:28.5562241Z RX 43 4f 5a 03 52 45 01 09 00 00 00 00 04 00 05 5c 00 f0 a1 31 00 00 00 00 00 00 00 00 00 00 00 00 7a 3d 00 00 00 00 00 00 00 00 67 e6 50 3a 57 ba 4c 3d 00 00 00 00 00 00 00 00 0d 69 cc 3e 45 06 4b be 80 b3 8f 45 8a 40 8f 44 76 68 15 46 ac da d2 3a 00 a6 07 b8 fd fd 52 ba 00 e3 95 40 10 33 00 00 6a 03 00 00 00 00 00 00 00 00 ff
2026-09-18T14:31:28.5669986Z TX 43 4f 5a 03 52 45 01 0b 00 00 00 00 15 00 29 ed 0d be a8 74 c9 40 17 01 00 00 16 01 00 00 00
2026-09-18T14:31:28.5891081Z RX 43 4f 5a 03 52 45 01 09 00 00 00 00 04 00 05 5c 00 f0 bf 31 00 00 00 00 00 00 00 00 00 00 00 00 7a 3d 00 00 00 00 00 00 00 00 c7 dd 4e 3a 18 9c 4c 3d 00 00 00 00 00 00 00 00 0d 69 cc 3e 45 06 4b be 24 00 90 45 22 42 8c 44 ac 63 15 46 00 08 22 37 00 79 09 b8 29 a6 93 b9 00 e3 95 40 10 33 00 00 6a 03 00 00 00 00 00 00 00 00 ff 0b 11 00 29 ed 0d be a8 74 c9 40 17 01 00 00 16 01 00 00 00
2026-09-18T14:31:28.6120432Z TX 43 4f 5a 03 52 45 01 0b 00 00 00 00 15 00 0a d7 a3 70 3d 8b c9 40 18 01 00 00 17 01 00 00 00
2026-09-18T14:31:28.6220073Z RX 43 4f 5a 03 52 45 01 09 00 00 00 00 04 00 05 5c 00 f0 dd 31 00 00 00 00 00 00 00 00 00 00 00 00 7a 3d 00 00 00 00 00 00 00 00 8f dd 49 3a 3d 43 4c 3d 00 00 00 00 00 00 00 00 0d 69 cc 3e 45 06 4b be d2 d9 8f 45 bc 01 8d 44 3a 79 15 46 30 00 09 ba c0 99 73 39 5c da 0d ba 00 81 95 40 10 33 00 00 6a 03 00 00 00 00 00 00 00 00 ff 0b 11 00 0a d7 a3 70 3d 8b c9 40 18 01 00 00 17 01 00 00 00
2026-09-18T14:31:28.6553548Z RX 43 4f 5a 03 52 45 01 09 00 00 00 00 04 00 05 5c 00 f0 fb 31 00 00 00 00 00 00 00 00 00 00 00 00 7a 3d 00 00 00 00 00 00 00 00 a0 9f 45 3a 25 8e 4c 3d 00 00 00 00 00 00 00 00 0d 69 cc 3e 45 06 4b be b6 ae 8f 45 7f d4 8d 44 54 49 15 46 f8 e3 53 3a 70 a3 9c b9 13 76 0d ba 00 81 95 40 10 33 00 00 6a 03 00 00 00 00 00 00 00 00 ff
2026-09-18T14:31:28.6589399Z TX 43 4f 5a 03 52 45 01 0b 00 00 00 00 15 00 c9 76 be 9f aa a2 c9 40 19 01 00 00 18 01 00 00 00
2026-09-18T14:31:28.6879526Z RX 43 4f 5a 03 52 45 01 09 00 00 00 00 04 00 05 5c 00 f0 19 32 00 00 00 00 00 00 00 00 00 00 00 00 7a 3d 00 00 00 00 00 00 00 00 88 5d 44 3a 13 6b 4c 3d 00 00 00 00 00 00 00 00 0d 69 cc 3e 45 06 4b be fe 47 90 45 8a 40 8f 44 cf 82 15 46 c0 f2 8f 39 58 98 cc 3a 95 ac 8b b7 00 81 95 40 10 33 00 00 6a 03 00 00 00 00 00 00 00 00 ff 0b 11 00 c9 76 be 9f aa a2 c9 40 19 01 00 00 18 01 00 00 00 05 5c 00 f0 37 32 00 00 00 00 00 00 00 00 00 00 00 00 7a 3d 00 00 00 00 00 00 00 00 ec 5d 42 3a f6 41 4c 3d 00 00 00 00 00 00 00 00 0d 69 cc 3e 45 06 4b be 2e 8d 8f 45 55 e2 8b 44 54 49 15 46 e0 00 90 39 00 f3 1c b8 e0 56 91 b9 00 81 95 40 10 33 00 00 6a 03 00 00 00 00 00 00 00 00 ff
2026-09-18T14:31:28.7058132Z TX 43 4f 5a 03 52 45 01 0b 00 00 00 00 15 00 9a 77 9c a2 23 ba c9 40 1a 01 00 00 19 01 00 00 00
2026-09-18T14:31:28.7207903Z RX 43 4f 5a 03 52 45 01 09 00 00 00 00 04 00 0b 11 00 9a 77 9c a2 23 ba c9 40 1a 01 00 00 19 01 00 00 00 05 5c 00 f0 55 32 00 00 00 00 00 00 00 00 00 00 00 00 7a 3d 00 00 00 00 00 00 00 00 0d 8c 3b 3a dc 73 4c 3d 00 00 00 00 00 00 00 00 0d 69 cc 3e 45 06 4b be 14 bd 8f 45 a8 e7 8d 44 d9 0f 15 46 c0 42 8a ba a0 c7 01 3a 2e 05 51 ba 00 81 95 40 10 33 00 00 6a 03 00 00 00 00 00 00 00 00 ff
2026-09-18T14:31:28.7515661Z TX 43 4f 5a 03 52 45 01 0b 00 00 00 00 15 00 ae 47 e1 7a 04 d1 c9 40 1b 01 00 00 1a 01 00 00 00
2026-09-18T14:31:28.7540690Z RX 43 4f 5a 03 52 45 01 09 00 00 00 00 04 00 05 5c 00 f0 73 32 00 00 00 00 00 00 00 00 00 00 00 00 7a 3d 00 00 00 00 00 00 00 00 af 01 41 3a 30 f1 4c 3d 00 00 00 00 00 00 00 00 0d 69 cc 3e 45 06 4b be 1a 73 90 45 03 bc 8b 44 96 2c 15 46 00 dc 1c 37 80 ca 1e b8 2b 71 cb 3a 00 81 95 40 10 33 00 00 6a 03 00 00 00 00 00 00 00 00 ff 0b 11 00 ae 47 e1 7a 04 d1 c9 40 1b 01 00 00 1a 01 00 00 00
2026-09-18T14:31:28.7869566Z RX 43 4f 5a 03 52 45 01 09 00 00 00 00 04 00 05 5c 00 f0 91 32 00 00 00 00 00 00 00 00 00 00 00 00 7a 3d 00 00 00 00 00 00 00 00 e0 52 45 3a 73 72 4d 3d 00 00 00 00 00 00 00 00 0d 69 cc 3e 45 06 4b be 92 51 90 45 d1 fa 8d 44 4a fa 14 46 20 e6 0d 3a c0 ba 6d 39 18 6e 0d ba 00 81 95 40 10 33 00 00 6a 03 00 00 00 00 00 00 00 00 ff
2026-09-18T14:31:28.7966090Z TX 43 4f 5a 03 52 45 01 0b 00 00 00 00 15 00 6d 56 7d ae 96 e7 c9 40 1c 01 00 00 1b 01 00 00 00
2026-09-18T14:31:28.8202631Z RX 43 4f 5a 03 52 45 01 09 00 00 00 00 04 00 0b 11 00 6d 56 7d ae 96 e7 c9 40 1c 01 00 00 1b 01 00 00 00 05 5c 00 f0 af 32 00 00 00 00 00 00 00 00 00 00 00 00 7a 3d 00 00 00 00 00 00 00 00 31 cf 44 3a f1 60 4d 3d 00 00 00 00 00 00 00 00 0d 69 cc 3e 45 06 4b be b8 09 90 45 6b ba 8e 44 fe 89 15 46 68 f0 52 3a 00 f2 23 b8 e5 e2 8c b7 80 18 94 40 10 33 00 00 6a 03 00 00 00 00 00 00 00 00 ff
2026-09-18T14:31:28.8417762Z TX 43 4f 5a 03 52 45 01 0b 00 00 00 00 15 00 e6 ae 25 e4 33 fe c9 40 1d 01 00 00 1c 01 00 00 00
2026-09-18T14:31:28.8533196Z RX 43 4f 5a 03 52 45 01 09 00 00 00 00 04 00 05 5c 00 f0 cd 32 00 00 00 00 00 00 00 00 00 00 00 00 7a 3d 00 00 00 00 00 00 00 00 e4 68 45 3a 9b 23 4d 3d 00 00 00 00 00 00 00 00 0d 69 cc 3e 45 06 4b be 50 6e 90 45 7f d4 8d 44 d5 76 15 46 30 ce 0c 3a 10 58 01 3a ce 10 80 39 00 e3 95 40 10 33 00 00 6a 03 00 00 00 00 00 00 00 00 ff 0b 11 00 e6 ae 25 e4 33 fe c9 40 1d 01 00 00 1c 01 00 00 00
2026-09-18T14:31:28.8859798Z RX 43 4f 5a 03 52 45 01 09 00 00 00 00 04 00 05 5c 00 f0 eb 32 00 00 00 00 00 00 00 00 00 00 00 00 7a 3d 00 00 00 00 00 00 00 00 12 08 46 3a 6a 05 4d 3d 00 00 00 00 00 00 00 00 0d 69 cc 3e 45 06 4b be 90 f6 8f 45 fa 0d 8e 44 e2 5e 15 46 00 28 8d 36 c8 75 5b ba 48 77 04 3a 00 81 95 40 10 33 00 00 6a 03 00 00 00 00 00 00 00 00 ff
2026-09-18T14:31:28.8888365Z TX 43 4f 5a 03 52 45 01 0b 00 00 00 00 15 00 2c d4 9a e6 a5 15 ca 40 1e 01 00 00 1d 01 00 00 00
2026-09-18T14:31:28.9189750Z RX 43 4f 5a 03 52 45 01 09 00 00 00 00 04 00 0b 11 00 2c d4 9a e6 a5 15 ca 40 1e 01 00 00 1d 01 00 00 00 05 5c 00 f0 09 33 00 00 00 00 00 00 00 00 00 00 00 00 7a 3d 00 00 00 00 00 00 00 00 da fe 46 3a 49 18 4d 3d 00 00 00 00 00 00 00 00 0d 69 cc 3e 45 06 4b be 8d 9b 8f 45 f0 80 8e 44 1a b5 15 46 60 6a 0c 3a 60 fd 70 39 c3 94 0d ba 00 e3 95 40 10 33 00 00 6a 03 00 00 00 00 00 00 00 00 ff
2026-09-18T14:31:28.9356906Z TX 43 4f 5a 03 52 45 01 0b 00 00 00 00 15 00 ee 5a 42 3e 10 2d ca 40 1f 01 00 00 1e 01 00 00 00
2026-09-18T14:31:28.9519707Z RX 43 4f 5a 03 52 45 01 09 00 00 00 00 04 00 05 5c 00 f0 27 33 00 00 00 00 00 00 00 00 00 00 00 00 7a 3d 00 00 00 00 00 00 00 00 a0 b4 48 3a 11 8b 4d 3d 00 00 00 00 00 00 00 00 0d 69 cc 3e 45 06 4b be a4 ef 90 45 80 b3 8f 44 e8 52 15 46 e0 da 89 b9 c0 6e 6f 39 bd b5 48 3a 00 e3 95 40 10 33 00 00 6a 03 00 00 00 00 00 00 00 00 ff 0b 11 00 ee 5a 42 3e 10 2d ca 40 1f 01 00 00 1e 01 00 00 00
2026-09-18T14:31:28.9814190Z TX 43 4f 5a 03 52 45 01 0b 00 00 00 00 15 00 94 f6 06 5f f0 43 ca 40 20 01 00 00 1f 01 00 00 00
2026-09-18T14:31:28.9852393Z RX 43 4f 5a 03 52 45 01 09 00 00 00 00 04 00 05 5c 00 f0 45 33 00 00 00 00 00 00 00 00 00 00 00 00 7a 3d 00 00 00 00 00 00 00 00 f9 e3 4b 3a ec f0 4d 3d 00 00 00 00 00 00 00 00 0d 69 cc 3e 45 06 4b be a4 ef 90 45 18 b5 8c 44 d5 76 15 46 38 db 8a ba d8 58 15 ba 6f ed 03 3a 00 e3 95 40 10 33 00 00 6a 03 00 00 00 00 00 00 00 00 ff 0b 11 00 94 f6 06 5f f0 43 ca 40 20 01 00 00 1f 01 00 00 00 05 5c 00 f0 63 33 00 00 00 00 00 00 00 00 00 00 00 00 7a 3d 00 00 00 00 00 00 00 00 e3 6f 4f 3a 4d 37 4d 3d 00 00 00 00 00 00 00 00 0d 69 cc 3e 45 06 4b be 4a b8 8f 45 9d 7b 8c 44 d5 76 15 46 40 6f 8e 39 00 cc 1d b8 81 bc 93 b9 00 e3 95 40 10 33 00 00 6a 03 00 00 00 00 00 00 00 00 ff
2026-09-18T14:31:29.0178125Z RX 43 4f 5a 03 52 45 01 09 00 00 00 00 04 00 05 5c 00 f0 81 33 00 00 00 00 00 00 00 00 00 00 00 00 7a 3d 00 00 00 00 00 00 00 00 37 09 4d 3a 06 85 4d 3d 00 00 00 00 00 00 00 00 0d 69 cc 3e 45 06 4b be 5a fb 8f 45 75 47 8e 44 ec eb 14 46 70 be 09 ba 60 9f 9d b9 d6 4a 93 b9 00 e3 95 40 10 33 00 00 6a 03 00 00 00 00 00 00 00 00 ff
2026-09-18T14:31:29.0288618Z TX 43 4f 5a 03 52 45 01 0b 00 00 00 00 15 00 be 9f 1a 2f a5 5b ca 40 21 01 00 00 20 01 00 00 00
2026-09-18T14:31:29.0506671Z RX 43 4f 5a 03 52 45 01 09 00 00 00 00 04 00 0b 11 00 be 9f 1a 2f a5 5b ca 40 21 01 00 00 20 01 00 00 00 05 5c 00 f0 9f 33 00 00 00 00 00 00 00 00 00 00 00 00 7a 3d 00 00 00 00 00 00 00 00 90 20 4c 3a 9d 23 4d 3d 00 00 00 00 00 00 00 00 0d 69 cc 3e 45 06 4b be 80 b3 8f 45 bd e0 8e 44 f5 3a 15 46 d8 e7 52 3a 58 11 02 3a 62 4e a2 b7 00 81 95 40 10 33 00 00 6a 03 00 00 00 00 00 00 00 00 ff
2026-09-18T14:31:29.0764315Z TX 43 4f 5a 03 52 45 01 0b 00 00 00 00 15 00 d5 e7 6a 2b 86 73 ca 40 22 01 00 00 21 01 00 00 00
2026-09-18T14:31:29.0837813Z RX 43 4f 5a 03 52 45 01 09 00 00 00 00 04 00 05 5c 00 f0 bd 33 00 00 00 00 00 00 00 00 00 00 00 00 7a 3d 00 00 00 00 00 00 00 00 b4 3f 48 3a 7a 2b 4d 3d 00 00 00 00 00 00 00 00 0d 69 cc 3e 45 06 4b be 9f 39 90 45 2d ae 8d 44 24 42 15 46 e0 0d 8e 39 00 2f 15 b8 3d 68 92 b9 00 e3 95 40 10 33 00 00 6a 03 00 00 00 00 00 00 00 00 ff 0b 11 00 d5 e7 6a 2b 86 73 ca 40 22 01 00 00 21 01 00 00 00
2026-09-18T14:31:29.1168577Z RX 43 4f 5a 03 52 45 01 09 00 00 00 00 04 00 05 5c 00 f0 db 33 00 00 00 00 00 00 00 00 00 00 00 00 7a 3d 00 00 00 00 00 00 00 00 66 5a 47 3a 94 49 4d 3d 00 00 00 00 00 00 00 00 0d 69 cc 3e 45 06 4b be 76 26 90 45 a8 e7 8d 44 3a 79 15 46 b0 b2 0c 3a a8 9c 14 ba c5 3d 92 b9 00 81 95 40 10 33 00 00 6a 03 00 00 00 00 00 00 00 00 ff
2026-09-18T14:31:29.1219394Z TX 43 4f 5a 03 52 45 01 0b 00 00 00 00 15 00 39 45 47 72 39 8a ca 40 23 01 00 00 22 01 00 00 00
2026-09-18T14:31:29.1501654Z RX 43 4f 5a 03 52 45 01 09 00 00 00 00 04 00 0b 11 00 39 45 47 72 39 8a ca 40 23 01 00 00 22 01 00 00 00 05 5c 00 f0 f9 33 00 00 00 00 00 00 00 00 00 00 00 00 7a 3d 00 00 00 00 00 00 00 00 a6 dc 43 3a 01 55 4d 3d 00 00 00 00 00 00 00 00 0d 69 cc 3e 45 06 4b be 69 3e 90 45 4c 34 8e 44 ac 63 15 46 a0 e4 0b 3a 38 09 48 3a 8c 98 91 b9 00 81 95 40 10 33 00 00 6a 03 00 00 00 00 00 00 00 00 ff
2026-09-18T14:31:29.1691423Z TX 43 4f 5a 03 52 45 01 0b 00 00 00 00 15 00 14 d0 44 d8 c0 a1 ca 40 24 01 00 00 23 01 00 00 00
2026-09-18T14:31:29.1831410Z RX 43 4f 5a 03 52 45 01 09 00 00 00 00 04 00 05 0a 00 f3 8b 63 6c 11 01 00 00 00 2c 05 5c 00 f0 17 34 00 00 00 00 00 00 00 00 00 00 00 00 7a 3d 00 00 00 00 00 00 00 00 e4 10 47 3a 17 4a 4d 3d 00 00 00 00 00 00 00 00 0d 69 cc 3e 45 06 4b be d2 d9 8f 45 bd e0 8e 44 fe 89 15 46 c0 ba 50 ba 00 a8 1b b8 26 ec a8 3a 00 81 95 40 10 33 00 00 6a 03 00 00 00 00 00 00 00 00 ff 0b 11 00 14 d0 44 d8 c0 a1 ca 40 24 01 00 00 23 01 00 00 00
2026-09-18T14:31:29.2157891Z TX 43 4f 5a 03 52 45 01 0b 00 00 00 00 15 00 1f 85 eb 51 20 b9 ca 40 25 01 00 00 24 01 00 00 00
2026-09-18T14:31:29.2171744Z RX 43 4f 5a 03 52 45 01 09 00 00 00 00 04 00 05 5c 00 f0 35 34 00 00 00 00 00 00 00 00 00 00 00 00 7a 3d 00 00 00 00 00 00 00 00 b6 56 51 3a d2 00 4d 3d 00 00 00 00 00 00 00 00 0d 69 cc 3e 45 06 4b be 17 18 90 45 03 bc 8b 44 6a 80 15 46 90 2c 50 ba 80 9e 9e b9 89 97 07 3b 00 81 95 40 10 33 00 00 6a 03 00 00 00 00 00 00 00 00 ff
2026-09-18T14:31:29.2491148Z RX 43 4f 5a 03 52 45 01 09 00 00 00 00 04 00 0b 11 00 1f 85 eb 51 20 b9 ca 40 25 01 00 00 24 01 00 00 00 05 5c 00 f0 53 34 00 00 00 00 00 00 00 00 00 00 00 00 7a 3d 00 00 00 00 00 00 00 00 23 f2 58 3a 0b f2 4c 3d 00 00 00 00 00 00 00 00 0d 69 cc 3e 45 06 4b be bb 64 90 45 4c 34 8e 44 e8 52 15 46 40 1f 88 b9 e0 f9 70 39 f5 b7 53 ba 00 81 95 40 10 33 00 00 6a 03 00 00 00 00 00 00 00 00 ff
2026-09-18T14:31:29.2624671Z TX 43 4f 5a 03 52 45 01 0b 00 00 00 00 15 00 2b 18 95 d4 71 d0 ca 40 26 01 00 00 25 01 00 00 00
2026-09-18T14:31:29.2822909Z RX 43 4f 5a 03 52 45 01 09 00 00 00 00 04 00 05 5c 00 f0 71 34 00 00 00 00 00 00 00 00 00 00 00 00 7a 3d 00 00 00 00 00 00 00 00 51 0f 52 3a 7a 11 4d 3d 00 00 00 00 00 00 00 00 0d 69 cc 3e 45 06 4b be 0a 30 90 45 75 47 8e 44 ee 46 15 46 a0 da 87 b9 50 a3 5a ba cb 46 d0 ba 00 81 95 40 10 33 00 00 6a 03 00 00 00 00 00 00 00 00 ff 05 0a 00 f3 ec 8e 1a 24 02 00 00 00 49 0b 11 00 2b 18 95 d4 71 d0 ca 40 26 01 00 00 25 01 00 00 00
2026-09-18T14:31:29.3100015Z TX 43 4f 5a 03 52 45 01 0b 00 00 00 00 15 00 75 93 18 04 3e e8 ca 40 27 01 00 00 26 01 00 00 00
2026-09-18T14:31:29.3150776Z RX 43 4f 5a 03 52 45 01 09 00 00 00 00 04 00 05 5c 00 f0 8f 34 00 00 00 00 00 00 00 00 00 00 00 00 7a 3d 00 00 00 00 00 00 00 00 0b 16 4a 3a 0b d5 4c 3d 00 00 00 00 00 00 00 00 0d 69 cc 3e 45 06 4b be a6 6b 8f 45 c6 8e 8c 44 1a b5 15 46 00 a8 d1 36 20 b6 73 39 41 27 9c b7 00 81 95 40 10 33 00 00 6a 03 00 00 00 00 00 00 00 00 ff 0b 11 00 75 93 18 04 3e e8 ca 40 27 01 00 00 26 01 00 00 00 05 5c 00 f0 ad 34 00 00 00 00 00 00 00 00 00 00 00 00 7a 3d 00 00 00 00 00 00 00 00 f9 69 4b 3a 3f 86 4c 3d 00 00 00 00 00 00 00 00 0d 69 cc 3e 45 06 4b be 34 43 90 45 a9 c6 8f 44 34 85 15 46 60 ce 87 b9 50 2d 02 3a ec f7 ca 3a 00 81 95 40 10 33 00 00 6a 03 00 00 00 00 00 00 00 00 ff
2026-09-18T14:31:29.3558551Z TX 43 4f 5a 03 52 45 01 0b 00 00 00 00 15 00 f5 4a 59 86 28 ff ca 40 28 01 00 00 27 01 00 00 00
2026-09-18T14:31:29.3707293Z RX 43 4f 5a 03 52 45 01 09 00 00 00 00 04 00 05 5c 00 f0 cb 34 00 00 00 00 00 00 00 00 00 00 00 00 7a 3d 00 00 00 00 00 00 00 00 27 a4 55 3a 4d 1b 4c 3d 00 00 00 00 00 00 00 00 0d 69 cc 3e 45 06 4b be 12 62 8f 45 61 2d 8f 44 4d 55 15 46 80 5c 0d 3a 00 3a 16 b8 75 dd 94 b9 00 81 95 40 10 33 00 00 6a 03 00 00 00 00 00 00 00 00 ff
2026-09-18T14:31:29.3808254Z RX 43 4f 5a 03 52 45 01 09 00 00 00 00 04 00 0b 11 00 f5 4a 59 86 28 ff ca 40 28 01 00 00 27 01 00 00 00 05 5c 00 f0 e9 34 00 00 00 00 00 00 00 00 00 00 00 00 7a 3d 00 00 00 00 00 00 00 00 88 7a 52 3a a1 3f 4c 3d 00 00 00 00 00 00 00 00 0d 69 cc 3e 45 06 4b be ee 04 90 45 2e 8d 8f 44 7d 5c 15 46 70 d5 09 ba e0 d6 70 39 d3 47 94 b9 00 81 95 40 10 33 00 00 6a 03 00 00 00 00 00 00 00 00 ff
2026-09-18T14:31:29.4024774Z TX 43 4f 5a 03 52 45 01 0b 00 00 00 00 15 00 fc 18 73 d7 82 16 cb 40 29 01 00 00 28 01 00 00 00
2026-09-18T14:31:29.4138197Z RX 43 4f 5a 03 52 45 01 09 00 00 00 00 04 00 05 5c 00 f0 07 35 00 00 00 00 00 00 00 00 00 00 00 00 7a 3d 00 00 00 00 00 00 00 00 9f 8d 51 3a cb d6 4c 3d 00 00 00 00 00 00 00 00 0d 69 cc 3e 45 06 4b be 1a 73 90 45 88 82 8b 44 c6 33 15 46 38 21 53 3a c0 99 01 3a e1 1b 94 b9 00 81 95 40 10 33 00 00 6a 03 00 00 00 00 00 00 00 00 ff 0b 11 00 fc 18 73 d7 82 16 cb 40 29 01 00 00 28 01 00 00 00
2026-09-18T14:31:29.4467506Z RX 43 4f 5a 03 52 45 01 09 00 00 00 00 04 00 05 5c 00 f0 25 35 00 00 00 00 00 00 00 00 00 00 00 00 7a 3d 00 00 00 00 00 00 00 00 d6 1d 52 3a 50 01 4d 3d 00 00 00 00 00 00 00 00 0d 69 cc 3e 45 06 4b be c8 4c 90 45 dc 66 8f 44 0b 72 15 46 00 bc 8d 39 f0 d5 9f b9 9f 7e 7b 39 00 81 95 40 10 33 00 00 6a 03 00 00 00 00 00 00 00 00 ff
2026-09-18T14:31:29.4499566Z TX 43 4f 5a 03 52 45 01 0b 00 00 00 00 15 00 e0 2d 90 a0 48 2e cb 40 2a 01 00 00 29 01 00 00 00
2026-09-18T14:31:29.4798165Z RX 43 4f 5a 03 52 45 01 09 00 00 00 00 04 00 0b 11 00 e0 2d 90 a0 48 2e cb 40 2a 01 00 00 29 01 00 00 00 05 5c 00 f0 43 35 00 00 00 00 00 00 00 00 00 00 00 00 7a 3d 00 00 00 00 00 00 00 00 4e ca 53 3a 16 e2 4c 3d 00 00 00 00 00 00 00 00 0d 69 cc 3e 45 06 4b be 08 d5 8f 45 42 a7 8e 44 1e 4e 15 46 60 cc 8d 39 00 9a 20 b8 8d a5 b8 b7 00 81 95 40 10 33 00 00 6a 03 00 00 00 00 00 00 00 00 ff
2026-09-18T14:31:29.4965382Z TX 43 4f 5a 03 52 45 01 0b 00 00 00 00 15 00 a0 89 b0 e1 81 45 cb 40 2b 01 00 00 2a 01 00 00 00
2026-09-18T14:31:29.5156238Z RX 43 4f 5a 03 52 45 01 09 00 00 00 00 04 00 05 5c 00 f0 61 35 00 00 00 00 00 00 00 00 00 00 00 00 7a 3d 00 00 00 00 00 00 00 00 48 c6 4e 3a 3f 90 4c 3d 00 00 00 00 00 00 00 00 0d 69 cc 3e 45 06 4b be ec a9 8f 45 60 4e 8d 44 d2 1b 15 46 70 8c 0a ba 78 a6 5a ba f6 da a9 b7 00 e3 95 40 10 33 00 00 6a 03 00 00 00 00 00 00 00 00 ff 0b 11 00 a0 89 b0 e1 81 45 cb 40 2b 01 00 00 2a 01 00 00 00
2026-09-18T14:31:29.5433051Z TX 43 4f 5a 03 52 45 01 0b 00 00 00 00 15 00 ef c9 c3 42 ed 5c cb 40 2c 01 00 00 2b 01 00 00 00
2026-09-18T14:31:29.5459100Z RX 43 4f 5a 03 52 45 01 09 00 00 00 00 04 00 05 5c 00 f0 7f 35 00 00 00 00 00 00 00 00 00 00 00 00 7a 3d 00 00 00 00 00 00 00 00 4a c5 56 3a 24 1a 4d 3d 00 00 00 00 00 00 00 00 0d 69 cc 3e 45 06 4b be e4 77 90 45 a9 c6 8f 44 31 2a 15 46 a0 6d 88 b9 c8 45 02 3a 2d 86 47 3a 00 81 95 40 10 33 00 00 6a 03 00 00 00 00 00 00 00 00 ff 0b 11 00 ef c9 c3 42 ed 5c cb 40 2c 01 00 00 2b 01 00 00 00
2026-09-18T14:31:29.5897353Z RX 43 4f 5a 03 52 45 01 09 00 00 00 00 04 00 05 5c 00 f0 9d 35 00 00 00 00 00 00 00 00 00 00 00 00 7a 3d 00 00 00 00 00 00 00 00 e2 f2 59 3a f3 68 4d 3d 00 00 00 00 00 00 00 00 0d 69 cc 3e 45 06 4b be e4 77 90 45 05 7a 8f 44 89 44 15 46 88 7b 52 3a 00 d5 1a b8 e9 9b 78 39 00 e3 95 40 10 33 00 00 6a 03 00 00 00 00 00 00 00 00 ff
2026-09-18T14:31:29.5898007Z TX 43 4f 5a 03 52 45 01 0b 00 00 00 00 15 00 72 8a 8e e4 22 74 cb 40 2d 01 00 00 2c 01 00 00 00
2026-09-18T14:31:29.6207160Z RX 43 4f 5a 03 52 45 01 09 00 00 00 00 04 00 05 5c 00 f0 bb 35 00 00 00 00 00 00 00 00 00 00 00 00 7a 3d 00 00 00 00 00 00 00 00 47 50 52 3a cc 40 4d 3d 00 00 00 00 00 00 00 00 0d 69 cc 3e 45 06 4b be ac 21 90 45 23 21 8e 44 34 85 15 46 d8 d9 51 3a 30 c1 14 ba 20 49 d0 ba 00 e3 95 40 10 33 00 00 6a 03 00 00 00 00 00 00 00 00 ff 0b 11 00 72 8a 8e e4 22 74 cb 40 2d 01 00 00 2c 01 00 00 00 05 5c 00 f0 d9 35 00 00 00 00 00 00 00 00 00 00 00 00 7a 3d 00 00 00 00 00 00 00 00 67 6c 4e 3a 46 3a 4d 3d 00 00 00 00 00 00 00 00 0d 69 cc 3e 45 06 4b be 3e d0 8f 45 db 87 8d 44 83 50 15 46 b0 30 0b ba 00 1a 0d b8 b8 31 48 3a 00 e3 95 40 10 33 00 00 6a 03 00 00 00 00 00 00 00 00 ff
2026-09-18T14:31:29.6363313Z TX 43 4f 5a 03 52 45 01 0b 00 00 00 00 15 00 ed 0d be 30 79 8b cb 40 2e 01 00 00 2d 01 00 00 00
2026-09-18T14:31:29.6450140Z RX 43 4f 5a 03 52 45 01 09 00 00 00 00 04 00 0b 11 00 ed 0d be 30 79 8b cb 40 2e 01 00 00 2d 01 00 00 00 05 5c 00 f0 f7 35 00 00 00 00 00 00 00 00 00 00 00 00 7a 3d 00 00 00 00 00 00 00 00 f1 63 59 3a c0 81 4d 3d 00 00 00 00 00 00 00 00 0d 69 cc 3e 45 06 4b be 9f 39 90 45 23 21 8e 44 b9 4b 15 46 18 fe 8a ba 50 6c 9d b9 f0 14 a8 3a 00 e3 95 40 10 33 00 00 6a 03 00 00 00 00 00 00 00 00 ff
2026-09-18T14:31:29.6788465Z RX 43 4f 5a 03 52 45 01 09 00 00 00 00 04 00 05 5c 00 f0 15 36 00 00 00 00 00 00 00 00 00 00 00 00 7a 3d 00 00 00 00 00 00 00 00 50 7e 5f 3a 37 33 4d 3d 00 00 00 00 00 00 00 00 0d 69 cc 3e 45 06 4b be d2 d9 8f 45 75 47 8e 44 18 5a 15 46 c0 52 88 b9 f8 8c 02 3a 39 ac 96 b9 00 81 95 40 10 33 00 00 6a 03 00 00 00 00 00 00 00 00 ff
2026-09-18T14:31:29.6827813Z TX 43 4f 5a 03 52 45 01 0b 00 00 00 00 15 00 36 3c bd 52 ae a2 cb 40 2f 01 00 00 2e 01 00 00 00
2026-09-18T14:31:29.7110074Z RX 43 4f 5a 03 52 45 01 09 00 00 00 00 04 00 0b 11 00 36 3c bd 52 ae a2 cb 40 2f 01 00 00 2e 01 00 00 00 05 5c 00 f0 33 36 00 00 00 00 00 00 00 00 00 00 00 00 7a 3d 00 00 00 00 00 00 00 00 c6 5b 63 3a f7 4a 4d 3d 00 00 00 00 00 00 00 00 0d 69 cc 3e 45 06 4b be fe 47 90 45 92 0f 8b 44 90 38 15 46 c0 11 0d 3a 70 55 02 3a d8 60 85 3a 00 e3 95 40 10 33 00 00 6a 03 00 00 00 00 00 00 00 00 ff
2026-09-18T14:31:29.7303384Z TX 43 4f 5a 03 52 45 01 0b 00 00 00 00 15 00 2d 21 1f f4 7c ba cb 40 30 01 00 00 2f 01 00 00 00
2026-09-18T14:31:29.7439648Z RX 43 4f 5a 03 52 45 01 09 00 00 00 00 04 00 05 5c 00 f0 51 36 00 00 00 00 00 00 00 00 00 00 00 00 7a 3d 00 00 00 00 00 00 00 00 85 60 62 3a f0 57 4d 3d 00 00 00 00 00 00 00 00 0d 69 cc 3e 45 06 4b be 08 d5 8f 45 0e 28 8d 44 a6 6f 15 46 a0 a9 8d 39 70 00 15 ba 2c 17 10 ba 00 81 95 40 10 33 00 00 6a 03 00 00 00 00 00 00 00 00 ff 0b 11 00 2d 21 1f f4 7c ba cb 40 30 01 00 00 2f 01 00 00 00
2026-09-18T14:31:29.7762602Z TX 43 4f 5a 03 52 45 01 0b 00 00 00 00 15 00 e6 3f a4 df 6e d1 cb 40 31 01 00 00 30 01 00 00 00
2026-09-18T14:31:29.7772000Z RX 43 4f 5a 03 52 45 01 09 00 00 00 00 04 00 05 5c 00 f0 6f 36 00 00 00 00 00 00 00 00 00 00 00 00 7a 3d 00 00 00 00 00 00 00 00 ef 25 62 3a f1 3e 4d 3d 00 00 00 00 00 00 00 00 0d 69 cc 3e 45 06 4b be 40 2b 90 45 41 c8 8c 44 fe 89 15 46 10 6f 0c 3a d8 e1 59 ba bf e3 01 3a 00 e3 95 40 10 33 00 00 6a 03 00 00 00 00 00 00 00 00 ff
2026-09-18T14:31:29.8098528Z RX 43 4f 5a 03 52 45 01 09 00 00 00 00 04 00 0b 11 00 e6 3f a4 df 6e d1 cb 40 31 01 00 00 30 01 00 00 00 05 5c 00 f0 8d 36 00 00 00 00 00 00 00 00 00 00 00 00 7a 3d 00 00 00 00 00 00 00 00 40 1d 67 3a 20 99 4d 3d 00 00 00 00 00 00 00 00 0d 69 cc 3e 45 06 4b be ac 21 90 45 dc 66 8f 44 bf 3f 15 46 d0 5b f3 ba e0 97 9c b9 a5 6e 01 3a 00 e3 95 40 10 33 00 00 6a 03 00 00 00 00 00 00 00 00 ff
2026-09-18T14:31:29.8230294Z TX 43 4f 5a 03 52 45 01 0b 00 00 00 00 15 00 52 27 a0 89 d8 e8 cb 40 32 01 00 00 31 01 00 00 00
2026-09-18T14:31:29.8433039Z RX 43 4f 5a 03 52 45 01 09 00 00 00 00 04 00 05 5c 00 f0 ab 36 00 00 00 00 00 00 00 00 00 00 00 00 7a 3d 00 00 00 00 00 00 00 00 3f 2e 6d 3a ab dc 4c 3d 00 00 00 00 00 00 00 00 0d 69 cc 3e 45 06 4b be dc 66 8f 45 2d ae 8d 44 89 44 15 46 30 3b 09 ba 00 f9 08 b8 18 ed 84 3a 00 81 95 40 10 33 00 00 6a 03 00 00 00 00 00 00 00 00 ff 0b 11 00 52 27 a0 89 d8 e8 cb 40 32 01 00 00 31 01 00 00 00
2026-09-18T14:31:29.8698513Z TX 43 4f 5a 03 52 45 01 0b 00 00 00 00 15 00 a9 a4 4e 40 23 00 cc 40 33 01 00 00 32 01 00 00 00
2026-09-18T14:31:29.8762292Z RX 43 4f 5a 03 52 45 01 09 00 00 00 00 04 00 05 5c 00 f0 c9 36 00 00 00 00 00 00 00 00 00 00 00 00 7a 3d 00 00 00 00 00 00 00 00 83 f7 73 3a e6 d3 4c 3d 00 00 00 00 00 00 00 00 0d 69 cc 3e 45 06 4b be 86 69 90 45 bc 01 8d 44 2b 36 15 46 20 26 86 b9 80 48 05 b8 ec 84 9a b9 00 81 95 40 10 33 00 00 6a 03 00 00 00 00 00 00 00 00 ff 0b 11 00 a9 a4 4e 40 23 00 cc 40 33 01 00 00 32 01 00 00 00
2026-09-18T14:31:29.9097383Z RX 43 4f 5a 03 52 45 01 09 00 00 00 00 04 00 05 5c 00 f0 e7 36 00 00 00 00 00 00 00 00 00 00 00 00 7a 3d 00 00 00 00 00 00 00 00 37 81 64 3a 51 d8 4c 3d 00 00 00 00 00 00 00 00 0d 69 cc 3e 45 06 4b be 76 26 90 45 18 b5 8c 44 f5 3a 15 46 20 1e 90 39 30 e4 9b b9 ee 5d f3 ba 00 81 95 40 10 33 00 00 6a 03 00 00 00 00 00 00 00 00 ff 05 5c 00 f0 05 37 00 00 00 00 00 00 00 00 00 00 00 00 7a 3d 00 00 00 00 00 00 00 00 ae a5 64 3a de f5 4c 3d 00 00 00 00 00 00 00 00 0d 69 cc 3e 45 06 4b be e2 1c 90 45 b3 53 8f 44 63 8c 15 46 00 50 1a 37 60 6c 9b b9 44 cf c9 3a 00 81 95 40 10 33 00 00 6a 03 00 00 00 00 00 00 00 00 ff
2026-09-18T14:31:29.9169671Z TX 43 4f 5a 03 52 45 01 0b 00 00 00 00 15 00 69 00 6f 81 ac 17 cc 40 34 01 00 00 33 01 00 00 00
2026-09-18T14:31:29.9423532Z RX 43 4f 5a 03 52 45 01 09 00 00 00 00 04 00 0b 11 00 69 00 6f 81 ac 17 cc 40 34 01 00 00 33 01 00 00 00 05 5c 00 f0 23 37 00 00 00 00 00 00 00 00 00 00 00 00 7a 3d 00 00 00 00 00 00 00 00 8a be 67 3a 28 52 4d 3d 00 00 00 00 00 00 00 00 0d 69 cc 3e 45 06 4b be 57 a0 8f 45 0e 28 8d 44 24 42 15 46 90 e9 08 ba 20 8a 9a b9 9f 2f 98 b9 00 81 95 40 10 33 00 00 6a 03 00 00 00 00 00 00 00 00 ff
2026-09-18T14:31:29.9631534Z TX 43 4f 5a 03 52 45 01 0b 00 00 00 00 15 00 89 d2 de e0 bb 2e cc 40 35 01 00 00 34 01 00 00 00
2026-09-18T14:31:29.9752758Z RX 43 4f 5a 03 52 45 01 09 00 00 00 00 04 00 0b 11 00 89 d2 de e0 bb 2e cc 40 35 01 00 00 34 01 00 00 00 05 5c 00 f0 41 37 00 00 00 00 00 00 00 00 00 00 00 00 7a 3d 00 00 00 00 00 00 00 00 5f c1 66 3a 90 d4 4c 3d 00 00 00 00 00 00 00 00 0d 69 cc 3e 45 06 4b be 9c de 8f 45 18 b5 8c 44 f8 95 15 46 b0 a5 af 3a 00 99 58 ba bb 00 98 b9 00 81 95 40 10 33 00 00 6a 03 00 00 00 00 00 00 00 00 ff
2026-09-18T14:31:30.0081626Z RX 43 4f 5a 03 52 45 01 09 00 00 00 00 04 00 05 5c 00 f0 5f 37 00 00 00 00 00 00 00 00 00 00 00 00 7a 3d 00 00 00 00 00 00 00 00 35 c5 65 3a f9 83 4c 3d 00 00 00 00 00 00 00 00 0d 69 cc 3e 45 06 4b be 73 cb 8f 45 fa 0d 8e 44 34 85 15 46 20 97 09 ba 58 2c 4a 3a 2c 8f 01 3a 00 e3 95 40 10 33 00 00 6a 03 00 00 00 00 00 00 00 00 ff
2026-09-18T14:31:30.0094053Z TX 43 4f 5a 03 52 45 01 0b 00 00 00 00 15 00 a3 01 bc 05 0a 46 cc 40 36 01 00 00 35 01 00 00 00
2026-09-18T14:31:30.0416912Z RX 43 4f 5a 03 52 45 01 09 00 00 00 00 04 00 0b 11 00 a3 01 bc 05 0a 46 cc 40 36 01 00 00 35 01 00 00 00 05 5c 00 f0 7d 37 00 00 00 00 00 00 00 00 00 00 00 00 7a 3d 00 00 00 00 00 00 00 00 d5 de 68 3a 1f 3a 4c 3d 00 00 00 00 00 00 00 00 0d 69 cc 3e 45 06 4b be b8 09 90 45 b3 53 8f 44 7d 5c 15 46 e0 8e 0d 3a 80 90 79 39 5f 20 85 3a 00 81 95 40 10 33 00 00 6a 03 00 00 00 00 00 00 00 00 ff
2026-09-18T14:31:30.0555706Z TX 43 4f 5a 03 52 45 01 0b 00 00 00 00 15 00 f2 d2 4d 62 00 5d cc 40 37 01 00 00 36 01 00 00 00
2026-09-18T14:31:30.0746312Z RX 43 4f 5a 03 52 45 01 09 00 00 00 00 04 00 0b 11 00 f2 d2 4d 62 00 5d cc 40 37 01 00 00 36 01 00 00 00 05 5c 00 f0 9b 37 00 00 00 00 00 00 00 00 00 00 00 00 7a 3d 00 00 00 00 00 00 00 00 6b 87 71 3a f2 e2 4c 3d 00 00 00 00 00 00 00 00 0d 69 cc 3e 45 06 4b be 9f 39 90 45 4c 34 8e 44 76 68 15 46 40 22 88 b9 a0 42 78 39 e5 f8 a6 3a 00 81 95 40 10 33 00 00 6a 03 00 00 00 00 00 00 00 00 ff
2026-09-18T14:31:30.1016785Z TX 43 4f 5a 03 52 45 01 0b 00 00 00 00 15 00 45 47 72 f9 27 74 cc 40 38 01 00 00 37 01 00 00 00
2026-09-18T14:31:30.1071416Z RX 43 4f 5a 03 52 45 01 09 00 00 00 00 04 00 05 5c 00 f0 b9 37 00 00 00 00 00 00 00 00 00 00 00 00 7a 3d 00 00 00 00 00 00 00 00 b0 c9 79 3a f1 a6 4c 3d 00 00 00 00 00 00 00 00 0d 69 cc 3e 45 06 4b be 9c de 8f 45 bb 22 8b 44 b9 4b 15 46 50 01 4f ba 58 29 8f ba 28 82 9b b9 00 81 95 40 10 33 00 00 6a 03 00 00 00 00 00 00 00 00 ff 0b 11 00 45 47 72 f9 27 74 cc 40 38 01 00 00 37 01 00 00 00
2026-09-18T14:31:30.1402585Z RX 43 4f 5a 03 52 45 01 09 00 00 00 00 04 00 05 5c 00 f0 d7 37 00 00 00 00 00 00 00 00 00 00 00 00 7a 3d 00 00 00 00 00 00 00 00 74 f2 70 3a 9a e0 4c 3d 00 00 00 00 00 00 00 00 0d 69 cc 3e 45 06 4b be c5 f1 8f 45 7f d4 8d 44 d5 76 15 46 c8 43 af 3a 10 52 98 b9 ee e0 99 b9 00 81 95 40 10 33 00 00 6a 03 00 00 00 00 00 00 00 00 ff 05 0a 00 f3 bc bc 58 de 02 00 00 00 45
2026-09-18T14:31:30.1486633Z TX 43 4f 5a 03 52 45 01 0b 00 00 00 00 15 00 9b 55 9f ab 8d 8b cc 40 39 01 00 00 38 01 00 00 00
2026-09-18T14:31:30.1732940Z RX 43 4f 5a 03 52 45 01 09 00 00 00 00 04 00 05 5c 00 f0 f5 37 00 00 00 00 00 00 00 00 00 00 00 00 7a 3d 00 00 00 00 00 00 00 00 5d 6a 71 3a e7 e9 4c 3d 00 00 00 00 00 00 00 00 0d 69 cc 3e 45 06 4b be 76 26 90 45 c7 6d 8e 44 96 2c 15 46 00 c0 b0 36 f0 c4 98 b9 b1 78 11 ba 00 81 95 40 10 33 00 00 6a 03 00 00 00 00 00 00 00 00 ff 0b 11 00 9b 55 9f ab 8d 8b cc 40 39 01 00 00 38 01 00 00 00
2026-09-18T14:31:30.1952024Z TX 43 4f 5a 03 52 45 01 0b 00 00 00 00 15 00 4a 7b 83 2f d4 a2 cc 40 3a 01 00 00 39 01 00 00 00
2026-09-18T14:31:30.2061985Z RX 43 4f 5a 03 52 45 01 09 00 00 00 00 04 00 05 5c 00 f0 13 38 00 00 00 00 00 00 00 00 00 00 00 00 7a 3d 00 00 00 00 00 00 00 00 91 f1 6b 3a 2d 77 4c 3d 00 00 00 00 00 00 00 00 0d 69 cc 3e 45 06 4b be 3b 75 8f 45 89 61 8d 44 24 42 15 46 00 c8 a2 36 10 56 97 b9 24 7b 45 3a 00 e3 95 40 10 33 00 00 6a 03 00 00 00 00 00 00 00 00 ff 0b 11 00 4a 7b 83 2f d4 a2 cc 40 3a 01 00 00 39 01 00 00 00
2026-09-18T14:31:30.2395857Z RX 43 4f 5a 03 52 45 01 09 00 00 00 00 04 00 05 5c 00 f0 31 38 00 00 00 00 00 00 00 00 00 00 00 00 7a 3d 00 00 00 00 00 00 00 00 ba a3 74 3a 6a 0d 4c 3d 00 00 00 00 00 00 00 00 0d 69 cc 3e 45 06 4b be 4a b8 8f 45 4c 34 8e 44 f8 95 15 46 00 50 a2 36 60 4e 97 b9 68 d4 a6 3a 00 81 95 40 10 33 00 00 6a 03 00 00 00 00 00 00 00 00 ff 05 5c 00 f0 4f 38 00 00 00 00 00 00 00 00 00 00 00 00 7a 3d 00 00 00 00 00 00 00 00 7c 7d 7f 3a c1 d3 4c 3d 00 00 00 00 00 00 00 00 0d 69 cc 3e 45 06 4b be 79 81 90 45 db 87 8d 44 99 87 15 46 80 9f 4f ba 88 04 06 3a 88 54 a6 3a 00 81 95 40 10 33 00 00 6a 03 00 00 00 00 00 00 00 00 ff
2026-09-18T14:31:30.2422380Z TX 43 4f 5a 03 52 45 01 0b 00 00 00 00 15 00 e5 61 a1 d6 6c ba cc 40 3b 01 00 00 3a 01 00 00 00
2026-09-18T14:31:30.2719537Z RX 43 4f 5a 03 52 45 01 09 00 00 00 00 04 00 0b 11 00 e5 61 a1 d6 6c ba cc 40 3b 01 00 00 3a 01 00 00 00 05 5c 00 f0 6d 38 00 00 00 00 00 00 00 00 00 00 00 00 7a 3d 00 00 00 00 00 00 00 00 9e e5 85 3a 66 33 4d 3d 00 00 00 00 00 00 00 00 0d 69 cc 3e 45 06 4b be 79 81 90 45 a8 e7 8d 44 04 7e 15 46 60 27 8c 3a f8 65 11 ba da 84 83 3a 00 81 95 40 10 33 00 00 6a 03 00 00 00 00 00 00 00 00 ff 05 0a 00 f3 ec 8e 1a 24 02 00 00 00 49
2026-09-18T14:31:30.2897734Z TX 43 4f 5a 03 52 45 01 0b 00 00 00 00 15 00 94 f6 06 5f 30 d2 cc 40 3c 01 00 00 3b 01 00 00 00
2026-09-18T14:31:30.3049790Z RX 43 4f 5a 03 52 45 01 09 00 00 00 00 04 00 0b 11 00 94 f6 06 5f 30 d2 cc 40 3c 01 00 00 3b 01 00 00 00 05 5c 00 f0 8b 38 00 00 00 00 00 00 00 00 00 00 00 00 7a 3d 00 00 00 00 00 00 00 00 df d4 86 3a 5f c4 4c 3d 00 00 00 00 00 00 00 00 0d 69 cc 3e 45 06 4b be b6 ae 8f 45 b2 74 8d 44 2b 36 15 46 b0 26 0c 3a d8 c9 10 ba 01 2a 9f b9 00 81 95 40 10 33 00 00 6a 03 00 00 00 00 00 00 00 00 ff
2026-09-18T14:31:30.3352994Z TX 43 4f 5a 03 52 45 01 0b 00 00 00 00 15 00 0e 4f af 94 f5 e8 cc 40 3d 01 00 00 3c 01 00 00 00
2026-09-18T14:31:30.3379178Z RX 43 4f 5a 03 52 45 01 09 00 00 00 00 04 00 05 5c 00 f0 a9 38 00 00 00 00 00 00 00 00 00 00 00 00 7a 3d 00 00 00 00 00 00 00 00 bc e8 85 3a e6 23 4d 3d 00 00 00 00 00 00 00 00 0d 69 cc 3e 45 06 4b be 4d 13 90 45 d1 fa 8d 44 f5 3a 15 46 70 8e 0b 3a 80 10 81 39 fe bf 2e b8 00 81 95 40 10 33 00 00 6a 03 00 00 00 00 00 00 00 00 ff 0b 11 00 0e 4f af 94 f5 e8 cc 40 3d 01 00 00 3c 01 00 00 00
2026-09-18T14:31:30.3710389Z RX 43 4f 5a 03 52 45 01 09 00 00 00 00 04 00 05 5c 00 f0 c7 38 00 00 00 00 00 00 00 00 00 00 00 00 7a 3d 00 00 00 00 00 00 00 00 58 0f 84 3a 1b 90 4c 3d 00 00 00 00 00 00 00 00 0d 69 cc 3e 45 06 4b be 66 e3 8f 45 9e 5a 8e 44 40 6d 15 46 20 db 50 ba b0 c1 10 ba b2 0c 58 ba 00 81 95 40 10 33 00 00 6a 03 00 00 00 00 00 00 00 00 ff
2026-09-18T14:31:30.3818137Z TX 43 4f 5a 03 52 45 01 0b 00 00 00 00 15 00 f7 e4 61 a1 2e 00 cd 40 3e 01 00 00 3d 01 00 00 00
2026-09-18T14:31:30.4041843Z RX 43 4f 5a 03 52 45 01 09 00 00 00 00 04 00 0b 11 00 f7 e4 61 a1 2e 00 cd 40 3e 01 00 00 3d 01 00 00 00 05 5c 00 f0 e5 38 00 00 00 00 00 00 00 00 00 00 00 00 7a 3d 00 00 00 00 00 00 00 00 df e3 83 3a 10 66 4c 3d 00 00 00 00 00 00 00 00 0d 69 cc 3e 45 06 4b be 5c 56 90 45 a7 08 8c 44 7d 5c 15 46 98 b7 51 3a 10 4f 06 3a 12 f3 a5 3a 00 81 95 40 10 33 00 00 6a 03 00 00 00 00 00 00 00 00 ff
2026-09-18T14:31:30.4286137Z TX 43 4f 5a 03 52 45 01 0b 00 00 00 00 15 00 84 0d 4f af 94 17 cd 40 3f 01 00 00 3e 01 00 00 00
2026-09-18T14:31:30.4371724Z RX 43 4f 5a 03 52 45 01 09 00 00 00 00 04 00 05 5c 00 f0 03 39 00 00 00 00 00 00 00 00 00 00 00 00 7a 3d 00 00 00 00 00 00 00 00 e9 6d 87 3a 55 4a 4c 3d 00 00 00 00 00 00 00 00 0d 69 cc 3e 45 06 4b be 05 7a 8f 45 ef a1 8c 44 b2 57 15 46 a0 64 0b ba 90 76 80 39 74 8e fb 39 00 81 95 40 10 33 00 00 6a 03 00 00 00 00 00 00 00 00 ff 0b 11 00 84 0d 4f af 94 17 cd 40 3f 01 00 00 3e 01 00 00 00
2026-09-18T14:31:30.4700627Z RX 43 4f 5a 03 52 45 01 09 00 00 00 00 04 00 05 5c 00 f0 21 39 00 00 00 00 00 00 00 00 00 00 00 00 7a 3d 00 00 00 00 00 00 00 00 87 37 8a 3a 04 56 4c 3d 00 00 00 00 00 00 00 00 0d 69 cc 3e 45 06 4b be 2a b6 90 45 6b ba 8e 44 2d 91 15 46 20 01 0c 3a 54 fe f0 3a 97 19 63 39 00 81 95 40 10 33 00 00 6a 03 00 00 00 00 00 00 00 00 ff
2026-09-18T14:31:30.4746527Z TX 43 4f 5a 03 52 45 01 0b 00 00 00 00 15 00 2f 6e a3 01 9c 2e cd 40 40 01 00 00 3f 01 00 00 00
2026-09-18T14:31:30.5032555Z RX 43 4f 5a 03 52 45 01 09 00 00 00 00 04 00 0b 11 00 2f 6e a3 01 9c 2e cd 40 40 01 00 00 3f 01 00 00 00 05 5c 00 f0 3f 39 00 00 00 00 00 00 00 00 00 00 00 00 7a 3d 00 00 00 00 00 00 00 00 92 a7 89 3a 16 bc 4c 3d 00 00 00 00 00 00 00 00 0d 69 cc 3e 45 06 4b be ac 21 90 45 e6 f3 8e 44 2d 91 15 46 00 06 8b b9 80 94 99 b9 50 c3 39 b8 00 81 95 40 10 33 00 00 6a 03 00 00 00 00 00 00 00 00 ff
2026-09-18T14:31:30.5221062Z TX 43 4f 5a 03 52 45 01 0b 00 00 00 00 15 00 f1 63 cc 5d 53 46 cd 40 41 01 00 00 40 01 00 00 00
2026-09-18T14:31:30.5361152Z RX 43 4f 5a 03 52 45 01 09 00 00 00 00 04 00 05 5c 00 f0 5d 39 00 00 00 00 00 00 00 00 00 00 00 00 7a 3d 00 00 00 00 00 00 00 00 89 f3 8a 3a c8 c9 4c 3d 00 00 00 00 00 00 00 00 0d 69 cc 3e 45 06 4b be 76 26 90 45 75 47 8e 44 3e 12 15 46 70 e5 0b 3a 60 ad 99 b9 08 43 fa 39 00 81 95 40 10 33 00 00 6a 03 00 00 00 00 00 00 00 00 ff 0b 11 00 f1 63 cc 5d 53 46 cd 40 41 01 00 00 40 01 00 00 00 05 5c 00 f0 7b 39 00 00 00 00 00 00 00 00 00 00 00 00 7a 3d 00 00 00 00 00 00 00 00 3d 76 8c 3a 4b d0 4c 3d 00 00 00 00 00 00 00 00 0d 69 cc 3e 45 06 4b be 21 a5 8f 45 f9 2e 8c 44 31 2a 15 46 20 2b 8b b9 98 40 12 ba 6f ea 82 3a 00 e3 95 40 10 33 00 00 6a 03 00 00 00 00 00 00 00 00 ff
2026-09-18T14:31:30.5686252Z TX 43 4f 5a 03 52 45 01 0b 00 00 00 00 15 00 a4 70 3d 0a 9f 5d cd 40 42 01 00 00 41 01 00 00 00
2026-09-18T14:31:30.5690047Z RX 43 4f 5a 03 52 45 01 09 00 00 00 00 04 00 05 5c 00 f0 99 39 00 00 00 00 00 00 00 00 00 00 00 00 7a 3d 00 00 00 00 00 00 00 00 6b 34 92 3a 44 b5 4c 3d 00 00 00 00 00 00 00 00 0d 69 cc 3e 45 06 4b be d8 8f 90 45 6a db 8c 44 18 5a 15 46 b0 ea ad ba c0 0f 05 3a b9 a1 a4 3a 00 66 96 40 10 33 00 00 6a 03 00 00 00 00 00 00 00 00 ff
2026-09-18T14:31:30.6031216Z RX 43 4f 5a 03 52 45 01 09 00 00 00 00 04 00 0b 11 00 a4 70 3d 0a 9f 5d cd 40 42 01 00 00 41 01 00 00 00 05 5c 00 f0 b7 39 00 00 00 00 00 00 00 00 00 00 00 00 7a 3d 00 00 00 00 00 00 00 00 0e 1a 93 3a bd e7 4c 3d 00 00 00 00 00 00 00 00 0d 69 cc 3e 45 06 4b be bb 64 90 45 a8 e7 8d 44 a6 6f 15 46 00 10 b9 36 b0 b9 98 b9 d1 ad a3 b9 00 e3 95 40 10 33 00 00 6a 03 00 00 00 00 00 00 00 00 ff
2026-09-18T14:31:30.6159150Z TX 43 4f 5a 03 52 45 01 0b 00 00 00 00 15 00 fb cb ee c9 43 75 cd 40 43 01 00 00 42 01 00 00 00
2026-09-18T14:31:30.6350055Z RX 43 4f 5a 03 52 45 01 09 00 00 00 00 04 00 0b 11 00 fb cb ee c9 43 75 cd 40 43 01 00 00 42 01 00 00 00 05 5c 00 f0 d5 39 00 00 00 00 00 00 00 00 00 00 00 00 7a 3d 00 00 00 00 00 00 00 00 8c ed 94 3a b8 b6 4c 3d 00 00 00 00 00 00 00 00 0d 69 cc 3e 45 06 4b be d2 d9 8f 45 e6 f3 8e 44 76 68 15 46 00 70 c1 36 d0 b7 04 3a 99 36 5b 39 00 e3 95 40 10 33 00 00 6a 03 00 00 00 00 00 00 00 00 ff
2026-09-18T14:31:30.6630448Z TX 43 4f 5a 03 52 45 01 0b 00 00 00 00 15 00 95 d4 09 68 ca 8c cd 40 44 01 00 00 43 01 00 00 00
2026-09-18T14:31:30.6685686Z RX 43 4f 5a 03 52 45 01 09 00 00 00 00 04 00 05 5c 00 f0 f3 39 00 00 00 00 00 00 00 00 00 00 00 00 7a 3d 00 00 00 00 00 00 00 00 01 68 93 3a bf e3 4c 3d 00 00 00 00 00 00 00 00 0d 69 cc 3e 45 06 4b be 54 45 8f 45 4b 55 8c 44 24 42 15 46 a0 20 88 b9 58 99 04 3a 30 10 40 3a 00 e3 95 40 10 33 00 00 6a 03 00 00 00 00 00 00 00 00 ff 0b 11 00 95 d4 09 68 ca 8c cd 40 44 01 00 00 43 01 00 00 00
2026-09-18T14:31:30.7014749Z RX 43 4f 5a 03 52 45 01 09 00 00 00 00 04 00 05 5c 00 f0 11 3a 00 00 00 00 00 00 00 00 00 00 00 00 7a 3d 00 00 00 00 00 00 00 00 67 45 97 3a ba 70 4c 3d 00 00 00 00 00 00 00 00 0d 69 cc 3e 45 06 4b be b8 09 90 45 8a 40 8f 44 96 2c 15 46 00 83 87 b9 00 22 f2 b7 12 e1 61 b8 00 81 95 40 10 33 00 00 6a 03 00 00 00 00 00 00 00 00 ff
2026-09-18T14:31:30.7095054Z TX 43 4f 5a 03 52 45 01 0b 00 00 00 00 15 00 85 eb 51 b8 f6 a3 cd 40 45 01 00 00 44 01 00 00 00
2026-09-18T14:31:30.7345612Z RX 43 4f 5a 03 52 45 01 09 00 00 00 00 04 00 0b 11 00 85 eb 51 b8 f6 a3 cd 40 45 01 00 00 44 01 00 00 00 05 5c 00 f0 2f 3a 00 00 00 00 00 00 00 00 00 00 00 00 7a 3d 00 00 00 00 00 00 00 00 d9 5e 95 3a fb 83 4c 3d 00 00 00 00 00 00 00 00 0d 69 cc 3e 45 06 4b be 4a b8 8f 45 e5 14 8d 44 67 25 15 46 00 1c 0a 37 a0 3a 9a b9 09 83 a4 b9 00 e3 95 40 10 33 00 00 6a 03 00 00 00 00 00 00 00 00 ff
2026-09-18T14:31:30.7559032Z TX 43 4f 5a 03 52 45 01 0b 00 00 00 00 15 00 8f 53 74 24 2f bb cd 40 46 01 00 00 45 01 00 00 00
2026-09-18T14:31:30.7686513Z RX 43 4f 5a 03 52 45 01 09 00 00 00 00 04 00 05 5c 00 f0 4d 3a 00 00 00 00 00 00 00 00 00 00 00 00 7a 3d 00 00 00 00 00 00 00 00 67 5c 92 3a ec 75 4c 3d 00 00 00 00 00 00 00 00 0d 69 cc 3e 45 06 4b be df c1 8f 45 57 a0 8f 44 11 66 15 46 a0 a7 8f 39 70 71 58 ba bc 51 f6 ba 00 81 95 40 10 33 00 00 6a 03 00 00 00 00 00 00 00 00 ff 0b 11 00 8f 53 74 24 2f bb cd 40 46 01 00 00 45 01 00 00 00
2026-09-18T14:31:30.8004071Z RX 43 4f 5a 03 52 45 01 09 00 00 00 00 04 00 05 5c 00 f0 6b 3a 00 00 00 00 00 00 00 00 00 00 00 00 7a 3d 00 00 00 00 00 00 00 00 f4 59 8a 3a 92 e9 4b 3d 00 00 00 00 00 00 00 00 0d 69 cc 3e 45 06 4b be 2e 8d 8f 45 19 94 8e 44 f1 a1 15 46 58 3b 8c 3a 48 c5 11 ba 08 34 59 ba 00 81 95 40 10 33 00 00 6a 03 00 00 00 00 00 00 00 00 ff
2026-09-18T14:31:30.8008252Z TX 43 4f 5a 03 52 45 01 0b 00 00 00 00 15 00 4f af 94 65 b8 d1 cd 40 47 01 00 00 46 01 00 00 00
2026-09-18T14:31:30.8330409Z RX 43 4f 5a 03 52 45 01 09 00 00 00 00 04 00 0b 11 00 4f af 94 65 b8 d1 cd 40 47 01 00 00 46 01 00 00 00 05 5c 00 f0 89 3a 00 00 00 00 00 00 00 00 00 00 00 00 7a 3d 00 00 00 00 00 00 00 00 44 17 8b 3a 57 db 4b 3d 00 00 00 00 00 00 00 00 0d 69 cc 3e 45 06 4b be ae 7c 90 45 e6 f3 8e 44 5a 3d 15 46 f0 64 0a ba 08 fc 04 3a 54 0b 83 3a 00 e3 95 40 10 33 00 00 6a 03 00 00 00 00 00 00 00 00 ff
2026-09-18T14:31:30.8470697Z TX 43 4f 5a 03 52 45 01 0b 00 00 00 00 15 00 8f 53 74 24 bf e8 cd 40 48 01 00 00 47 01 00 00 00
2026-09-18T14:31:30.8662382Z RX 43 4f 5a 03 52 45 01 09 00 00 00 00 04 00 05 5c 00 f0 a7 3a 00 00 00 00 00 00 00 00 00 00 00 00 7a 3d 00 00 00 00 00 00 00 00 60 a3 8b 3a 85 ea 4b 3d 00 00 00 00 00 00 00 00 0d 69 cc 3e 45 06 4b be 9f 39 90 45 75 47 8e 44 47 61 15 46 10 8d 4f ba 48 8a 4a 3a 83 eb a0 b9 00 81 95 40 10 33 00 00 6a 03 00 00 00 00 00 00 00 00 ff 0b 11 00 8f 53 74 24 bf e8 cd 40 48 01 00 00 47 01 00 00 00 05 5c 00 f0 c5 3a 00 00 00 00 00 00 00 00 00 00 00 00 7a 3d 00 00 00 00 00 00 00 00 f1 79 8b 3a 03 c0 4b 3d 00 00 00 00 00 00 00 00 0d 69 cc 3e 45 06 4b be f8 91 8f 45 d2 d9 8f 44 2b 36 15 46 d0 69 0d 3a 20 e5 49 3a 04 14 fa 39 00 81 95 40 10 33 00 00 6a 03 00 00 00 00 00 00 00 00 ff
2026-09-18T14:31:30.8930244Z TX 43 4f 5a 03 52 45 01 0b 00 00 00 00 15 00 79 e9 26 31 d0 ff cd 40 49 01 00 00 48 01 00 00 00
2026-09-18T14:31:30.8992831Z RX 43 4f 5a 03 52 45 01 09 00 00 00 00 04 00 05 5c 00 f0 e3 3a 00 00 00 00 00 00 00 00 00 00 00 00 7a 3d 00 00 00 00 00 00 00 00 bd c7 91 3a f9 73 4b 3d 00 00 00 00 00 00 00 00 0d 69 cc 3e 45 06 4b be 40 2b 90 45 ef a1 8c 44 fe 89 15 46 00 58 c4 36 80 94 03 3a 57 ac a4 3a 00 81 95 40 10 33 00 00 6a 03 00 00 00 00 00 00 00 00 ff 0b 11 00 79 e9 26 31 d0 ff cd 40 49 01 00 00 48 01 00 00 00
2026-09-18T14:31:30.9345643Z RX 43 4f 5a 03 52 45 01 09 00 00 00 00 04 00 05 5c 00 f0 01 3b 00 00 00 00 00 00 00 00 00 00 00 00 7a 3d 00 00 00 00 00 00 00 00 12 1f 92 3a fd b2 4b 3d 00 00 00 00 00 00 00 00 0d 69 cc 3e 45 06 4b be 5c 56 90 45 0e 28 8d 44 99 87 15 46 40 ea 0c 3a c0 04 77 39 22 a2 5a ba 00 81 95 40 10 33 00 00 6a 03 00 00 00 00 00 00 00 00 ff
2026-09-18T14:31:30.9387461Z TX 43 4f 5a 03 52 45 01 0b 00 00 00 00 15 00 8f 53 74 24 af 16 ce 40 4a 01 00 00 49 01 00 00 00
2026-09-18T14:31:30.9652563Z RX 43 4f 5a 03 52 45 01 09 00 00 00 00 04 00 0b 11 00 8f 53 74 24 af 16 ce 40 4a 01 00 00 49 01 00 00 00 05 5c 00 f0 1f 3b 00 00 00 00 00 00 00 00 00 00 00 00 7a 3d 00 00 00 00 00 00 00 00 4a 5a 91 3a 5e 00 4c 3d 00 00 00 00 00 00 00 00 0d 69 cc 3e 45 06 4b be 83 0e 90 45 61 2d 8f 44 d5 76 15 46 a0 d9 4f ba 28 79 8f ba 34 72 40 3a 00 81 95 40 10 33 00 00 6a 03 00 00 00 00 00 00 00 00 ff
2026-09-18T14:31:30.9857541Z TX 43 4f 5a 03 52 45 01 0b 00 00 00 00 15 00 fb 5c 6d c5 2e 2e ce 40 4b 01 00 00 4a 01 00 00 00
2026-09-18T14:31:30.9982439Z RX 43 4f 5a 03 52 45 01 09 00 00 00 00 04 00 05 5c 00 f0 3d 3b 00 00 00 00 00 00 00 00 00 00 00 00 7a 3d 00 00 00 00 00 00 00 00 92 18 8f 3a 57 59 4c 3d 00 00 00 00 00 00 00 00 0d 69 cc 3e 45 06 4b be 4a b8 8f 45 60 4e 8d 44 fe 89 15 46 a0 87 8e 39 80 7e 99 b9 fe 86 b1 ba 00 81 95 40 10 33 00 00 6a 03 00 00 00 00 00 00 00 00 ff 0b 11 00 fb 5c 6d c5 2e 2e ce 40 4b 01 00 00 4a 01 00 00 00
2026-09-18T14:31:31.0311800Z RX 43 4f 5a 03 52 45 01 09 00 00 00 00 04 00 05 5c 00 f0 5b 3b 00 00 00 00 00 00 00 00 00 00 00 00 7a 3d 00 00 00 00 00 00 00 00 97 d2 8f 3a 92 9b 4c 3d 00 00 00 00 00 00 00 00 0d 69 cc 3e 45 06 4b be a9 c6 8f 45 6a db 8c 44 89 44 15 46 c0 63 88 b9 e8 4b 12 ba ff 9b 82 3a 00 81 95 40 10 33 00 00 6a 03 00 00 00 00 00 00 00 00 ff
2026-09-18T14:31:31.0344863Z TX 43 4f 5a 03 52 45 01 0b 00 00 00 00 15 00 f6 97 dd 93 8f 46 ce 40 4c 01 00 00 4b 01 00 00 00
2026-09-18T14:31:31.0641906Z RX 43 4f 5a 03 52 45 01 09 00 00 00 00 04 00 0b 11 00 f6 97 dd 93 8f 46 ce 40 4c 01 00 00 4b 01 00 00 00 05 5c 00 f0 79 3b 00 00 00 00 00 00 00 00 00 00 00 00 7a 3d 00 00 00 00 00 00 00 00 84 af 8e 3a bc bf 4c 3d 00 00 00 00 00 00 00 00 0d 69 cc 3e 45 06 4b be fb ec 8f 45 75 47 8e 44 34 85 15 46 60 bf 88 b9 18 11 12 ba 0d e6 f8 39 00 81 95 40 10 33 00 00 6a 03 00 00 00 00 00 00 00 00 ff
2026-09-18T14:31:31.0811203Z TX 43 4f 5a 03 52 45 01 0b 00 00 00 00 15 00 64 cc 5d 4b d8 5d ce 40 4d 01 00 00 4c 01 00 00 00
2026-09-18T14:31:31.1125873Z RX 43 4f 5a 03 52 45 01 09 00 00 00 00 04 00 05 5c 00 f0 97 3b 00 00 00 00 00 00 00 00 00 00 00 00 7a 3d 00 00 00 00 00 00 00 00 1d 02 92 3a 09 a3 4c 3d 00 00 00 00 00 00 00 00 0d 69 cc 3e 45 06 4b be 83 0e 90 45 6c 99 90 44 47 61 15 46 90 58 4f ba 04 b2 cd 3a 8c ac f7 39 00 81 95 40 10 33 00 00 6a 03 00 00 00 00 00 00 00 00 ff 0b 11 00 64 cc 5d 4b d8 5d ce 40 4d 01 00 00 4c 01 00 00 00
2026-09-18T14:31:31.1271102Z TX 43 4f 5a 03 52 45 01 0b 00 00 00 00 15 00 01 de 02 09 da 74 ce 40 4e 01 00 00 4d 01 00 00 00
2026-09-18T14:31:31.1302257Z RX 43 4f 5a 03 52 45 01 09 00 00 00 00 04 00 05 5c 00 f0 b5 3b 00 00 00 00 00 00 00 00 00 00 00 00 7a 3d 00 00 00 00 00 00 00 00 b2 c3 94 3a db 80 4c 3d 00 00 00 00 00 00 00 00 0d 69 cc 3e 45 06 4b be 08 d5 8f 45 0e 28 8d 44 47 61 15 46 e8 41 53 3a 3c b9 f7 ba 9f 47 a4 b9 00 81 95 40 10 33 00 00 6a 03 00 00 00 00 00 00 00 00 ff 0b 11 00 01 de 02 09 da 74 ce 40 4e 01 00 00 4d 01 00 00 00
2026-09-18T14:31:31.1632631Z RX 43 4f 5a 03 52 45 01 09 00 00 00 00 04 00 05 0a 00 f3 bc bc 58 de 02 00 00 00 45 05 5c 00 f0 d3 3b 00 00 00 00 00 00 00 00 00 00 00 00 7a 3d 00 00 00 00 00 00 00 00 ab 87 8f 3a 35 ea 4c 3d 00 00 00 00 00 00 00 00 0d 69 cc 3e 45 06 4b be fe 47 90 45 42 a7 8e 44 2b 36 15 46 00 20 bf 36 00 2e 7e 39 05 aa 15 ba 00 81 95 40 10 33 00 00 6a 03 00 00 00 00 00 00 00 00 ff 05 0a 00 f3 8b 63 6c 11 01 00 00 00 2c 05 5c 00 f0 f1 3b 00 00 00 00 00 00 00 00 00 00 00 00 7a 3d 00 00 00 00 00 00 00 00 a3 35 8e 3a 3c 4e 4d 3d 00 00 00 00 00 00 00 00 0d 69 cc 3e 45 06 4b be ee 04 90 45 e5 14 8d 44 a3 14 15 46 b8 83 52 3a b0 7a 98 b9 d8 e8 59 ba 00 e3 95 40 10 33 00 00 6a 03 00 00 00 00 00 00 00 00 ff
2026-09-18T14:31:31.1734976Z TX 43 4f 5a 03 52 45 01 0b 00 00 00 00 15 00 ed 0d be 30 09 8c ce 40 4f 01 00 00 4e 01 00 00 00
2026-09-18T14:31:31.1963316Z RX 43 4f 5a 03 52 45 01 09 00 00 00 00 04 00 0b 11 00 ed 0d be 30 09 8c ce 40 4f 01 00 00 4e 01 00 00 00 05 5c 00 f0 0f 3c 00 00 00 00 00 00 00 00 00 00 00 00 7a 3d 00 00 00 00 00 00 00 00 da 0a 8e 3a a0 f3 4c 3d 00 00 00 00 00 00 00 00 0d 69 cc 3e 45 06 4b be 17 18 90 45 03 bc 8b 44 7f b7 15 46 08 e3 8a ba bc 44 88 3a ac 23 f9 39 00 81 95 40 10 33 00 00 6a 03 00 00 00 00 00 00 00 00 ff
2026-09-18T14:31:31.2196127Z TX 43 4f 5a 03 52 45 01 0b 00 00 00 00 15 00 4d 15 8c 4a 1a a3 ce 40 50 01 00 00 4f 01 00 00 00
2026-09-18T14:31:31.2292711Z RX 43 4f 5a 03 52 45 01 09 00 00 00 00 04 00 0b 11 00 4d 15 8c 4a 1a a3 ce 40 50 01 00 00 4f 01 00 00 00 05 5c 00 f0 2d 3c 00 00 00 00 00 00 00 00 00 00 00 00 7a 3d 00 00 00 00 00 00 00 00 c7 18 8d 3a 97 66 4c 3d 00 00 00 00 00 00 00 00 0d 69 cc 3e 45 06 4b be 1a 73 90 45 4d 13 90 44 b2 57 15 46 20 2e 0d 3a b0 66 12 ba 63 c3 43 b8 00 81 95 40 10 33 00 00 6a 03 00 00 00 00 00 00 00 00 ff
2026-09-18T14:31:31.2641042Z RX 43 4f 5a 03 52 45 01 09 00 00 00 00 04 00 05 5c 00 f0 4b 3c 00 00 00 00 00 00 00 00 00 00 00 00 7a 3d 00 00 00 00 00 00 00 00 fe cb 90 3a 49 57 4c 3d 00 00 00 00 00 00 00 00 0d 69 cc 3e 45 06 4b be 9a 83 8f 45 a8 e7 8d 44 99 87 15 46 e0 06 89 b9 e0 cf 7c 39 55 8d 40 3a 00 e3 95 40 10 33 00 00 6a 03 00 00 00 00 00 00 00 00 ff
2026-09-18T14:31:31.2673706Z TX 43 4f 5a 03 52 45 01 0b 00 00 00 00 15 00 46 b6 f3 fd fc ba ce 40 51 01 00 00 50 01 00 00 00
2026-09-18T14:31:31.2955200Z RX 43 4f 5a 03 52 45 01 09 00 00 00 00 04 00 0b 11 00 46 b6 f3 fd fc ba ce 40 51 01 00 00 50 01 00 00 00 05 0a 00 f3 ec 8e 1a 24 02 00 00 00 4a 05 5c 00 f0 69 3c 00 00 00 00 00 00 00 00 00 00 00 00 7a 3d 00 00 00 00 00 00 00 00 d5 a0 92 3a 77 b7 4c 3d 00 00 00 00 00 00 00 00 0d 69 cc 3e 45 06 4b be 5f b1 90 45 37 3b 8d 44 50 b0 15 46 a0 15 8e 39 8c 77 b1 ba 7b f1 5c 39 00 81 95 40 10 33 00 00 6a 03 00 00 00 00 00 00 00 00 ff
2026-09-18T14:31:31.3143800Z TX 43 4f 5a 03 52 45 01 0b 00 00 00 00 15 00 de 71 8a 8e 6c d2 ce 40 52 01 00 00 51 01 00 00 00
2026-09-18T14:31:31.3286532Z RX 43 4f 5a 03 52 45 01 09 00 00 00 00 04 00 05 5c 00 f0 87 3c 00 00 00 00 00 00 00 00 00 00 00 00 7a 3d 00 00 00 00 00 00 00 00 a9 69 92 3a 90 59 4d 3d 00 00 00 00 00 00 00 00 0d 69 cc 3e 45 06 4b be c5 f1 8f 45 38 1a 8f 44 1a b5 15 46 f0 67 0a ba 50 e4 05 3a ba 1a 5d 39 00 e3 95 40 10 33 00 00 6a 03 00 00 00 00 00 00 00 00 ff 0b 11 00 de 71 8a 8e 6c d2 ce 40 52 01 00 00 51 01 00 00 00
2026-09-18T14:31:31.3600513Z TX 43 4f 5a 03 52 45 01 0b 00 00 00 00 15 00 36 ab 3e 57 3b e9 ce 40 53 01 00 00 52 01 00 00 00
2026-09-18T14:31:31.3614034Z RX 43 4f 5a 03 52 45 01 09 00 00 00 00 04 00 05 5c 00 f0 a5 3c 00 00 00 00 00 00 00 00 00 00 00 00 7a 3d 00 00 00 00 00 00 00 00 aa da 8e 3a 63 41 4d 3d 00 00 00 00 00 00 00 00 0d 69 cc 3e 45 06 4b be 5a fb 8f 45 80 b3 8f 44 11 66 15 46 88 19 8c 3a 7c 3d b1 ba 62 bf d3 ba 00 81 95 40 10 33 00 00 6a 03 00 00 00 00 00 00 00 00 ff 0b 11 00 36 ab 3e 57 3b e9 ce 40 53 01 00 00 52 01 00 00 00
2026-09-18T14:31:31.3945422Z RX 43 4f 5a 03 52 45 01 09 00 00 00 00 04 00 05 5c 00 f0 c3 3c 00 00 00 00 00 00 00 00 00 00 00 00 7a 3d 00 00 00 00 00 00 00 00 20 15 89 3a 14 5d 4d 3d 00 00 00 00 00 00 00 00 0d 69 cc 3e 45 06 4b be ec a9 8f 45 2e 8d 8f 44 0b 72 15 46 00 e0 8c 39 c8 37 10 ba 4a f6 58 ba 00 e3 95 40 10 33 00 00 6a 03 00 00 00 00 00 00 00 00 ff
2026-09-18T14:31:31.4069368Z TX 43 4f 5a 03 52 45 01 0b 00 00 00 00 15 00 3d 2c d4 9a c6 00 cf 40 54 01 00 00 53 01 00 00 00
2026-09-18T14:31:31.4275982Z RX 43 4f 5a 03 52 45 01 09 00 00 00 00 04 00 05 5c 00 f0 e1 3c 00 00 00 00 00 00 00 00 00 00 00 00 7a 3d 00 00 00 00 00 00 00 00 85 1c 86 3a bc 52 4d 3d 00 00 00 00 00 00 00 00 0d 69 cc 3e 45 06 4b be 88 c4 90 45 a8 e7 8d 44 ff c7 14 46 a0 2d 8a b9 00 60 92 b7 c2 de 9e b9 00 e3 95 40 10 33 00 00 6a 03 00 00 00 00 00 00 00 00 ff 0b 11 00 3d 2c d4 9a c6 00 cf 40 54 01 00 00 53 01 00 00 00
2026-09-18T14:31:31.4535805Z TX 43 4f 5a 03 52 45 01 0b 00 00 00 00 15 00 d3 4d 62 10 18 18 cf 40 55 01 00 00 54 01 00 00 00
2026-09-18T14:31:31.4615188Z RX 43 4f 5a 03 52 45 01 09 00 00 00 00 04 00 05 5c 00 f0 ff 3c 00 00 00 00 00 00 00 00 00 00 00 00 7a 3d 00 00 00 00 00 00 00 00 76 9e 8c 3a eb 6c 4d 3d 00 00 00 00 00 00 00 00 0d 69 cc 3e 45 06 4b be b6 ae 8f 45 0e 28 8d 44 24 42 15 46 80 ad 8b 3a 90 af 06 3a e8 26 a5 3a 00 81 95 40 10 33 00 00 6a 03 00 00 00 00 00 00 00 00 ff 0b 11 00 d3 4d 62 10 18 18 cf 40 55 01 00 00 54 01 00 00 00
2026-09-18T14:31:31.4935953Z RX 43 4f 5a 03 52 45 01 09 00 00 00 00 04 00 05 5c 00 f0 1d 3d 00 00 00 00 00 00 00 00 00 00 00 00 7a 3d 00 00 00 00 00 00 00 00 ed 8f 8a 3a 0c 36 4d 3d 00 00 00 00 00 00 00 00 0d 69 cc 3e 45 06 4b be 3b 75 8f 45 89 61 8d 44 d9 0f 15 46 00 80 18 b5 30 7e 81 39 98 dc 8e ba 00 81 95 40 10 33 00 00 6a 03 00 00 00 00 00 00 00 00 ff 05 5c 00 f0 3b 3d 00 00 00 00 00 00 00 00 00 00 00 00 7a 3d 00 00 00 00 00 00 00 00 29 1a 86 3a d2 fe 4c 3d 00 00 00 00 00 00 00 00 0d 69 cc 3e 45 06 4b be ac 21 90 45 6a db 8c 44 0b 72 15 46 00 c0 04 35 30 ce 95 b9 88 dd 9e b9 00 81 95 40 10 33 00 00 6a 03 00 00 00 00 00 00 00 00 ff
2026-09-18T14:31:31.4999819Z TX 43 4f 5a 03 52 45 01 0b 00 00 00 00 15 00 2e 90 a0 f8 31 2f cf 40 56 01 00 00 55 01 00 00 00
2026-09-18T14:31:31.5266633Z RX 43 4f 5a 03 52 45 01 09 00 00 00 00 04 00 0b 11 00 2e 90 a0 f8 31 2f cf 40 56 01 00 00 55 01 00 00 00 05 5c 00 f0 59 3d 00 00 00 00 00 00 00 00 00 00 00 00 7a 3d 00 00 00 00 00 00 00 00 ff 8d 88 3a e8 f4 4c 3d 00 00 00 00 00 00 00 00 0d 69 cc 3e 45 06 4b be 40 2b 90 45 0e 28 8d 44 4d 55 15 46 80 94 8b b9 48 05 4c 3a dd 86 a5 3a 00 81 95 40 10 33 00 00 6a 03 00 00 00 00 00 00 00 00 ff
2026-09-18T14:31:31.5462546Z TX 43 4f 5a 03 52 45 01 0b 00 00 00 00 15 00 fc a9 f1 d2 5d 46 cf 40 57 01 00 00 56 01 00 00 00
2026-09-18T14:31:31.5596966Z RX 43 4f 5a 03 52 45 01 09 00 00 00 00 04 00 0b 11 00 fc a9 f1 d2 5d 46 cf 40 57 01 00 00 56 01 00 00 00 05 5c 00 f0 77 3d 00 00 00 00 00 00 00 00 00 00 00 00 7a 3d 00 00 00 00 00 00 00 00 e0 d9 89 3a fc 01 4c 3d 00 00 00 00 00 00 00 00 0d 69 cc 3e 45 06 4b be 21 a5 8f 45 24 00 90 44 76 68 15 46 40 15 0b ba 20 b9 96 b9 b8 cb 8e ba 00 81 95 40 10 33 00 00 6a 03 00 00 00 00 00 00 00 00 ff
2026-09-18T14:31:31.5928718Z RX 43 4f 5a 03 52 45 01 09 00 00 00 00 04 00 05 5c 00 f0 95 3d 00 00 00 00 00 00 00 00 00 00 00 00 7a 3d 00 00 00 00 00 00 00 00 cf f6 8a 3a 8b 01 4c 3d 00 00 00 00 00 00 00 00 0d 69 cc 3e 45 06 4b be c2 96 8f 45 23 21 8e 44 89 44 15 46 f0 1a 0c 3a 60 76 10 ba 6e 48 fa 39 00 81 95 40 10 33 00 00 6a 03 00 00 00 00 00 00 00 00 ff
2026-09-18T14:31:31.5929987Z TX 43 4f 5a 03 52 45 01 0b 00 00 00 00 15 00 4d 15 8c 4a ba 5d cf 40 58 01 00 00 57 01 00 00 00
2026-09-18T14:31:31.6254872Z RX 43 4f 5a 03 52 45 01 09 00 00 00 00 04 00 0b 11 00 4d 15 8c 4a ba 5d cf 40 58 01 00 00 57 01 00 00 00 05 5c 00 f0 b3 3d 00 00 00 00 00 00 00 00 00 00 00 00 7a 3d 00 00 00 00 00 00 00 00 d8 2b 88 3a e1 85 4c 3d 00 00 00 00 00 00 00 00 0d 69 cc 3e 45 06 4b be 40 2b 90 45 60 4e 8d 44 31 2a 15 46 20 76 8b 39 00 d3 96 b7 69 4d 14 ba 00 81 95 40 10 33 00 00 6a 03 00 00 00 00 00 00 00 00 ff
2026-09-18T14:31:31.6381374Z TX 43 4f 5a 03 52 45 01 0b 00 00 00 00 15 00 32 77 2d 21 4f 74 cf 40 59 01 00 00 58 01 00 00 00
2026-09-18T14:31:31.6586451Z RX 43 4f 5a 03 52 45 01 09 00 00 00 00 04 00 0b 11 00 32 77 2d 21 4f 74 cf 40 59 01 00 00 58 01 00 00 00 05 5c 00 f0 d1 3d 00 00 00 00 00 00 00 00 00 00 00 00 7a 3d 00 00 00 00 00 00 00 00 19 b0 86 3a cb 9e 4c 3d 00 00 00 00 00 00 00 00 0d 69 cc 3e 45 06 4b be 90 f6 8f 45 b1 95 8b 44 47 61 15 46 00 1a 8b b9 00 47 9f b7 22 07 14 ba 00 e3 95 40 10 33 00 00 6a 03 00 00 00 00 00 00 00 00 ff
2026-09-18T14:31:31.6837795Z TX 43 4f 5a 03 52 45 01 0b 00 00 00 00 15 00 c3 f5 28 5c 1f 8b cf 40 5a 01 00 00 59 01 00 00 00
2026-09-18T14:31:31.6915506Z RX 43 4f 5a 03 52 45 01 09 00 00 00 00 04 00 05 5c 00 f0 ef 3d 00 00 00 00 00 00 00 00 00 00 00 00 7a 3d 00 00 00 00 00 00 00 00 b7 f3 85 3a 5c 87 4d 3d 00 00 00 00 00 00 00 00 0d 69 cc 3e 45 06 4b be b8 09 90 45 2c cf 8b 44 60 31 15 46 80 99 8b 39 00 fd 55 ba 10 ce 9e b9 00 e3 95 40 10 33 00 00 6a 03 00 00 00 00 00 00 00 00 ff 0b 11 00 c3 f5 28 5c 1f 8b cf 40 5a 01 00 00 59 01 00 00 00
2026-09-18T14:31:31.7253140Z RX 43 4f 5a 03 52 45 01 09 00 00 00 00 04 00 05 5c 00 f0 0d 3e 00 00 00 00 00 00 00 00 00 00 00 00 7a 3d 00 00 00 00 00 00 00 00 20 f6 85 3a 7f 06 4e 3d 00 00 00 00 00 00 00 00 0d 69 cc 3e 45 06 4b be bb 64 90 45 37 3b 8d 44 e8 52 15 46 a0 87 8b 39 e8 79 8d ba b6 85 83 3a 00 e3 95 40 10 33 00 00 6a 03 00 00 00 00 00 00 00 00 ff
2026-09-18T14:31:31.7305730Z TX 43 4f 5a 03 52 45 01 0b 00 00 00 00 15 00 14 d0 44 d8 98 a2 cf 40 5b 01 00 00 5a 01 00 00 00
2026-09-18T14:31:31.7576314Z RX 43 4f 5a 03 52 45 01 09 00 00 00 00 04 00 05 5c 00 f0 2b 3e 00 00 00 00 00 00 00 00 00 00 00 00 7a 3d 00 00 00 00 00 00 00 00 a6 14 87 3a 87 46 4e 3d 00 00 00 00 00 00 00 00 0d 69 cc 3e 45 06 4b be 9c de 8f 45 d1 fa 8d 44 76 68 15 46 00 c0 84 b5 00 8e 57 b7 ca 96 58 ba 00 e3 95 40 10 33 00 00 6a 03 00 00 00 00 00 00 00 00 ff 0b 11 00 14 d0 44 d8 98 a2 cf 40 5b 01 00 00 5a 01 00 00 00
2026-09-18T14:31:31.7770175Z TX 43 4f 5a 03 52 45 01 0b 00 00 00 00 15 00 e0 be 0e 9c a3 b9 cf 40 5c 01 00 00 5b 01 00 00 00
2026-09-18T14:31:31.7906849Z RX 43 4f 5a 03 52 45 01 09 00 00 00 00 04 00 05 5c 00 f0 49 3e 00 00 00 00 00 00 00 00 00 00 00 00 7a 3d 00 00 00 00 00 00 00 00 6f 16 87 3a 82 9d 4b 3d 00 00 00 00 00 00 00 00 0d 69 cc 3e 45 06 4b be e0 3d 8e 45 94 cd 8e 44 21 a9 15 46 88 3f ae ba 0a 71 0a 3b f8 58 42 3a 00 e3 95 40 10 33 00 00 6a 03 00 00 00 00 00 00 00 00 ff 0b 11 00 e0 be 0e 9c a3 b9 cf 40 5c 01 00 00 5b 01 00 00 00 05 5c 00 f0 67 3e 00 00 00 00 00 00 00 00 00 00 00 00 7a 3d 00 00 00 00 00 00 00 00 57 e0 89 3a 99 bd 4c 3d 00 00 00 00 00 00 00 00 0d 69 cc 3e 45 06 4b be ea 2d 91 45 63 eb 92 44 b3 95 14 46 00 80 13 36 d8 c7 ae bb 19 6b 63 39 00 81 95 40 10 33 00 00 6a 03 00 00 00 00 00 00 00 00 ff
2026-09-18T14:31:31.8232663Z TX 43 4f 5a 03 52 45 01 0b 00 00 00 00 15 00 8d 28 ed 0d d6 d0 cf 40 5d 01 00 00 5c 01 00 00 00
2026-09-18T14:31:31.8278582Z RX 43 4f 5a 03 52 45 01 09 00 00 00 00 04 00 05 5c 00 f0 85 3e 00 00 00 00 00 00 00 00 00 00 00 00 7a 3d 00 00 00 00 00 00 00 00 27 c2 88 3a 84 55 4d 3d 00 00 00 00 00 00 00 00 0d 69 cc 3e 45 06 4b be 0a 30 90 45 b0 b6 89 44 c8 8e 15 46 c0 81 f3 ba 5a c4 50 3b a8 e5 58 ba 00 e3 95 40 10 33 00 00 6a 03 00 00 00 00 00 00 00 00 ff
2026-09-18T14:31:31.8568998Z RX 43 4f 5a 03 52 45 01 09 00 00 00 00 04 00 0b 11 00 8d 28 ed 0d d6 d0 cf 40 5d 01 00 00 5c 01 00 00 00 05 5c 00 f0 a3 3e 00 00 00 00 00 00 00 00 00 00 00 00 7a 3d 00 00 00 00 00 00 00 00 d6 30 86 3a 9f 9a 4d 3d 00 00 00 00 00 00 00 00 0d 69 cc 3e 45 06 4b be fb ec 8f 45 03 bc 8b 44 0b 72 15 46 b0 59 0d 3a 14 a8 d2 ba 85 0c fc 39 00 e3 95 40 10 33 00 00 6a 03 00 00 00 00 00 00 00 00 ff
2026-09-18T14:31:31.8688238Z TX 43 4f 5a 03 52 45 01 0b 00 00 00 00 15 00 ee 5a 42 3e b8 e7 cf 40 5e 01 00 00 5d 01 00 00 00
2026-09-18T14:31:31.8896166Z RX 43 4f 5a 03 52 45 01 09 00 00 00 00 04 00 0b 11 00 ee 5a 42 3e b8 e7 cf 40 5e 01 00 00 5d 01 00 00 00 05 5c 00 f0 c1 3e 00 00 00 00 00 00 00 00 00 00 00 00 7a 3d 00 00 00 00 00 00 00 00 d9 d6 8a 3a 44 0b 4d 3d 00 00 00 00 00 00 00 00 0d 69 cc 3e 45 06 4b be 21 a5 8f 45 dc 66 8f 44 cf 82 15 46 50 cf 09 ba 3a 05 3f 3b 90 51 a5 3a 80 fd 94 40 10 33 00 00 6a 03 00 00 00 00 00 00 00 00 ff
2026-09-18T14:31:31.9152185Z TX 43 4f 5a 03 52 45 01 0b 00 00 00 00 15 00 48 bf 7d 1d d8 fe cf 40 5f 01 00 00 5e 01 00 00 00
2026-09-18T14:31:31.9226807Z RX 43 4f 5a 03 52 45 01 09 00 00 00 00 04 00 05 5c 00 f0 df 3e 00 00 00 00 00 00 00 00 00 00 00 00 7a 3d 00 00 00 00 00 00 00 00 17 8b 8e 3a 14 c5 4c 3d 00 00 00 00 00 00 00 00 0d 69 cc 3e 45 06 4b be a9 c6 8f 45 56 c1 8d 44 d5 76 15 46 00 60 87 b9 68 31 b0 ba fb 78 15 ba 00 81 95 40 10 33 00 00 6a 03 00 00 00 00 00 00 00 00 ff 0b 11 00 48 bf 7d 1d d8 fe cf 40 5f 01 00 00 5e 01 00 00 00
2026-09-18T14:31:31.9602911Z RX 43 4f 5a 03 52 45 01 09 00 00 00 00 04 00 05 5c 00 f0 fd 3e 00 00 00 00 00 00 00 00 00 00 00 00 7a 3d 00 00 00 00 00 00 00 00 d5 c8 8d 3a da e0 4c 3d 00 00 00 00 00 00 00 00 0d 69 cc 3e 45 06 4b be d8 8f 90 45 73 89 8a 44 4d 55 15 46 70 55 09 ba 50 cb 4d 3a d3 8b 60 39 00 81 95 40 10 33 00 00 6a 03 00 00 00 00 00 00 00 00 ff
2026-09-18T14:31:31.9624651Z TX 43 4f 5a 03 52 45 01 0b 00 00 00 00 15 00 ab 3e 57 5b 39 0b d0 40 60 01 00 00 5f 01 00 00 00
2026-09-18T14:31:31.9886179Z RX 43 4f 5a 03 52 45 01 09 00 00 00 00 04 00 0b 11 00 ab 3e 57 5b 39 0b d0 40 60 01 00 00 5f 01 00 00 00 05 5c 00 f0 1b 3f 00 00 00 00 00 00 00 00 00 00 00 00 7a 3d 00 00 00 00 00 00 00 00 b8 2e 90 3a 6c 14 4e 3d 00 00 00 00 00 00 00 00 0d 69 cc 3e 45 06 4b be ce 02 91 45 03 bc 8b 44 2b 36 15 46 60 ec 08 ba 98 fd af ba 5e c7 5e 39 00 81 95 40 10 33 00 00 6a 03 00 00 00 00 00 00 00 00 ff
2026-09-18T14:31:32.0086416Z TX 43 4f 5a 03 52 45 01 0b 00 00 00 00 15 00 f1 f4 4a 59 ca 16 d0 40 61 01 00 00 60 01 00 00 00
2026-09-18T14:31:32.0218037Z RX 43 4f 5a 03 52 45 01 09 00 00 00 00 04 00 05 5c 00 f0 39 3f 00 00 00 00 00 00 00 00 00 00 00 00 7a 3d 00 00 00 00 00 00 00 00 a3 0b 8f 3a 4a 4f 4e 3d 00 00 00 00 00 00 00 00 0d 69 cc 3e 45 06 4b be 3e d0 8f 45 9d 7b 8c 44 5d 98 15 46 98 b0 53 3a 96 1f 1c 3b 5d 90 15 ba 00 e3 95 40 10 33 00 00 6a 03 00 00 00 00 00 00 00 00 ff 0b 11 00 f1 f4 4a 59 ca 16 d0 40 61 01 00 00 60 01 00 00 00
2026-09-18T14:31:32.0546913Z RX 43 4f 5a 03 52 45 01 09 00 00 00 00 04 00 05 5c 00 f0 57 3f 00 00 00 00 00 00 00 00 00 00 00 00 7a 3d 00 00 00 00 00 00 00 00 3f c5 8f 3a 95 33 4d 3d 00 00 00 00 00 00 00 00 0d 69 cc 3e 45 06 4b be c0 3b 8f 45 42 a7 8e 44 5a 3d 15 46 60 e5 8f 39 d0 08 07 3a 36 c0 40 3a 00 81 95 40 10 33 00 00 6a 03 00 00 00 00 00 00 00 00 ff
2026-09-18T14:31:32.0557484Z TX 43 4f 5a 03 52 45 01 0b 00 00 00 00 15 00 ad fa 5c 6d 95 22 d0 40 62 01 00 00 61 01 00 00 00
2026-09-18T14:31:32.0875983Z RX 43 4f 5a 03 52 45 01 09 00 00 00 00 04 00 0b 11 00 ad fa 5c 6d 95 22 d0 40 62 01 00 00 61 01 00 00 00 05 5c 00 f0 75 3f 00 00 00 00 00 00 00 00 00 00 00 00 7a 3d 00 00 00 00 00 00 00 00 48 29 92 3a cb 73 4c 3d 00 00 00 00 00 00 00 00 0d 69 cc 3e 45 06 4b be 27 5b 90 45 41 c8 8c 44 0b 72 15 46 80 56 0d 3a 4c cc 8d ba 31 53 5d 39 00 81 95 40 10 33 00 00 6a 03 00 00 00 00 00 00 00 00 ff
2026-09-18T14:31:32.1021920Z TX 43 4f 5a 03 52 45 01 0b 00 00 00 00 15 00 98 6e 12 83 28 2e d0 40 63 01 00 00 62 01 00 00 00
2026-09-18T14:31:32.1207858Z RX 43 4f 5a 03 52 45 01 09 00 00 00 00 04 00 05 5c 00 f0 93 3f 00 00 00 00 00 00 00 00 00 00 00 00 7a 3d 00 00 00 00 00 00 00 00 46 51 92 3a ea 5b 4d 3d 00 00 00 00 00 00 00 00 0d 69 cc 3e 45 06 4b be b1 d7 90 45 6a db 8c 44 96 2c 15 46 e8 51 ad ba c8 0a 8d ba d7 a7 5a ba 00 e3 95 40 10 33 00 00 6a 03 00 00 00 00 00 00 00 00 ff 0b 11 00 98 6e 12 83 28 2e d0 40 63 01 00 00 62 01 00 00 00 05 5c 00 f0 b1 3f 00 00 00 00 00 00 00 00 00 00 00 00 7a 3d 00 00 00 00 00 00 00 00 b5 bb 91 3a 25 b5 4d 3d 00 00 00 00 00 00 00 00 0d 69 cc 3e 45 06 4b be 0a 30 90 45 43 86 90 44 83 50 15 46 00 78 09 37 04 a3 8c ba 6f a5 5d 39 00 81 95 40 10 33 00 00 6a 03 00 00 00 00 00 00 00 00 ff
2026-09-18T14:31:32.1479617Z TX 43 4f 5a 03 52 45 01 0b 00 00 00 00 15 00 dc d7 81 73 a6 39 d0 40 64 01 00 00 63 01 00 00 00
2026-09-18T14:31:32.1536712Z RX 43 4f 5a 03 52 45 01 09 00 00 00 00 04 00 05 0a 00 f3 bc bc 58 de 02 00 00 00 45 05 5c 00 f0 cf 3f 00 00 00 00 00 00 00 00 00 00 00 00 7a 3d 00 00 00 00 00 00 00 00 6a b8 96 3a 2a 8a 4d 3d 00 00 00 00 00 00 00 00 0d 69 cc 3e 45 06 4b be a6 6b 8f 45 37 3b 8d 44 18 5a 15 46 40 ff 86 b9 00 3d 09 3a 3e 9a 16 3b 00 e3 95 40 10 33 00 00 6a 03 00 00 00 00 00 00 00 00 ff 0b 11 00 dc d7 81 73 a6 39 d0 40 64 01 00 00 63 01 00 00 00
2026-09-18T14:31:32.1867638Z RX 43 4f 5a 03 52 45 01 09 00 00 00 00 04 00 05 5c 00 f0 ed 3f 00 00 00 00 00 00 00 00 00 00 00 00 7a 3d 00 00 00 00 00 00 00 00 71 d7 9c 3a ee 7c 4d 3d 00 00 00 00 00 00 00 00 0d 69 cc 3e 45 06 4b be ee 04 90 45 94 cd 8e 44 4d 55 15 46 a0 ff ac ba 00 e2 1a b7 bf 6a 81 3a 00 e3 95 40 10 33 00 00 6a 03 00 00 00 00 00 00 00 00 ff
2026-09-18T14:31:32.1953111Z TX 43 4f 5a 03 52 45 01 0b 00 00 00 00 15 00 15 8c 4a ea 6c 45 d0 40 65 01 00 00 64 01 00 00 00
2026-09-18T14:31:32.2196720Z RX 43 4f 5a 03 52 45 01 09 00 00 00 00 04 00 0b 11 00 15 8c 4a ea 6c 45 d0 40 65 01 00 00 64 01 00 00 00 05 5c 00 f0 0b 40 00 00 00 00 00 00 00 00 00 00 00 00 7a 3d 00 00 00 00 00 00 00 00 05 73 9e 3a df 15 4d 3d 00 00 00 00 00 00 00 00 0d 69 cc 3e 45 06 4b be 24 00 90 45 4a 76 8a 44 76 68 15 46 10 06 8d 3a 78 0d f5 ba 94 b0 90 ba 00 e3 95 40 10 33 00 00 6a 03 00 00 00 00 00 00 00 00 ff
2026-09-18T14:31:32.2426740Z TX 43 4f 5a 03 52 45 01 0b 00 00 00 00 15 00 b3 0c 71 ac 47 51 d0 40 66 01 00 00 65 01 00 00 00
2026-09-18T14:31:32.2524985Z RX 43 4f 5a 03 52 45 01 09 00 00 00 00 04 00 05 5c 00 f0 29 40 00 00 00 00 00 00 00 00 00 00 00 00 7a 3d 00 00 00 00 00 00 00 00 4d 00 99 3a 01 54 4d 3d 00 00 00 00 00 00 00 00 0d 69 cc 3e 45 06 4b be 3e d0 8f 45 41 c8 8c 44 d9 0f 15 46 40 7d 86 b9 e0 2d 52 ba 08 30 90 ba 00 e3 95 40 10 33 00 00 6a 03 00 00 00 00 00 00 00 00 ff 0b 11 00 b3 0c 71 ac 47 51 d0 40 66 01 00 00 65 01 00 00 00
2026-09-18T14:31:32.2855507Z RX 43 4f 5a 03 52 45 01 09 00 00 00 00 04 00 05 5c 00 f0 47 40 00 00 00 00 00 00 00 00 00 00 00 00 7a 3d 00 00 00 00 00 00 00 00 0b ba 96 3a 49 cf 4d 3d 00 00 00 00 00 00 00 00 0d 69 cc 3e 45 06 4b be 27 5b 90 45 d1 fa 8d 44 6a 80 15 46 c0 e0 85 b9 00 80 c4 b5 6e f8 59 39 00 81 95 40 10 33 00 00 6a 03 00 00 00 00 00 00 00 00 ff
2026-09-18T14:31:32.2890406Z TX 43 4f 5a 03 52 45 01 0b 00 00 00 00 15 00 51 6b 9a 77 e0 5c d0 40 67 01 00 00 66 01 00 00 00
2026-09-18T14:31:32.3192580Z RX 43 4f 5a 03 52 45 01 09 00 00 00 00 04 00 05 0a 00 f3 ec 8e 1a 24 02 00 00 00 4a 0b 11 00 51 6b 9a 77 e0 5c d0 40 67 01 00 00 66 01 00 00 00 05 5c 00 f0 65 40 00 00 00 00 00 00 00 00 00 00 00 00 7a 3d 00 00 00 00 00 00 00 00 df 06 9a 3a 6b 2a 4e 3d 00 00 00 00 00 00 00 00 0d 69 cc 3e 45 06 4b be 3e d0 8f 45 a9 c6 8f 44 3a 79 15 46 40 b6 91 39 10 0e 8b 3a 47 ad 81 3a 00 81 95 40 10 33 00 00 6a 03 00 00 00 00 00 00 00 00 ff
2026-09-18T14:31:32.3356410Z TX 43 4f 5a 03 52 45 01 0b 00 00 00 00 15 00 90 31 77 2d 71 68 d0 40 68 01 00 00 67 01 00 00 00
2026-09-18T14:31:32.3522141Z RX 43 4f 5a 03 52 45 01 09 00 00 00 00 04 00 05 5c 00 f0 83 40 00 00 00 00 00 00 00 00 00 00 00 00 7a 3d 00 00 00 00 00 00 00 00 a4 e6 9a 3a 6b dd 4d 3d 00 00 00 00 00 00 00 00 0d 69 cc 3e 45 06 4b be d2 d9 8f 45 57 a0 8f 44 bf 3f 15 46 b0 08 0e 3a 00 48 bf b6 1e 3c 5c ba 00 e3 95 40 10 33 00 00 6a 03 00 00 00 00 00 00 00 00 ff 0b 11 00 90 31 77 2d 71 68 d0 40 68 01 00 00 67 01 00 00 00
2026-09-18T14:31:32.3811913Z TX 43 4f 5a 03 52 45 01 0b 00 00 00 00 15 00 f5 4a 59 86 f4 73 d0 40 69 01 00 00 68 01 00 00 00
2026-09-18T14:31:32.3844330Z RX 43 4f 5a 03 52 45 01 09 00 00 00 00 04 00 05 5c 00 f0 a1 40 00 00 00 00 00 00 00 00 00 00 00 00 7a 3d 00 00 00 00 00 00 00 00 18 e8 94 3a d9 c2 4e 3d 00 00 00 00 00 00 00 00 0d 69 cc 3e 45 06 4b be 0d 8b 90 45 c6 8e 8c 44 9c 20 15 46 60 dd 8f 39 30 63 0c ba e0 a3 16 ba 00 e3 95 40 10 33 00 00 6a 03 00 00 00 00 00 00 00 00 ff 0b 11 00 f5 4a 59 86 f4 73 d0 40 69 01 00 00 68 01 00 00 00
2026-09-18T14:31:32.4175475Z RX 43 4f 5a 03 52 45 01 09 00 00 00 00 04 00 05 5c 00 f0 bf 40 00 00 00 00 00 00 00 00 00 00 00 00 7a 3d 00 00 00 00 00 00 00 00 80 d7 97 3a 8b ac 4e 3d 00 00 00 00 00 00 00 00 0d 69 cc 3e 45 06 4b be fe 47 90 45 b2 74 8d 44 0e cd 15 46 80 27 8f 39 20 ec 4f 3a 7c 44 3f 3a 00 81 95 40 10 33 00 00 6a 03 00 00 00 00 00 00 00 00 ff 05 5c 00 f0 dd 40 00 00 00 00 00 00 00 00 00 00 00 00 7a 3d 00 00 00 00 00 00 00 00 03 11 9c 3a 12 23 4e 3d 00 00 00 00 00 00 00 00 0d 69 cc 3e 45 06 4b be 21 a5 8f 45 dc 66 8f 44 11 66 15 46 a8 a4 52 3a c0 88 ad 3a a5 fa c5 3a 00 81 95 40 10 33 00 00 6a 03 00 00 00 00 00 00 00 00 ff
2026-09-18T14:31:32.4283662Z TX 43 4f 5a 03 52 45 01 0b 00 00 00 00 15 00 d0 b3 59 f5 b5 7f d0 40 6a 01 00 00 69 01 00 00 00
2026-09-18T14:31:32.4506654Z RX 43 4f 5a 03 52 45 01 09 00 00 00 00 04 00 0b 11 00 d0 b3 59 f5 b5 7f d0 40 6a 01 00 00 69 01 00 00 00 05 5c 00 f0 fb 40 00 00 00 00 00 00 00 00 00 00 00 00 7a 3d 00 00 00 00 00 00 00 00 5d 29 9f 3a 17 68 4d 3d 00 00 00 00 00 00 00 00 0d 69 cc 3e 45 06 4b be 21 a5 8f 45 0e 28 8d 44 f8 95 15 46 f8 da ae 3a b0 00 09 3a 0f c1 90 ba 00 81 95 40 10 33 00 00 6a 03 00 00 00 00 00 00 00 00 ff
2026-09-18T14:31:32.4751130Z TX 43 4f 5a 03 52 45 01 0b 00 00 00 00 15 00 a0 89 b0 e1 6d 8b d0 40 6b 01 00 00 6a 01 00 00 00
2026-09-18T14:31:32.4849663Z RX 43 4f 5a 03 52 45 01 09 00 00 00 00 04 00 05 5c 00 f0 19 41 00 00 00 00 00 00 00 00 00 00 00 00 7a 3d 00 00 00 00 00 00 00 00 1b f1 9b 3a b0 f9 4c 3d 00 00 00 00 00 00 00 00 0d 69 cc 3e 45 06 4b be 4a b8 8f 45 d1 fa 8d 44 4d 55 15 46 d0 49 0b 3a 98 44 4e 3a af fd c5 3a 00 81 95 40 10 33 00 00 6a 03 00 00 00 00 00 00 00 00 ff 0b 11 00 a0 89 b0 e1 6d 8b d0 40 6b 01 00 00 6a 01 00 00 00
2026-09-18T14:31:32.5165393Z RX 43 4f 5a 03 52 45 01 09 00 00 00 00 04 00 05 5c 00 f0 37 41 00 00 00 00 00 00 00 00 00 00 00 00 7a 3d 00 00 00 00 00 00 00 00 aa 7a 9e 3a 1c c9 4c 3d 00 00 00 00 00 00 00 00 0d 69 cc 3e 45 06 4b be 14 bd 8f 45 10 e6 90 44 c6 33 15 46 00 c1 8b b9 00 ca 4a b7 64 c3 90 ba 00 81 95 40 10 33 00 00 6a 03 00 00 00 00 00 00 00 00 ff
2026-09-18T14:31:32.5219193Z TX 43 4f 5a 03 52 45 01 0b 00 00 00 00 15 00 e3 a5 9b c4 24 97 d0 40 6c 01 00 00 6b 01 00 00 00
2026-09-18T14:31:32.5494593Z RX 43 4f 5a 03 52 45 01 09 00 00 00 00 04 00 0b 11 00 e3 a5 9b c4 24 97 d0 40 6c 01 00 00 6b 01 00 00 00 05 5c 00 f0 55 41 00 00 00 00 00 00 00 00 00 00 00 00 7a 3d 00 00 00 00 00 00 00 00 de 8e 9a 3a 80 23 4c 3d 00 00 00 00 00 00 00 00 0d 69 cc 3e 45 06 4b be 82 2f 8e 45 a7 08 8c 44 3d 33 13 46 00 80 4e b5 81 39 82 3b 61 28 57 39 00 81 95 40 10 33 00 00 6a 03 00 00 00 00 00 00 00 00 ff
2026-09-18T14:31:32.5686590Z TX 43 4f 5a 03 52 45 01 0b 00 00 00 00 15 00 ad fa 5c 6d c9 a2 d0 40 6d 01 00 00 6c 01 00 00 00
2026-09-18T14:31:32.5824709Z RX 43 4f 5a 03 52 45 01 09 00 00 00 00 04 00 05 5c 00 f0 73 41 00 00 00 00 00 00 00 00 00 00 00 00 7a 3d 00 00 00 00 00 00 00 00 2d 34 99 3a 00 7f 46 3d 00 00 00 00 00 00 00 00 0d 69 cc 3e 45 06 4b be 98 c5 8b 45 ba 39 7c 44 ad a1 14 46 80 8e 0a 3a 30 db be 3b 8d 9d 17 ba 00 81 95 40 10 33 00 00 6a 03 00 00 00 00 00 00 00 00 ff 0b 11 00 ad fa 5c 6d c9 a2 d0 40 6d 01 00 00 6c 01 00 00 00
2026-09-18T14:31:32.6154015Z TX 43 4f 5a 03 52 45 01 0b 00 00 00 00 15 00 16 fb cb ee 7d ae d0 40 6e 01 00 00 6d 01 00 00 00
2026-09-18T14:31:32.6156071Z RX 43 4f 5a 03 52 45 01 09 00 00 00 00 04 00 05 5c 00 f0 91 41 00 00 00 00 00 00 00 00 00 00 00 00 7a 3d 00 00 00 00 00 00 00 00 61 81 94 3a e6 6d 4d 3d 00 00 00 00 00 00 00 00 0d 69 cc 3e 45 06 4b be ab 84 93 45 5f 6f 8b 44 1d 10 16 46 80 6c 0c ba ab 1d 26 bc d2 8a b2 ba 00 81 95 40 10 33 00 00 6a 03 00 00 00 00 00 00 00 00 ff
2026-09-18T14:31:32.6498457Z RX 43 4f 5a 03 52 45 01 09 00 00 00 00 04 00 0b 11 00 16 fb cb ee 7d ae d0 40 6e 01 00 00 6d 01 00 00 00 05 5c 00 f0 af 41 00 00 00 00 00 00 00 00 00 00 00 00 7a 3d 00 00 00 00 00 00 00 00 41 32 95 3a 15 a8 4b 3d 00 00 00 00 00 00 00 00 0d 69 cc 3e 45 06 4b be a9 c6 8f 45 37 3b 8d 44 70 74 15 46 38 4d 50 3a 91 18 18 3c 4e 65 e8 3a 00 81 95 40 10 33 00 00 6a 03 00 00 00 00 00 00 00 00 ff
2026-09-18T14:31:32.6625920Z TX 43 4f 5a 03 52 45 01 0b 00 00 00 00 15 00 e5 d0 22 db 4d ba d0 40 6f 01 00 00 6e 01 00 00 00
2026-09-18T14:31:32.6816685Z RX 43 4f 5a 03 52 45 01 09 00 00 00 00 04 00 05 5c 00 f0 cd 41 00 00 00 00 00 00 00 00 00 00 00 00 7a 3d 00 00 00 00 00 00 00 00 7a 3b 99 3a 55 cf 4c 3d 00 00 00 00 00 00 00 00 0d 69 cc 3e 45 06 4b be 52 ea 8e 45 2c cf 8b 44 a8 ca 15 46 b4 c4 d0 3a 2c 7a 2c 3b 26 d5 3e 3a 00 81 95 40 10 33 00 00 6a 03 00 00 00 00 00 00 00 00 ff 0b 11 00 e5 d0 22 db 4d ba d0 40 6f 01 00 00 6e 01 00 00 00
2026-09-18T14:31:32.7089379Z TX 43 4f 5a 03 52 45 01 0b 00 00 00 00 15 00 2d 21 1f f4 e4 c5 d0 40 70 01 00 00 6f 01 00 00 00
2026-09-18T14:31:32.7144711Z RX 43 4f 5a 03 52 45 01 09 00 00 00 00 04 00 05 5c 00 f0 eb 41 00 00 00 00 00 00 00 00 00 00 00 00 7a 3d 00 00 00 00 00 00 00 00 41 27 9c 3a 7b 37 4a 3d 00 00 00 00 00 00 00 00 0d 69 cc 3e 45 06 4b be a6 6b 8f 45 c8 4c 90 44 b9 4b 15 46 b8 41 0b 3b 38 c9 60 3b ee 69 57 39 00 81 95 40 10 33 00 00 6a 03 00 00 00 00 00 00 00 00 ff 0b 11 00 2d 21 1f f4 e4 c5 d0 40 70 01 00 00 6f 01 00 00 00 05 5c 00 f0 09 42 00 00 00 00 00 00 00 00 00 00 00 00 7a 3d 00 00 00 00 00 00 00 00 9b d3 97 3a 4e 66 49 3d 00 00 00 00 00 00 00 00 0d 69 cc 3e 45 06 4b be 94 cd 8e 45 42 a7 8e 44 63 8c 15 46 b4 c4 d0 3a 7c 0a 1b 3b 2c 08 f7 ba 00 81 95 40 10 33 00 00 6a 03 00 00 00 00 00 00 00 00 ff
2026-09-18T14:31:32.7475478Z RX 43 4f 5a 03 52 45 01 09 00 00 00 00 04 00 05 5c 00 f0 27 42 00 00 00 00 00 00 00 00 00 00 00 00 7a 3d 00 00 00 00 00 00 00 00 95 49 96 3a dc 9e 47 3d 00 00 00 00 00 00 00 00 0d 69 cc 3e 45 06 4b be b6 ae 8f 45 bd e0 8e 44 bf 3f 15 46 38 4d 50 3a 38 c9 60 3b 1e 2e 6a b8 00 e3 95 40 10 33 00 00 6a 03 00 00 00 00 00 00 00 00 ff
2026-09-18T14:31:32.7561381Z TX 43 4f 5a 03 52 45 01 0b 00 00 00 00 15 00 4d 15 8c 4a aa d1 d0 40 71 01 00 00 70 01 00 00 00
2026-09-18T14:31:32.7810262Z RX 43 4f 5a 03 52 45 01 09 00 00 00 00 04 00 0b 11 00 4d 15 8c 4a aa d1 d0 40 71 01 00 00 70 01 00 00 00 05 5c 00 f0 45 42 00 00 00 00 00 00 00 00 00 00 00 00 7a 3d 00 00 00 00 00 00 00 00 f0 f5 91 3a b6 13 49 3d 00 00 00 00 00 00 00 00 0d 69 cc 3e 45 06 4b be 20 29 91 45 96 8b 92 44 1e 4e 15 46 b8 41 0b 3b 20 b8 87 3a 24 4c 90 ba 00 81 95 40 10 33 00 00 6a 03 00 00 00 00 00 00 00 00 ff
2026-09-18T14:31:32.8024950Z TX 43 4f 5a 03 52 45 01 0b 00 00 00 00 15 00 1e a7 e8 48 3e dd d0 40 72 01 00 00 71 01 00 00 00
2026-09-18T14:31:32.8142009Z RX 43 4f 5a 03 52 45 01 09 00 00 00 00 04 00 0b 11 00 1e a7 e8 48 3e dd d0 40 72 01 00 00 71 01 00 00 00 05 5c 00 f0 63 42 00 00 00 00 00 00 00 00 00 00 00 00 7a 3d 00 00 00 00 00 00 00 00 b0 94 93 3a 84 46 49 3d 00 00 00 00 00 00 00 00 0d 69 cc 3e 45 06 4b be 1c ef 8e 45 0e 28 8d 44 3a 79 15 46 b4 c4 d0 3a aa b3 a4 3b ee 69 57 39 00 81 95 40 10 33 00 00 6a 03 00 00 00 00 00 00 00 00 ff
2026-09-18T14:31:32.8469303Z RX 43 4f 5a 03 52 45 01 09 00 00 00 00 04 00 05 5c 00 f0 81 42 00 00 00 00 00 00 00 00 00 00 00 00 7a 3d 00 00 00 00 00 00 00 00 5d 4c 91 3a 0b 70 49 3d 00 00 00 00 00 00 00 00 0d 69 cc 3e 45 06 4b be 66 e3 8f 45 23 21 8e 44 1e 4e 15 46 80 8e 0a 3a 28 08 13 ba 24 4c 90 ba 00 e3 95 40 10 33 00 00 6a 03 00 00 00 00 00 00 00 00 ff
2026-09-18T14:31:32.8491833Z TX 43 4f 5a 03 52 45 01 0b 00 00 00 00 15 00 fb cb ee c9 e7 e8 d0 40 73 01 00 00 72 01 00 00 00
2026-09-18T14:31:32.8798824Z RX 43 4f 5a 03 52 45 01 09 00 00 00 00 04 00 0b 11 00 fb cb ee c9 e7 e8 d0 40 73 01 00 00 72 01 00 00 00 05 5c 00 f0 9f 42 00 00 00 00 00 00 00 00 00 00 00 00 7a 3d 00 00 00 00 00 00 00 00 e9 91 8d 3a e6 df 4a 3d 00 00 00 00 00 00 00 00 0d 69 cc 3e 45 06 4b be 34 43 90 45 74 68 8c 44 9a c5 14 46 08 0f 50 3a 40 22 04 3a e9 b4 5b ba 00 e3 95 40 10 33 00 00 6a 03 00 00 00 00 00 00 00 00 ff
2026-09-18T14:31:32.8969660Z TX 43 4f 5a 03 52 45 01 0b 00 00 00 00 15 00 bf 7d 1d 38 e3 f4 d0 40 74 01 00 00 73 01 00 00 00
2026-09-18T14:31:32.9127949Z RX 43 4f 5a 03 52 45 01 09 00 00 00 00 04 00 05 5c 00 f0 bd 42 00 00 00 00 00 00 00 00 00 00 00 00 7a 3d 00 00 00 00 00 00 00 00 a8 c8 8c 3a 88 73 49 3d 00 00 00 00 00 00 00 00 0d 69 cc 3e 45 06 4b be ca c8 8e 45 8b 1f 91 44 75 2a 16 46 98 5b ad 3a 6f 53 c7 3b 49 60 3f 3a 00 81 95 40 10 33 00 00 6a 03 00 00 00 00 00 00 00 00 ff 0b 11 00 bf 7d 1d 38 e3 f4 d0 40 74 01 00 00 73 01 00 00 00
2026-09-18T14:31:32.9427324Z TX 43 4f 5a 03 52 45 01 0b 00 00 00 00 15 00 3b df 4f 8d 4b 00 d1 40 75 01 00 00 74 01 00 00 00
2026-09-18T14:31:32.9457780Z RX 43 4f 5a 03 52 45 01 09 00 00 00 00 04 00 05 5c 00 f0 db 42 00 00 00 00 00 00 00 00 00 00 00 00 7a 3d 00 00 00 00 00 00 00 00 96 f7 8e 3a b5 c2 46 3d 00 00 00 00 00 00 00 00 0d 69 cc 3e 45 06 4b be 87 e5 8e 45 9f 39 90 44 4a bc 15 46 00 e4 90 b9 90 78 a7 3a fe f7 f4 39 00 e3 95 40 10 33 00 00 6a 03 00 00 00 00 00 00 00 00 ff 0b 11 00 3b df 4f 8d 4b 00 d1 40 75 01 00 00 74 01 00 00 00
2026-09-18T14:31:32.9788953Z RX 43 4f 5a 03 52 45 01 09 00 00 00 00 04 00 05 5c 00 f0 f9 42 00 00 00 00 00 00 00 00 00 00 00 00 7a 3d 00 00 00 00 00 00 00 00 cd ba 8e 3a 51 4a 47 3d 00 00 00 00 00 00 00 00 0d 69 cc 3e 45 06 4b be 7c dc 90 45 75 47 8e 44 79 c3 15 46 00 94 11 b7 b4 fe 91 ba 63 34 90 ba 00 81 95 40 10 33 00 00 6a 03 00 00 00 00 00 00 00 00 ff
2026-09-18T14:31:32.9891328Z TX 43 4f 5a 03 52 45 01 0b 00 00 00 00 15 00 f5 db d7 81 e3 0b d1 40 76 01 00 00 75 01 00 00 00
2026-09-18T14:31:33.0122772Z RX 43 4f 5a 03 52 45 01 09 00 00 00 00 04 00 05 5c 00 f0 17 43 00 00 00 00 00 00 00 00 00 00 00 00 7a 3d 00 00 00 00 00 00 00 00 38 4c 89 3a 3a cd 48 3d 00 00 00 00 00 00 00 00 0d 69 cc 3e 45 06 4b be 8e 7a 91 45 22 42 8c 44 02 23 15 46 80 fa 08 3a 80 c2 51 b8 3c b4 8f ba 00 e3 95 40 10 33 00 00 6a 03 00 00 00 00 00 00 00 00 ff 0b 11 00 f5 db d7 81 e3 0b d1 40 76 01 00 00 75 01 00 00 00
2026-09-18T14:31:33.0351502Z TX 43 4f 5a 03 52 45 01 0b 00 00 00 00 15 00 12 83 c0 ca 65 17 d1 40 77 01 00 00 76 01 00 00 00
2026-09-18T14:31:33.0447745Z RX 43 4f 5a 03 52 45 01 09 00 00 00 00 04 00 05 5c 00 f0 35 43 00 00 00 00 00 00 00 00 00 00 00 00 7a 3d 00 00 00 00 00 00 00 00 71 cf 84 3a 34 1f 4a 3d 00 00 00 00 00 00 00 00 0d 69 cc 3e 45 06 4b be 83 0e 90 45 60 4e 8d 44 60 31 15 46 80 ea 08 3a b4 80 ed 3a 84 39 a2 b9 00 e3 95 40 10 33 00 00 6a 03 00 00 00 00 00 00 00 00 ff 0b 11 00 12 83 c0 ca 65 17 d1 40 77 01 00 00 76 01 00 00 00 05 5c 00 f0 53 43 00 00 00 00 00 00 00 00 00 00 00 00 7a 3d 00 00 00 00 00 00 00 00 30 64 87 3a 7e b9 49 3d 00 00 00 00 00 00 00 00 0d 69 cc 3e 45 06 4b be 38 1a 8f 45 6b ba 8e 44 18 5a 15 46 b4 51 f2 3a 7a 57 4d 3b e4 ac a4 3a 00 81 95 40 10 33 00 00 6a 03 00 00 00 00 00 00 00 00 ff
2026-09-18T14:31:33.0781878Z RX 43 4f 5a 03 52 45 01 09 00 00 00 00 04 00 05 5c 00 f0 71 43 00 00 00 00 00 00 00 00 00 00 00 00 7a 3d 00 00 00 00 00 00 00 00 10 6b 8e 3a 36 09 48 3d 00 00 00 00 00 00 00 00 0d 69 cc 3e 45 06 4b be 94 cd 8e 45 63 eb 92 44 07 d9 15 46 90 79 0f ba 04 16 07 3b e4 45 c6 3a 00 e3 95 40 10 33 00 00 6a 03 00 00 00 00 00 00 00 00 ff
2026-09-18T14:31:33.0820726Z TX 43 4f 5a 03 52 45 01 0b 00 00 00 00 15 00 fd 87 f4 db 1f 23 d1 40 78 01 00 00 77 01 00 00 00
2026-09-18T14:31:33.1107615Z RX 43 4f 5a 03 52 45 01 09 00 00 00 00 04 00 0b 11 00 fd 87 f4 db 1f 23 d1 40 78 01 00 00 77 01 00 00 00 05 5c 00 f0 8f 43 00 00 00 00 00 00 00 00 00 00 00 00 7a 3d 00 00 00 00 00 00 00 00 3f cf 8d 3a 31 6c 47 3d 00 00 00 00 00 00 00 00 0d 69 cc 3e 45 06 4b be 5a fb 8f 45 dc 66 8f 44 56 a4 15 46 d0 5b 0f ba c0 c9 32 bb a6 bf 5b ba 00 81 95 40 10 33 00 00 6a 03 00 00 00 00 00 00 00 00 ff
2026-09-18T14:31:33.1279751Z TX 43 4f 5a 03 52 45 01 0b 00 00 00 00 15 00 48 e1 7a 14 9a 2e d1 40 79 01 00 00 78 01 00 00 00
2026-09-18T14:31:33.1438390Z RX 43 4f 5a 03 52 45 01 09 00 00 00 00 04 00 0b 11 00 48 e1 7a 14 9a 2e d1 40 79 01 00 00 78 01 00 00 00 05 0a 00 f3 bc bc 58 de 02 00 00 00 43 05 5c 00 f0 ad 43 00 00 00 00 00 00 00 00 00 00 00 00 7a 3d 00 00 00 00 00 00 00 00 7c 05 8d 3a ac 0d 49 3d 00 00 00 00 00 00 00 00 0d 69 cc 3e 45 06 4b be 9f 39 90 45 4c 34 8e 44 d9 0f 15 46 a0 04 8d ba 64 4f 0f bb 40 6c 59 39 00 81 95 40 10 33 00 00 6a 03 00 00 00 00 00 00 00 00 ff
2026-09-18T14:31:33.1741856Z TX 43 4f 5a 03 52 45 01 0b 00 00 00 00 15 00 76 71 1b 0d 28 3a d1 40 7a 01 00 00 79 01 00 00 00
2026-09-18T14:31:33.1772500Z RX 43 4f 5a 03 52 45 01 09 00 00 00 00 04 00 05 0a 00 f3 8b 63 6c 11 01 00 00 00 2c 05 5c 00 f0 cb 43 00 00 00 00 00 00 00 00 00 00 00 00 7a 3d 00 00 00 00 00 00 00 00 af 93 8f 3a 22 69 4a 3d 00 00 00 00 00 00 00 00 0d 69 cc 3e 45 06 4b be 0a 30 90 45 7e f5 8b 44 f5 3a 15 46 20 d8 89 3a 60 c6 a8 b9 47 ad 81 3a 00 81 95 40 10 33 00 00 6a 03 00 00 00 00 00 00 00 00 ff 0b 11 00 76 71 1b 0d 28 3a d1 40 7a 01 00 00 79 01 00 00 00
2026-09-18T14:31:33.2099092Z RX 43 4f 5a 03 52 45 01 09 00 00 00 00 04 00 05 5c 00 f0 e9 43 00 00 00 00 00 00 00 00 00 00 00 00 7a 3d 00 00 00 00 00 00 00 00 32 fa 91 3a ac 5b 4a 3d 00 00 00 00 00 00 00 00 0d 69 cc 3e 45 06 4b be 61 2d 8f 45 94 cd 8e 44 04 7e 15 46 c0 39 84 39 58 aa ec 3a 24 c5 55 39 00 81 95 40 10 33 00 00 6a 03 00 00 00 00 00 00 00 00 ff
2026-09-18T14:31:33.2203460Z TX 43 4f 5a 03 52 45 01 0b 00 00 00 00 15 00 8e 75 71 1b b1 45 d1 40 7b 01 00 00 7a 01 00 00 00
2026-09-18T14:31:33.2433107Z RX 43 4f 5a 03 52 45 01 09 00 00 00 00 04 00 0b 11 00 8e 75 71 1b b1 45 d1 40 7b 01 00 00 7a 01 00 00 00 05 5c 00 f0 07 44 00 00 00 00 00 00 00 00 00 00 00 00 7a 3d 00 00 00 00 00 00 00 00 cf 96 93 3a 74 b9 48 3d 00 00 00 00 00 00 00 00 0d 69 cc 3e 45 06 4b be 97 28 8f 45 43 86 90 44 79 c3 15 46 a0 9e 83 39 80 d2 7f b8 56 45 f3 39 00 81 95 40 10 33 00 00 6a 03 00 00 00 00 00 00 00 00 ff
2026-09-18T14:31:33.2671050Z TX 43 4f 5a 03 52 45 01 0b 00 00 00 00 15 00 c5 8f 31 77 59 51 d1 40 7c 01 00 00 7b 01 00 00 00
2026-09-18T14:31:33.2757660Z RX 43 4f 5a 03 52 45 01 09 00 00 00 00 04 00 05 5c 00 f0 25 44 00 00 00 00 00 00 00 00 00 00 00 00 7a 3d 00 00 00 00 00 00 00 00 b4 d2 94 3a a4 b2 48 3d 00 00 00 00 00 00 00 00 0d 69 cc 3e 45 06 4b be 05 7a 8f 45 8a 40 8f 44 0b 72 15 46 a0 31 55 ba 5c 12 b6 ba ca c3 90 ba 00 e3 95 40 10 33 00 00 6a 03 00 00 00 00 00 00 00 00 ff 0b 11 00 c5 8f 31 77 59 51 d1 40 7c 01 00 00 7b 01 00 00 00
2026-09-18T14:31:33.3092472Z RX 43 4f 5a 03 52 45 01 09 00 00 00 00 04 00 05 5c 00 f0 43 44 00 00 00 00 00 00 00 00 00 00 00 00 7a 3d 00 00 00 00 00 00 00 00 53 6a 91 3a 5c c7 49 3d 00 00 00 00 00 00 00 00 0d 69 cc 3e 45 06 4b be bb 64 90 45 37 3b 8d 44 89 44 15 46 20 ec 91 b9 c6 6b 20 bb 4a 69 5c ba 00 81 95 40 10 33 00 00 6a 03 00 00 00 00 00 00 00 00 ff 05 0a 00 f3 ec 8e 1a 24 02 00 00 00 4b
2026-09-18T14:31:33.3140470Z TX 43 4f 5a 03 52 45 01 0b 00 00 00 00 15 00 f0 85 c9 54 1d 5d d1 40 7d 01 00 00 7c 01 00 00 00
2026-09-18T14:31:33.3419718Z RX 43 4f 5a 03 52 45 01 09 00 00 00 00 04 00 05 5c 00 f0 61 44 00 00 00 00 00 00 00 00 00 00 00 00 7a 3d 00 00 00 00 00 00 00 00 01 93 8e 3a a9 15 4a 3d 00 00 00 00 00 00 00 00 0d 69 cc 3e 45 06 4b be d9 0b 8f 45 2d ae 8d 44 50 b0 15 46 00 a0 3d b7 c0 55 fd 39 10 e3 5b ba 00 81 95 40 10 33 00 00 6a 03 00 00 00 00 00 00 00 00 ff 0b 11 00 f0 85 c9 54 1d 5d d1 40 7d 01 00 00 7c 01 00 00 00 05 5c 00 f0 7f 44 00 00 00 00 00 00 00 00 00 00 00 00 7a 3d 00 00 00 00 00 00 00 00 49 2f 8b 3a 98 9b 49 3d 00 00 00 00 00 00 00 00 0d 69 cc 3e 45 06 4b be 1e 4a 8f 45 a9 c6 8f 44 a6 6f 15 46 80 4d 85 39 a0 08 62 39 07 91 a4 b9 00 81 95 40 10 33 00 00 6a 03 00 00 00 00 00 00 00 00 ff
2026-09-18T14:31:33.3604563Z TX 43 4f 5a 03 52 45 01 0b 00 00 00 00 15 00 2f dd 24 06 b9 68 d1 40 7e 01 00 00 7d 01 00 00 00
2026-09-18T14:31:33.3750208Z RX 43 4f 5a 03 52 45 01 09 00 00 00 00 04 00 0b 11 00 2f dd 24 06 b9 68 d1 40 7e 01 00 00 7d 01 00 00 00 05 5c 00 f0 9d 44 00 00 00 00 00 00 00 00 00 00 00 00 7a 3d 00 00 00 00 00 00 00 00 d3 0b 8f 3a 63 7d 49 3d 00 00 00 00 00 00 00 00 0d 69 cc 3e 45 06 4b be a9 c6 8f 45 37 3b 8d 44 34 85 15 46 90 0e 08 3a 68 68 18 ba 70 37 c6 3a 00 81 95 40 10 33 00 00 6a 03 00 00 00 00 00 00 00 00 ff
2026-09-18T14:31:33.4070612Z TX 43 4f 5a 03 52 45 01 0b 00 00 00 00 15 00 36 cd 3b 4e 5d 74 d1 40 7f 01 00 00 7e 01 00 00 00
2026-09-18T14:31:33.4077543Z RX 43 4f 5a 03 52 45 01 09 00 00 00 00 04 00 05 5c 00 f0 bb 44 00 00 00 00 00 00 00 00 00 00 00 00 7a 3d 00 00 00 00 00 00 00 00 6f e4 92 3a 8f 06 49 3d 00 00 00 00 00 00 00 00 0d 69 cc 3e 45 06 4b be c8 4c 90 45 d0 1b 8c 44 cf 82 15 46 00 a0 73 b7 18 ae b4 ba 02 1b 55 39 00 e3 95 40 10 33 00 00 6a 03 00 00 00 00 00 00 00 00 ff
2026-09-18T14:31:33.4409106Z RX 43 4f 5a 03 52 45 01 09 00 00 00 00 04 00 0b 11 00 36 cd 3b 4e 5d 74 d1 40 7f 01 00 00 7e 01 00 00 00 05 5c 00 f0 d9 44 00 00 00 00 00 00 00 00 00 00 00 00 7a 3d 00 00 00 00 00 00 00 00 c2 1d 8f 3a 8c a1 49 3d 00 00 00 00 00 00 00 00 0d 69 cc 3e 45 06 4b be 9c de 8f 45 0f 07 8f 44 a6 6f 15 46 f0 ba 07 3a 80 0c 36 b8 eb 3c 90 ba 00 e3 95 40 10 33 00 00 6a 03 00 00 00 00 00 00 00 00 ff
2026-09-18T14:31:33.4518909Z TX 43 4f 5a 03 52 45 01 0b 00 00 00 00 15 00 e7 1d a7 e8 a0 7f d1 40 80 01 00 00 7f 01 00 00 00
2026-09-18T14:31:33.4742719Z RX 43 4f 5a 03 52 45 01 09 00 00 00 00 04 00 0b 11 00 e7 1d a7 e8 a0 7f d1 40 80 01 00 00 7f 01 00 00 00 05 5c 00 f0 f7 44 00 00 00 00 00 00 00 00 00 00 00 00 7a 3d 00 00 00 00 00 00 00 00 9e c4 8d 3a 07 a1 49 3d 00 00 00 00 00 00 00 00 0d 69 cc 3e 45 06 4b be 76 26 90 45 7f d4 8d 44 83 50 15 46 00 76 86 b7 80 2d ff 39 fe 6b f5 39 00 81 95 40 10 33 00 00 6a 03 00 00 00 00 00 00 00 00 ff
2026-09-18T14:31:33.4994318Z TX 43 4f 5a 03 52 45 01 0b 00 00 00 00 15 00 74 b5 15 fb 77 8b d1 40 81 01 00 00 80 01 00 00 00
2026-09-18T14:31:33.5094624Z RX 43 4f 5a 03 52 45 01 09 00 00 00 00 04 00 05 5c 00 f0 15 45 00 00 00 00 00 00 00 00 00 00 00 00 7a 3d 00 00 00 00 00 00 00 00 40 05 8f 3a a7 d6 49 3d 00 00 00 00 00 00 00 00 0d 69 cc 3e 45 06 4b be 27 5b 90 45 9e 5a 8e 44 c8 8e 15 46 00 50 7a b7 20 d9 65 39 e8 f5 f4 39 00 e3 95 40 10 33 00 00 6a 03 00 00 00 00 00 00 00 00 ff 0b 11 00 74 b5 15 fb 77 8b d1 40 81 01 00 00 80 01 00 00 00
2026-09-18T14:31:33.5402548Z RX 43 4f 5a 03 52 45 01 09 00 00 00 00 04 00 05 5c 00 f0 33 45 00 00 00 00 00 00 00 00 00 00 00 00 7a 3d 00 00 00 00 00 00 00 00 05 fb 91 3a 56 7b 49 3d 00 00 00 00 00 00 00 00 0d 69 cc 3e 45 06 4b be b3 53 8f 45 c8 4c 90 44 44 06 15 46 a0 80 93 b9 c0 da a3 b9 a6 de f3 39 00 e3 95 40 10 33 00 00 6a 03 00 00 00 00 00 00 00 00 ff
2026-09-18T14:31:33.5454850Z TX 43 4f 5a 03 52 45 01 0b 00 00 00 00 15 00 92 5c fe 43 f6 96 d1 40 82 01 00 00 81 01 00 00 00
2026-09-18T14:31:33.5733030Z RX 43 4f 5a 03 52 45 01 09 00 00 00 00 04 00 0b 11 00 92 5c fe 43 f6 96 d1 40 82 01 00 00 81 01 00 00 00 05 5c 00 f0 51 45 00 00 00 00 00 00 00 00 00 00 00 00 7a 3d 00 00 00 00 00 00 00 00 8e 2d 91 3a 1b 83 49 3d 00 00 00 00 00 00 00 00 0d 69 cc 3e 45 06 4b be f6 36 8f 45 db 87 8d 44 24 42 15 46 b0 90 07 3a b8 a2 17 ba a4 54 6e b8 00 81 95 40 10 33 00 00 6a 03 00 00 00 00 00 00 00 00 ff
2026-09-18T14:31:33.5919251Z TX 43 4f 5a 03 52 45 01 0b 00 00 00 00 15 00 1a 51 da 1b 94 a2 d1 40 83 01 00 00 82 01 00 00 00
2026-09-18T14:31:33.6059597Z RX 43 4f 5a 03 52 45 01 09 00 00 00 00 04 00 05 5c 00 f0 6f 45 00 00 00 00 00 00 00 00 00 00 00 00 7a 3d 00 00 00 00 00 00 00 00 92 59 93 3a 84 76 49 3d 00 00 00 00 00 00 00 00 0d 69 cc 3e 45 06 4b be 14 bd 8f 45 bd e0 8e 44 bf 3f 15 46 00 94 0f ba 70 df a2 b9 d6 54 81 3a 00 81 95 40 10 33 00 00 6a 03 00 00 00 00 00 00 00 00 ff 0b 11 00 1a 51 da 1b 94 a2 d1 40 83 01 00 00 82 01 00 00 00
2026-09-18T14:31:33.6366961Z TX 43 4f 5a 03 52 45 01 0b 00 00 00 00 15 00 2c 65 19 e2 cc ad d1 40 84 01 00 00 83 01 00 00 00
2026-09-18T14:31:33.6385140Z RX 43 4f 5a 03 52 45 01 09 00 00 00 00 04 00 05 5c 00 f0 8d 45 00 00 00 00 00 00 00 00 00 00 00 00 7a 3d 00 00 00 00 00 00 00 00 02 7c 98 3a 08 6b 49 3d 00 00 00 00 00 00 00 00 0d 69 cc 3e 45 06 4b be 05 7a 8f 45 0f 07 8f 44 5a 3d 15 46 00 f7 83 39 c0 14 a3 b9 7c 1a a3 3a 00 81 95 40 10 33 00 00 6a 03 00 00 00 00 00 00 00 00 ff 0b 11 00 2c 65 19 e2 cc ad d1 40 84 01 00 00 83 01 00 00 00
2026-09-18T14:31:33.6724356Z RX 43 4f 5a 03 52 45 01 09 00 00 00 00 04 00 05 5c 00 f0 ab 45 00 00 00 00 00 00 00 00 00 00 00 00 7a 3d 00 00 00 00 00 00 00 00 6b 8f 9b 3a 9e 2a 49 3d 00 00 00 00 00 00 00 00 0d 69 cc 3e 45 06 4b be b3 53 8f 45 e7 d2 90 44 c2 9a 15 46 60 25 07 3a e8 12 91 ba b3 57 f0 39 00 81 95 40 10 33 00 00 6a 03 00 00 00 00 00 00 00 00 ff 05 5c 00 f0 c9 45 00 00 00 00 00 00 00 00 00 00 00 00 7a 3d 00 00 00 00 00 00 00 00 10 54 9d 3a 14 1c 49 3d 00 00 00 00 00 00 00 00 0d 69 cc 3e 45 06 4b be 21 a5 8f 45 75 47 8e 44 11 66 15 46 b8 c3 4c 3a 20 81 a0 b9 8e 6c 4d 39 00 b6 93 40 10 33 00 00 6a 03 00 00 00 00 00 00 00 00 ff
2026-09-18T14:31:33.6831407Z TX 43 4f 5a 03 52 45 01 0b 00 00 00 00 15 00 ba da 8a fd 65 b9 d1 40 85 01 00 00 84 01 00 00 00
2026-09-18T14:31:33.7052292Z RX 43 4f 5a 03 52 45 01 09 00 00 00 00 04 00 0b 11 00 ba da 8a fd 65 b9 d1 40 85 01 00 00 84 01 00 00 00 05 5c 00 f0 e7 45 00 00 00 00 00 00 00 00 00 00 00 00 7a 3d 00 00 00 00 00 00 00 00 d9 1e 9c 3a b7 67 48 3d 00 00 00 00 00 00 00 00 0d 69 cc 3e 45 06 4b be c5 f1 8f 45 fa 0d 8e 44 2d 91 15 46 c0 67 06 3a d8 4a 5b ba 2e 61 5e ba 00 81 95 40 10 33 00 00 6a 03 00 00 00 00 00 00 00 00 ff
2026-09-18T14:31:33.7294786Z TX 43 4f 5a 03 52 45 01 0b 00 00 00 00 15 00 6f 81 04 c5 ff c4 d1 40 86 01 00 00 85 01 00 00 00
2026-09-18T14:31:33.7378113Z RX 43 4f 5a 03 52 45 01 09 00 00 00 00 04 00 05 5c 00 f0 05 46 00 00 00 00 00 00 00 00 00 00 00 00 7a 3d 00 00 00 00 00 00 00 00 9a 51 98 3a 2e 08 49 3d 00 00 00 00 00 00 00 00 0d 69 cc 3e 45 06 4b be 40 2b 90 45 69 fc 8a 44 6a 80 15 46 00 ae a6 b7 b0 91 9e b9 9a 15 91 ba 00 81 95 40 10 33 00 00 6a 03 00 00 00 00 00 00 00 00 ff 0b 11 00 6f 81 04 c5 ff c4 d1 40 86 01 00 00 85 01 00 00 00
2026-09-18T14:31:33.7716203Z RX 43 4f 5a 03 52 45 01 09 00 00 00 00 04 00 05 5c 00 f0 23 46 00 00 00 00 00 00 00 00 00 00 00 00 7a 3d 00 00 00 00 00 00 00 00 d1 3a 93 3a 4b 33 49 3d 00 00 00 00 00 00 00 00 0d 69 cc 3e 45 06 4b be 14 bd 8f 45 2e 8d 8f 44 4d 55 15 46 e0 a5 10 ba ee 56 1a 3b 61 40 18 ba 00 e3 95 40 10 33 00 00 6a 03 00 00 00 00 00 00 00 00 ff
2026-09-18T14:31:33.7763114Z TX 43 4f 5a 03 52 45 01 0b 00 00 00 00 15 00 2f dd 24 06 b5 d0 d1 40 87 01 00 00 86 01 00 00 00
2026-09-18T14:31:33.8037349Z RX 43 4f 5a 03 52 45 01 09 00 00 00 00 04 00 0b 11 00 2f dd 24 06 b5 d0 d1 40 87 01 00 00 86 01 00 00 00 05 5c 00 f0 41 46 00 00 00 00 00 00 00 00 00 00 00 00 7a 3d 00 00 00 00 00 00 00 00 c3 4f 91 3a 4d a5 48 3d 00 00 00 00 00 00 00 00 0d 69 cc 3e 45 06 4b be f6 36 8f 45 9d 7b 8c 44 43 c8 15 46 80 2c 94 b9 c0 48 68 39 96 1f f4 39 00 e3 95 40 10 33 00 00 6a 03 00 00 00 00 00 00 00 00 ff
2026-09-18T14:31:33.8222742Z TX 43 4f 5a 03 52 45 01 0b 00 00 00 00 15 00 8d 97 6e 12 37 dc d1 40 88 01 00 00 87 01 00 00 00
2026-09-18T14:31:33.8369644Z RX 43 4f 5a 03 52 45 01 09 00 00 00 00 04 00 05 5c 00 f0 5f 46 00 00 00 00 00 00 00 00 00 00 00 00 7a 3d 00 00 00 00 00 00 00 00 c1 b5 95 3a bc 19 48 3d 00 00 00 00 00 00 00 00 0d 69 cc 3e 45 06 4b be f8 91 8f 45 c7 6d 8e 44 70 74 15 46 70 20 07 3a 80 91 3d b8 ef 80 f2 39 00 e3 95 40 10 33 00 00 6a 03 00 00 00 00 00 00 00 00 ff 0b 11 00 8d 97 6e 12 37 dc d1 40 88 01 00 00 87 01 00 00 00
2026-09-18T14:31:33.8685576Z TX 43 4f 5a 03 52 45 01 0b 00 00 00 00 15 00 0b 46 25 75 c6 e7 d1 40 89 01 00 00 88 01 00 00 00
2026-09-18T14:31:33.8696524Z RX 43 4f 5a 03 52 45 01 09 00 00 00 00 04 00 05 5c 00 f0 7d 46 00 00 00 00 00 00 00 00 00 00 00 00 7a 3d 00 00 00 00 00 00 00 00 b7 61 94 3a 46 29 48 3d 00 00 00 00 00 00 00 00 0d 69 cc 3e 45 06 4b be a6 6b 8f 45 f0 80 8e 44 b9 4b 15 46 d8 6d 4c 3a d0 ea a2 b9 44 76 18 ba 00 e3 95 40 10 33 00 00 6a 03 00 00 00 00 00 00 00 00 ff 0b 11 00 0b 46 25 75 c6 e7 d1 40 89 01 00 00 88 01 00 00 00
2026-09-18T14:31:33.9031897Z RX 43 4f 5a 03 52 45 01 09 00 00 00 00 04 00 05 5c 00 f0 9b 46 00 00 00 00 00 00 00 00 00 00 00 00 7a 3d 00 00 00 00 00 00 00 00 66 37 98 3a ee 50 48 3d 00 00 00 00 00 00 00 00 0d 69 cc 3e 45 06 4b be e9 4e 8f 45 89 61 8d 44 f5 3a 15 46 00 63 10 ba 3c 6b a8 3a 9a 9e e7 3a 00 e3 95 40 10 33 00 00 6a 03 00 00 00 00 00 00 00 00 ff
2026-09-18T14:31:33.9142532Z TX 43 4f 5a 03 52 45 01 0b 00 00 00 00 15 00 fd f6 75 e0 38 f3 d1 40 8a 01 00 00 89 01 00 00 00
2026-09-18T14:31:33.9358938Z RX 43 4f 5a 03 52 45 01 09 00 00 00 00 04 00 05 5c 00 f0 b9 46 00 00 00 00 00 00 00 00 00 00 00 00 7a 3d 00 00 00 00 00 00 00 00 72 55 9d 3a 7e 0e 48 3d 00 00 00 00 00 00 00 00 0d 69 cc 3e 45 06 4b be 24 00 90 45 b3 53 8f 44 40 6d 15 46 00 d6 94 b9 40 77 fd 39 d4 3d ab b9 00 81 95 40 10 33 00 00 6a 03 00 00 00 00 00 00 00 00 ff 0b 11 00 fd f6 75 e0 38 f3 d1 40 8a 01 00 00 89 01 00 00 00
2026-09-18T14:31:33.9596752Z TX 43 4f 5a 03 52 45 01 0b 00 00 00 00 15 00 ac ad d8 5f 8a fe d1 40 8b 01 00 00 8a 01 00 00 00
2026-09-18T14:31:33.9691431Z RX 43 4f 5a 03 52 45 01 09 00 00 00 00 04 00 05 5c 00 f0 d7 46 00 00 00 00 00 00 00 00 00 00 00 00 7a 3d 00 00 00 00 00 00 00 00 79 a4 9a 3a a9 af 47 3d 00 00 00 00 00 00 00 00 0d 69 cc 3e 45 06 4b be 0f 07 8f 45 94 cd 8e 44 cc 27 15 46 00 80 85 b7 50 35 18 ba 09 14 85 b8 00 e3 95 40 10 33 00 00 6a 03 00 00 00 00 00 00 00 00 ff 0b 11 00 ac ad d8 5f 8a fe d1 40 8b 01 00 00 8a 01 00 00 00 05 5c 00 f0 f5 46 00 00 00 00 00 00 00 00 00 00 00 00 7a 3d 00 00 00 00 00 00 00 00 73 28 9d 3a 42 9a 47 3d 00 00 00 00 00 00 00 00 0d 69 cc 3e 45 06 4b be d2 d9 8f 45 dc 66 8f 44 6a 80 15 46 70 04 07 3a 00 8b 17 ba 7e eb c4 3a 00 81 95 40 10 33 00 00 6a 03 00 00 00 00 00 00 00 00 ff
2026-09-18T14:31:34.0020105Z RX 43 4f 5a 03 52 45 01 09 00 00 00 00 04 00 05 5c 00 f0 13 47 00 00 00 00 00 00 00 00 00 00 00 00 7a 3d 00 00 00 00 00 00 00 00 ab 08 a0 3a 40 bc 47 3d 00 00 00 00 00 00 00 00 0d 69 cc 3e 45 06 4b be c2 96 8f 45 6b ba 8e 44 40 6d 15 46 00 c2 94 b9 60 de 5c ba 4f 2a 80 3a 00 e3 95 40 10 33 00 00 6a 03 00 00 00 00 00 00 00 00 ff
2026-09-18T14:31:34.0060467Z TX 43 4f 5a 03 52 45 01 0b 00 00 00 00 15 00 4f 40 13 61 27 0a d2 40 8c 01 00 00 8b 01 00 00 00
2026-09-18T14:31:34.0348326Z RX 43 4f 5a 03 52 45 01 09 00 00 00 00 04 00 0b 11 00 4f 40 13 61 27 0a d2 40 8c 01 00 00 8b 01 00 00 00 05 5c 00 f0 31 47 00 00 00 00 00 00 00 00 00 00 00 00 7a 3d 00 00 00 00 00 00 00 00 5d d4 a3 3a 7c 93 47 3d 00 00 00 00 00 00 00 00 0d 69 cc 3e 45 06 4b be 94 cd 8e 45 56 c1 8d 44 0b 72 15 46 50 ba 0f ba 00 e4 32 b8 5a a2 ad b9 00 81 95 40 10 33 00 00 6a 03 00 00 00 00 00 00 00 00 ff
2026-09-18T14:31:34.0518343Z TX 43 4f 5a 03 52 45 01 0b 00 00 00 00 15 00 2a a9 13 d0 9c 15 d2 40 8d 01 00 00 8c 01 00 00 00
2026-09-18T14:31:34.0679317Z RX 43 4f 5a 03 52 45 01 09 00 00 00 00 04 00 0b 11 00 2a a9 13 d0 9c 15 d2 40 8d 01 00 00 8c 01 00 00 00 05 5c 00 f0 4f 47 00 00 00 00 00 00 00 00 00 00 00 00 7a 3d 00 00 00 00 00 00 00 00 7a 72 9f 3a d0 ba 47 3d 00 00 00 00 00 00 00 00 0d 69 cc 3e 45 06 4b be 8d 9b 8f 45 4d 13 90 44 70 74 15 46 f8 0e ac 3a 00 5a 32 b8 df fb b3 ba 00 81 95 40 10 33 00 00 6a 03 00 00 00 00 00 00 00 00 ff
2026-09-18T14:31:34.0994235Z TX 43 4f 5a 03 52 45 01 0b 00 00 00 00 15 00 37 89 41 60 7d 21 d2 40 8e 01 00 00 8d 01 00 00 00
2026-09-18T14:31:34.1009043Z RX 43 4f 5a 03 52 45 01 09 00 00 00 00 04 00 05 5c 00 f0 6d 47 00 00 00 00 00 00 00 00 00 00 00 00 7a 3d 00 00 00 00 00 00 00 00 d8 bc 97 3a b2 17 48 3d 00 00 00 00 00 00 00 00 0d 69 cc 3e 45 06 4b be 83 0e 90 45 fb ec 8f 44 89 44 15 46 00 52 a9 b7 5c df 90 ba ec 45 b3 ba 00 81 95 40 10 33 00 00 6a 03 00 00 00 00 00 00 00 00 ff 0b 11 00 37 89 41 60 7d 21 d2 40 8e 01 00 00 8d 01 00 00 00
2026-09-18T14:31:34.1338444Z RX 43 4f 5a 03 52 45 01 09 00 00 00 00 04 00 05 5c 00 f0 8b 47 00 00 00 00 00 00 00 00 00 00 00 00 7a 3d 00 00 00 00 00 00 00 00 60 e8 91 3a a6 bb 48 3d 00 00 00 00 00 00 00 00 0d 69 cc 3e 45 06 4b be a9 c6 8f 45 7f d4 8d 44 fe 89 15 46 c0 73 10 ba 70 c5 9f b9 10 fb d4 ba 00 81 95 40 10 33 00 00 6a 03 00 00 00 00 00 00 00 00 ff
2026-09-18T14:31:34.1472282Z TX 43 4f 5a 03 52 45 01 0b 00 00 00 00 15 00 1d 5a 64 3b 63 2d d2 40 8f 01 00 00 8e 01 00 00 00
2026-09-18T14:31:34.1669125Z RX 43 4f 5a 03 52 45 01 09 00 00 00 00 04 00 05 5c 00 f0 a9 47 00 00 00 00 00 00 00 00 00 00 00 00 7a 3d 00 00 00 00 00 00 00 00 11 95 8d 3a d8 e7 48 3d 00 00 00 00 00 00 00 00 0d 69 cc 3e 45 06 4b be 9f 39 90 45 37 3b 8d 44 11 66 15 46 00 2e 93 b7 60 40 15 ba 29 3e 3f 3a 00 81 95 40 10 33 00 00 6a 03 00 00 00 00 00 00 00 00 ff 0b 11 00 1d 5a 64 3b 63 2d d2 40 8f 01 00 00 8e 01 00 00 00
2026-09-18T14:31:34.1943090Z TX 43 4f 5a 03 52 45 01 0b 00 00 00 00 15 00 64 3b df 4f 39 39 d2 40 90 01 00 00 8f 01 00 00 00
2026-09-18T14:31:34.1999810Z RX 43 4f 5a 03 52 45 01 09 00 00 00 00 04 00 05 5c 00 f0 c7 47 00 00 00 00 00 00 00 00 00 00 00 00 7a 3d 00 00 00 00 00 00 00 00 44 0f 8f 3a cc 2d 49 3d 00 00 00 00 00 00 00 00 0d 69 cc 3e 45 06 4b be 40 2b 90 45 60 4e 8d 44 a3 14 15 46 20 e0 94 b9 b0 8b 9e b9 ca f9 a5 b9 00 81 95 40 10 33 00 00 6a 03 00 00 00 00 00 00 00 00 ff 0b 11 00 64 3b df 4f 39 39 d2 40 90 01 00 00 8f 01 00 00 00
2026-09-18T14:31:34.2348135Z RX 43 4f 5a 03 52 45 01 09 00 00 00 00 04 00 05 5c 00 f0 e5 47 00 00 00 00 00 00 00 00 00 00 00 00 7a 3d 00 00 00 00 00 00 00 00 52 27 8d 3a 69 06 49 3d 00 00 00 00 00 00 00 00 0d 69 cc 3e 45 06 4b be a6 6b 8f 45 23 21 8e 44 04 7e 15 46 d0 3c 89 3a a8 a1 47 3a 0a 20 17 ba 00 81 95 40 10 33 00 00 6a 03 00 00 00 00 00 00 00 00 ff
2026-09-18T14:31:34.2408064Z TX 43 4f 5a 03 52 45 01 0b 00 00 00 00 15 00 64 cc 5d 4b d0 44 d2 40 91 01 00 00 90 01 00 00 00
2026-09-18T14:31:34.2663184Z RX 43 4f 5a 03 52 45 01 09 00 00 00 00 04 00 05 5c 00 f0 03 48 00 00 00 00 00 00 00 00 00 00 00 00 7a 3d 00 00 00 00 00 00 00 00 0a 36 89 3a d1 d8 48 3d 00 00 00 00 00 00 00 00 0d 69 cc 3e 45 06 4b be d2 d9 8f 45 60 4e 8d 44 a6 6f 15 46 00 49 96 b9 28 34 15 ba f3 65 16 ba 00 81 95 40 10 33 00 00 6a 03 00 00 00 00 00 00 00 00 ff 0b 11 00 64 cc 5d 4b d0 44 d2 40 91 01 00 00 90 01 00 00 00
2026-09-18T14:31:34.2888100Z TX 43 4f 5a 03 52 45 01 0b 00 00 00 00 15 00 91 0f 7a 36 cf 50 d2 40 92 01 00 00 91 01 00 00 00
2026-09-18T14:31:34.2992768Z RX 43 4f 5a 03 52 45 01 09 00 00 00 00 04 00 05 5c 00 f0 21 48 00 00 00 00 00 00 00 00 00 00 00 00 7a 3d 00 00 00 00 00 00 00 00 b3 52 87 3a a9 25 49 3d 00 00 00 00 00 00 00 00 0d 69 cc 3e 45 06 4b be 2e 8d 8f 45 bd e0 8e 44 1e 4e 15 46 00 b2 95 b9 38 f7 14 ba 89 ad 5d 39 00 81 95 40 10 33 00 00 6a 03 00 00 00 00 00 00 00 00 ff 0b 11 00 91 0f 7a 36 cf 50 d2 40 92 01 00 00 91 01 00 00 00 05 5c 00 f0 3f 48 00 00 00 00 00 00 00 00 00 00 00 00 7a 3d 00 00 00 00 00 00 00 00 cb 68 88 3a a8 66 49 3d 00 00 00 00 00 00 00 00 0d 69 cc 3e 45 06 4b be 90 f6 8f 45 c7 6d 8e 44 27 9d 15 46 50 af 88 3a 08 20 5a ba b3 51 54 b8 00 81 95 40 10 33 00 00 6a 03 00 00 00 00 00 00 00 00 ff
2026-09-18T14:31:34.3320305Z RX 43 4f 5a 03 52 45 01 09 00 00 00 00 04 00 05 0a 00 f3 ec 8e 1a 24 02 00 00 00 4a 05 5c 00 f0 5d 48 00 00 00 00 00 00 00 00 00 00 00 00 7a 3d 00 00 00 00 00 00 00 00 34 14 87 3a a0 d8 48 3d 00 00 00 00 00 00 00 00 0d 69 cc 3e 45 06 4b be 8d 9b 8f 45 23 21 8e 44 4d 55 15 46 a8 f1 4a 3a e0 32 75 39 cc 7d 8f ba 00 e3 95 40 10 33 00 00 6a 03 00 00 00 00 00 00 00 00 ff
2026-09-18T14:31:34.3348648Z TX 43 4f 5a 03 52 45 01 0b 00 00 00 00 15 00 91 ed 7c 3f 5d 5c d2 40 93 01 00 00 92 01 00 00 00
2026-09-18T14:31:34.3650809Z RX 43 4f 5a 03 52 45 01 09 00 00 00 00 04 00 0b 11 00 91 ed 7c 3f 5d 5c d2 40 93 01 00 00 92 01 00 00 00 05 5c 00 f0 7b 48 00 00 00 00 00 00 00 00 00 00 00 00 7a 3d 00 00 00 00 00 00 00 00 d8 27 83 3a 34 a8 48 3d 00 00 00 00 00 00 00 00 0d 69 cc 3e 45 06 4b be f6 36 8f 45 76 26 90 44 11 66 15 46 c0 7e 7c 39 80 84 0e b8 c2 47 15 ba 00 e3 95 40 10 33 00 00 6a 03 00 00 00 00 00 00 00 00 ff
2026-09-18T14:31:34.3817630Z TX 43 4f 5a 03 52 45 01 0b 00 00 00 00 15 00 06 12 14 3f 0e 68 d2 40 94 01 00 00 93 01 00 00 00
2026-09-18T14:31:34.3978504Z RX 43 4f 5a 03 52 45 01 09 00 00 00 00 04 00 0b 11 00 06 12 14 3f 0e 68 d2 40 94 01 00 00 93 01 00 00 00 05 5c 00 f0 99 48 00 00 00 00 00 00 00 00 00 00 00 00 7a 3d 00 00 00 00 00 00 00 00 f3 f4 82 3a 3c 2c 48 3d 00 00 00 00 00 00 00 00 0d 69 cc 3e 45 06 4b be 4d 13 90 45 2d ae 8d 44 de c5 15 46 f0 e7 57 ba 90 d1 02 3a 6d 6e f9 39 00 81 95 40 10 33 00 00 6a 03 00 00 00 00 00 00 00 00 ff
2026-09-18T14:31:34.4279521Z TX 43 4f 5a 03 52 45 01 0b 00 00 00 00 15 00 a6 9b c4 20 98 73 d2 40 95 01 00 00 94 01 00 00 00
2026-09-18T14:31:34.4308761Z RX 43 4f 5a 03 52 45 01 09 00 00 00 00 04 00 05 5c 00 f0 b7 48 00 00 00 00 00 00 00 00 00 00 00 00 7a 3d 00 00 00 00 00 00 00 00 06 5b 85 3a 3c 74 48 3d 00 00 00 00 00 00 00 00 0d 69 cc 3e 45 06 4b be 8d 9b 8f 45 a8 e7 8d 44 b2 57 15 46 30 c2 11 ba c0 7b 14 ba f1 22 5f 39 00 81 95 40 10 33 00 00 6a 03 00 00 00 00 00 00 00 00 ff 0b 11 00 a6 9b c4 20 98 73 d2 40 95 01 00 00 94 01 00 00 00
2026-09-18T14:31:34.4638213Z RX 43 4f 5a 03 52 45 01 09 00 00 00 00 04 00 05 5c 00 f0 d5 48 00 00 00 00 00 00 00 00 00 00 00 00 7a 3d 00 00 00 00 00 00 00 00 a2 4a 83 3a e9 96 48 3d 00 00 00 00 00 00 00 00 0d 69 cc 3e 45 06 4b be 9a 83 8f 45 38 1a 8f 44 4d 55 15 46 00 d1 7e 39 48 d6 02 3a d5 4d 15 ba 00 e3 95 40 10 33 00 00 6a 03 00 00 00 00 00 00 00 00 ff
2026-09-18T14:31:34.4753757Z TX 43 4f 5a 03 52 45 01 0b 00 00 00 00 15 00 12 a5 bd c1 77 7f d2 40 96 01 00 00 95 01 00 00 00
2026-09-18T14:31:34.4971234Z RX 43 4f 5a 03 52 45 01 09 00 00 00 00 04 00 05 5c 00 f0 f3 48 00 00 00 00 00 00 00 00 00 00 00 00 7a 3d 00 00 00 00 00 00 00 00 97 81 85 3a 2a 46 48 3d 00 00 00 00 00 00 00 00 0d 69 cc 3e 45 06 4b be 21 a5 8f 45 9e 5a 8e 44 fe 89 15 46 c0 be 97 b9 80 3e 72 39 54 7e f8 39 00 e3 95 40 10 33 00 00 6a 03 00 00 00 00 00 00 00 00 ff 0b 11 00 12 a5 bd c1 77 7f d2 40 96 01 00 00 95 01 00 00 00
2026-09-18T14:31:34.5230032Z TX 43 4f 5a 03 52 45 01 0b 00 00 00 00 15 00 6d 56 7d ae 5e 8b d2 40 97 01 00 00 96 01 00 00 00
2026-09-18T14:31:34.5302410Z RX 43 4f 5a 03 52 45 01 09 00 00 00 00 04 00 05 5c 00 f0 11 49 00 00 00 00 00 00 00 00 00 00 00 00 7a 3d 00 00 00 00 00 00 00 00 f1 37 84 3a 59 19 48 3d 00 00 00 00 00 00 00 00 0d 69 cc 3e 45 06 4b be 0a 30 90 45 56 c1 8d 44 37 1e 15 46 40 cf 7e 39 80 5d 15 b8 c6 f6 59 ba 00 e3 95 40 10 33 00 00 6a 03 00 00 00 00 00 00 00 00 ff 0b 11 00 6d 56 7d ae 5e 8b d2 40 97 01 00 00 96 01 00 00 00
2026-09-18T14:31:34.5633320Z RX 43 4f 5a 03 52 45 01 09 00 00 00 00 04 00 05 5c 00 f0 2f 49 00 00 00 00 00 00 00 00 00 00 00 00 7a 3d 00 00 00 00 00 00 00 00 67 58 82 3a b4 f6 47 3d 00 00 00 00 00 00 00 00 0d 69 cc 3e 45 06 4b be cc 23 8f 45 80 b3 8f 44 80 f5 14 46 90 42 57 ba 9c a0 d5 ba 45 9e 59 ba 00 81 95 40 10 33 00 00 6a 03 00 00 00 00 00 00 00 00 ff
2026-09-18T14:31:34.5690807Z TX 43 4f 5a 03 52 45 01 0b 00 00 00 00 15 00 14 ae 47 e1 de 96 d2 40 98 01 00 00 97 01 00 00 00
2026-09-18T14:31:34.5966211Z RX 43 4f 5a 03 52 45 01 09 00 00 00 00 04 00 05 5c 00 f0 4d 49 00 00 00 00 00 00 00 00 00 00 00 00 7a 3d 00 00 00 00 00 00 00 00 c8 c8 78 3a 3c 65 48 3d 00 00 00 00 00 00 00 00 0d 69 cc 3e 45 06 4b be 27 5b 90 45 8a 40 8f 44 11 66 15 46 40 5e 7f 39 50 84 13 ba 04 be 0b bb 00 81 95 40 10 33 00 00 6a 03 00 00 00 00 00 00 00 00 ff 0b 11 00 14 ae 47 e1 de 96 d2 40 98 01 00 00 97 01 00 00 00 05 5c 00 f0 6b 49 00 00 00 00 00 00 00 00 00 00 00 00 7a 3d 00 00 00 00 00 00 00 00 27 09 6e 3a 80 d0 48 3d 00 00 00 00 00 00 00 00 0d 69 cc 3e 45 06 4b be 05 7a 8f 45 b3 53 8f 44 04 7e 15 46 00 38 bb b7 a0 eb 78 39 0d b7 69 39 00 e3 95 40 10 33 00 00 6a 03 00 00 00 00 00 00 00 00 ff
2026-09-18T14:31:34.6158949Z TX 43 4f 5a 03 52 45 01 0b 00 00 00 00 15 00 e3 c7 98 bb 92 a2 d2 40 99 01 00 00 98 01 00 00 00
2026-09-18T14:31:34.6293412Z RX 43 4f 5a 03 52 45 01 09 00 00 00 00 04 00 0b 11 00 e3 c7 98 bb 92 a2 d2 40 99 01 00 00 98 01 00 00 00 05 5c 00 f0 89 49 00 00 00 00 00 00 00 00 00 00 00 00 7a 3d 00 00 00 00 00 00 00 00 d9 ca 71 3a 61 c8 47 3d 00 00 00 00 00 00 00 00 0d 69 cc 3e 45 06 4b be b0 f8 8e 45 bd e0 8e 44 af be 15 46 00 98 c3 b7 00 1a 9b b9 20 25 fd 39 80 9b 94 40 10 33 00 00 6a 03 00 00 00 00 00 00 00 00 ff
2026-09-18T14:31:34.6621027Z TX 43 4f 5a 03 52 45 01 0b 00 00 00 00 15 00 7c f2 b0 50 1f ae d2 40 9a 01 00 00 99 01 00 00 00
2026-09-18T14:31:34.6621618Z RX 43 4f 5a 03 52 45 01 09 00 00 00 00 04 00 05 5c 00 f0 a7 49 00 00 00 00 00 00 00 00 00 00 00 00 7a 3d 00 00 00 00 00 00 00 00 03 14 71 3a ae c0 47 3d 00 00 00 00 00 00 00 00 0d 69 cc 3e 45 06 4b be 8d 9b 8f 45 0f 07 8f 44 76 68 15 46 00 02 b9 b7 68 99 58 ba b5 a3 d2 ba 00 81 95 40 10 33 00 00 6a 03 00 00 00 00 00 00 00 00 ff
2026-09-18T14:31:34.6952367Z RX 43 4f 5a 03 52 45 01 09 00 00 00 00 04 00 0b 11 00 7c f2 b0 50 1f ae d2 40 9a 01 00 00 99 01 00 00 00 05 5c 00 f0 c5 49 00 00 00 00 00 00 00 00 00 00 00 00 7a 3d 00 00 00 00 00 00 00 00 b3 10 6a 3a 10 1c 48 3d 00 00 00 00 00 00 00 00 0d 69 cc 3e 45 06 4b be fb ec 8f 45 e5 14 8d 44 fe 89 15 46 00 72 b8 b7 00 39 da b7 30 1a 1b b8 00 e3 95 40 10 33 00 00 6a 03 00 00 00 00 00 00 00 00 ff
2026-09-18T14:31:34.7073531Z TX 43 4f 5a 03 52 45 01 0b 00 00 00 00 15 00 20 63 ee 5a 76 b9 d2 40 9b 01 00 00 9a 01 00 00 00
2026-09-18T14:31:34.7282571Z RX 43 4f 5a 03 52 45 01 09 00 00 00 00 04 00 0b 11 00 20 63 ee 5a 76 b9 d2 40 9b 01 00 00 9a 01 00 00 00 05 5c 00 f0 e3 49 00 00 00 00 00 00 00 00 00 00 00 00 7a 3d 00 00 00 00 00 00 00 00 80 09 66 3a d2 63 48 3d 00 00 00 00 00 00 00 00 0d 69 cc 3e 45 06 4b be fe 47 90 45 57 a0 8f 44 d5 76 15 46 40 b7 7f 39 30 a5 99 b9 1b 27 15 b8 00 81 95 40 10 33 00 00 6a 03 00 00 00 00 00 00 00 00 ff
2026-09-18T14:31:34.7539040Z TX 43 4f 5a 03 52 45 01 0b 00 00 00 00 15 00 c1 39 23 4a 0f c5 d2 40 9c 01 00 00 9b 01 00 00 00
2026-09-18T14:31:34.7626207Z RX 43 4f 5a 03 52 45 01 09 00 00 00 00 04 00 05 5c 00 f0 01 4a 00 00 00 00 00 00 00 00 00 00 00 00 7a 3d 00 00 00 00 00 00 00 00 0b 55 68 3a 96 71 48 3d 00 00 00 00 00 00 00 00 0d 69 cc 3e 45 06 4b be 02 1f 8f 45 c7 6d 8e 44 5a 3d 15 46 88 3c ab 3a 58 5a 4a 3a 3f 88 18 b8 00 81 95 40 10 33 00 00 6a 03 00 00 00 00 00 00 00 00 ff 0b 11 00 c1 39 23 4a 0f c5 d2 40 9c 01 00 00 9b 01 00 00 00
2026-09-18T14:31:34.7938251Z RX 43 4f 5a 03 52 45 01 09 00 00 00 00 04 00 05 5c 00 f0 1f 4a 00 00 00 00 00 00 00 00 00 00 00 00 7a 3d 00 00 00 00 00 00 00 00 6b ef 63 3a 7c 4b 48 3d 00 00 00 00 00 00 00 00 0d 69 cc 3e 45 06 4b be 7d 58 8f 45 89 61 8d 44 5a 3d 15 46 20 3f 04 3a 88 95 58 ba bf c9 af ba 00 81 95 40 10 33 00 00 6a 03 00 00 00 00 00 00 00 00 ff
2026-09-18T14:31:34.8006203Z TX 43 4f 5a 03 52 45 01 0b 00 00 00 00 15 00 32 55 30 2a c9 d0 d2 40 9d 01 00 00 9c 01 00 00 00
2026-09-18T14:31:34.8277235Z RX 43 4f 5a 03 52 45 01 09 00 00 00 00 04 00 0b 11 00 32 55 30 2a c9 d0 d2 40 9d 01 00 00 9c 01 00 00 00 05 5c 00 f0 3d 4a 00 00 00 00 00 00 00 00 00 00 00 00 7a 3d 00 00 00 00 00 00 00 00 66 c2 64 3a 4f a5 48 3d 00 00 00 00 00 00 00 00 0d 69 cc 3e 45 06 4b be ac 21 90 45 8a 40 8f 44 db 6a 15 46 00 32 de b7 e0 15 12 ba 00 de c8 3a 00 81 95 40 10 33 00 00 6a 03 00 00 00 00 00 00 00 00 ff
2026-09-18T14:31:34.8458731Z TX 43 4f 5a 03 52 45 01 0b 00 00 00 00 15 00 96 b2 0c 71 18 dc d2 40 9e 01 00 00 9d 01 00 00 00
2026-09-18T14:31:34.8602843Z RX 43 4f 5a 03 52 45 01 09 00 00 00 00 04 00 05 5c 00 f0 5b 4a 00 00 00 00 00 00 00 00 00 00 00 00 7a 3d 00 00 00 00 00 00 00 00 d8 d1 6a 3a 31 3f 49 3d 00 00 00 00 00 00 00 00 0d 69 cc 3e 45 06 4b be 50 6e 90 45 f0 80 8e 44 7d 5c 15 46 08 d2 49 3a c8 15 05 3a ae e9 6a 39 00 81 95 40 10 33 00 00 6a 03 00 00 00 00 00 00 00 00 ff 0b 11 00 96 b2 0c 71 18 dc d2 40 9e 01 00 00 9d 01 00 00 00
2026-09-18T14:31:34.8920420Z TX 43 4f 5a 03 52 45 01 0b 00 00 00 00 15 00 cd cc cc cc 94 e7 d2 40 9f 01 00 00 9e 01 00 00 00
2026-09-18T14:31:34.8932423Z RX 43 4f 5a 03 52 45 01 09 00 00 00 00 04 00 05 5c 00 f0 79 4a 00 00 00 00 00 00 00 00 00 00 00 00 7a 3d 00 00 00 00 00 00 00 00 0f 80 6a 3a a6 06 49 3d 00 00 00 00 00 00 00 00 0d 69 cc 3e 45 06 4b be f3 db 8e 45 2e 8d 8f 44 43 c8 15 46 00 7a f5 b7 30 78 98 b9 e1 b5 12 ba 00 81 95 40 10 33 00 00 6a 03 00 00 00 00 00 00 00 00 ff 0b 11 00 cd cc cc cc 94 e7 d2 40 9f 01 00 00 9e 01 00 00 00 05 5c 00 f0 97 4a 00 00 00 00 00 00 00 00 00 00 00 00 7a 3d 00 00 00 00 00 00 00 00 fb 7f 63 3a f2 fe 48 3d 00 00 00 00 00 00 00 00 0d 69 cc 3e 45 06 4b be e9 4e 8f 45 61 2d 8f 44 4d 55 15 46 c0 ce 03 3a 14 84 8e ba 07 03 d2 ba 00 81 95 40 10 33 00 00 6a 03 00 00 00 00 00 00 00 00 ff
2026-09-18T14:31:34.9285431Z RX 43 4f 5a 03 52 45 01 09 00 00 00 00 04 00 05 5c 00 f0 b5 4a 00 00 00 00 00 00 00 00 00 00 00 00 7a 3d 00 00 00 00 00 00 00 00 61 71 58 3a 7c 73 49 3d 00 00 00 00 00 00 00 00 0d 69 cc 3e 45 06 4b be 76 26 90 45 e7 d2 90 44 9f 7b 15 46 40 a5 77 39 f0 be 95 b9 5d b1 71 39 00 e3 95 40 10 33 00 00 6a 03 00 00 00 00 00 00 00 00 ff
2026-09-18T14:31:34.9376216Z TX 43 4f 5a 03 52 45 01 0b 00 00 00 00 15 00 fa ed eb c0 0d f3 d2 40 a0 01 00 00 9f 01 00 00 00
2026-09-18T14:31:34.9591546Z RX 43 4f 5a 03 52 45 01 09 00 00 00 00 04 00 0b 11 00 fa ed eb c0 0d f3 d2 40 a0 01 00 00 9f 01 00 00 00 05 5c 00 f0 d3 4a 00 00 00 00 00 00 00 00 00 00 00 00 7a 3d 00 00 00 00 00 00 00 00 dc 7d 5e 3a 90 f2 49 3d 00 00 00 00 00 00 00 00 0d 69 cc 3e 45 06 4b be df c1 8f 45 23 21 8e 44 b2 57 15 46 a0 05 13 ba 40 b5 80 39 f3 5a 00 3a 00 81 95 40 10 33 00 00 6a 03 00 00 00 00 00 00 00 00 ff
2026-09-18T14:31:34.9839009Z TX 43 4f 5a 03 52 45 01 0b 00 00 00 00 15 00 22 8e 75 71 9f fe d2 40 a1 01 00 00 a0 01 00 00 00
2026-09-18T14:31:34.9920914Z RX 43 4f 5a 03 52 45 01 09 00 00 00 00 04 00 05 5c 00 f0 f1 4a 00 00 00 00 00 00 00 00 00 00 00 00 7a 3d 00 00 00 00 00 00 00 00 0c 44 65 3a cb 9d 49 3d 00 00 00 00 00 00 00 00 0d 69 cc 3e 45 06 4b be 12 62 8f 45 18 b5 8c 44 86 ab 15 46 58 69 49 3a 28 86 88 3a 41 76 ff 39 00 e3 95 40 10 33 00 00 6a 03 00 00 00 00 00 00 00 00 ff 0b 11 00 22 8e 75 71 9f fe d2 40 a1 01 00 00 a0 01 00 00 00
2026-09-18T14:31:35.0250626Z RX 43 4f 5a 03 52 45 01 09 00 00 00 00 04 00 05 5c 00 f0 0f 4b 00 00 00 00 00 00 00 00 00 00 00 00 7a 3d 00 00 00 00 00 00 00 00 42 1b 63 3a 86 ef 48 3d 00 00 00 00 00 00 00 00 0d 69 cc 3e 45 06 4b be dc 66 8f 45 d2 d9 8f 44 c8 8e 15 46 40 8c 75 39 50 de 4a 3a 15 07 12 ba 00 e3 95 40 10 33 00 00 6a 03 00 00 00 00 00 00 00 00 ff
2026-09-18T14:31:35.0299247Z TX 43 4f 5a 03 52 45 01 0b 00 00 00 00 15 00 ba 6b 09 f9 24 0a d3 40 a2 01 00 00 a1 01 00 00 00
2026-09-18T14:31:35.0581343Z RX 43 4f 5a 03 52 45 01 09 00 00 00 00 04 00 0b 11 00 ba 6b 09 f9 24 0a d3 40 a2 01 00 00 a1 01 00 00 00 05 5c 00 f0 2d 4b 00 00 00 00 00 00 00 00 00 00 00 00 7a 3d 00 00 00 00 00 00 00 00 fa 69 65 3a f8 74 48 3d 00 00 00 00 00 00 00 00 0d 69 cc 3e 45 06 4b be b8 09 90 45 fb ec 8f 44 63 8c 15 46 60 16 9c b9 40 0d 4a 3a df 6f ff 39 00 81 95 40 10 33 00 00 6a 03 00 00 00 00 00 00 00 00 ff
2026-09-18T14:31:35.0760535Z TX 43 4f 5a 03 52 45 01 0b 00 00 00 00 15 00 aa 82 51 49 a9 15 d3 40 a3 01 00 00 a2 01 00 00 00
2026-09-18T14:31:35.0910622Z RX 43 4f 5a 03 52 45 01 09 00 00 00 00 04 00 05 5c 00 f0 4b 4b 00 00 00 00 00 00 00 00 00 00 00 00 7a 3d 00 00 00 00 00 00 00 00 21 15 68 3a b5 74 48 3d 00 00 00 00 00 00 00 00 0d 69 cc 3e 45 06 4b be 5a fb 8f 45 a7 08 8c 44 1e 4e 15 46 a0 09 9c b9 10 3b 9a b9 2d f2 fe 39 00 e3 95 40 10 33 00 00 6a 03 00 00 00 00 00 00 00 00 ff 0b 11 00 aa 82 51 49 a9 15 d3 40 a3 01 00 00 a2 01 00 00 00
2026-09-18T14:31:35.1228012Z TX 43 4f 5a 03 52 45 01 0b 00 00 00 00 15 00 f0 16 48 50 54 21 d3 40 a4 01 00 00 a3 01 00 00 00
2026-09-18T14:31:35.1240592Z RX 43 4f 5a 03 52 45 01 09 00 00 00 00 04 00 05 5c 00 f0 69 4b 00 00 00 00 00 00 00 00 00 00 00 00 7a 3d 00 00 00 00 00 00 00 00 e2 06 67 3a 50 c6 48 3d 00 00 00 00 00 00 00 00 0d 69 cc 3e 45 06 4b be 31 e8 8f 45 41 c8 8c 44 c8 8e 15 46 00 ba fb b7 50 24 04 3a be ed af ba 00 e3 95 40 10 33 00 00 6a 03 00 00 00 00 00 00 00 00 ff 0b 11 00 f0 16 48 50 54 21 d3 40 a4 01 00 00 a3 01 00 00 00
2026-09-18T14:31:35.1571896Z RX 43 4f 5a 03 52 45 01 09 00 00 00 00 04 00 05 5c 00 f0 87 4b 00 00 00 00 00 00 00 00 00 00 00 00 7a 3d 00 00 00 00 00 00 00 00 e7 0a 60 3a d7 e7 48 3d 00 00 00 00 00 00 00 00 0d 69 cc 3e 45 06 4b be 2e 8d 8f 45 bd e0 8e 44 83 50 15 46 10 fc 02 3a 00 bf 12 ba fa e5 6e 39 00 81 95 40 10 33 00 00 6a 03 00 00 00 00 00 00 00 00 ff 05 0a 00 f3 8b 63 6c 11 01 00 00 00 2c
2026-09-18T14:31:35.1694125Z TX 43 4f 5a 03 52 45 01 0b 00 00 00 00 15 00 92 cb 7f 48 03 2d d3 40 a5 01 00 00 a4 01 00 00 00
2026-09-18T14:31:35.1918094Z RX 43 4f 5a 03 52 45 01 09 00 00 00 00 04 00 05 5c 00 f0 a5 4b 00 00 00 00 00 00 00 00 00 00 00 00 7a 3d 00 00 00 00 00 00 00 00 44 08 62 3a bf a6 48 3d 00 00 00 00 00 00 00 00 0d 69 cc 3e 45 06 4b be 97 28 8f 45 2e 8d 8f 44 18 5a 15 46 80 7c 74 39 00 ce df b7 5e ed 11 ba 00 81 95 40 10 33 00 00 6a 03 00 00 00 00 00 00 00 00 ff 0b 11 00 92 cb 7f 48 03 2d d3 40 a5 01 00 00 a4 01 00 00 00
2026-09-18T14:31:35.2163523Z TX 43 4f 5a 03 52 45 01 0b 00 00 00 00 15 00 be 9f 1a 2f bd 38 d3 40 a6 01 00 00 a5 01 00 00 00
2026-09-18T14:31:35.2231848Z RX 43 4f 5a 03 52 45 01 09 00 00 00 00 04 00 05 5c 00 f0 c3 4b 00 00 00 00 00 00 00 00 00 00 00 00 7a 3d 00 00 00 00 00 00 00 00 a8 d4 58 3a c6 bd 48 3d 00 00 00 00 00 00 00 00 0d 69 cc 3e 45 06 4b be 14 bd 8f 45 38 1a 8f 44 89 44 15 46 80 ea 72 39 00 64 eb b7 96 91 55 ba 00 e3 95 40 10 33 00 00 6a 03 00 00 00 00 00 00 00 00 ff 0b 11 00 be 9f 1a 2f bd 38 d3 40 a6 01 00 00 a5 01 00 00 00 05 5c 00 f0 e1 4b 00 00 00 00 00 00 00 00 00 00 00 00 7a 3d 00 00 00 00 00 00 00 00 13 99 55 3a eb 71 48 3d 00 00 00 00 00 00 00 00 0d 69 cc 3e 45 06 4b be 2e 8d 8f 45 9e 5a 8e 44 54 49 15 46 f0 fd 13 ba 60 d6 57 ba 2d 45 55 ba 00 81 95 40 10 33 00 00 6a 03 00 00 00 00 00 00 00 00 ff
2026-09-18T14:31:35.2573547Z RX 43 4f 5a 03 52 45 01 09 00 00 00 00 04 00 05 5c 00 f0 ff 4b 00 00 00 00 00 00 00 00 00 00 00 00 7a 3d 00 00 00 00 00 00 00 00 da 1e 53 3a 8b ae 48 3d 00 00 00 00 00 00 00 00 0d 69 cc 3e 45 06 4b be 2e 8d 8f 45 bc 01 8d 44 5d 98 15 46 00 cb 74 39 48 fb 56 ba 14 68 01 3a 00 81 95 40 10 33 00 00 6a 03 00 00 00 00 00 00 00 00 ff
2026-09-18T14:31:35.2634857Z TX 43 4f 5a 03 52 45 01 0b 00 00 00 00 15 00 81 04 c5 8f 85 44 d3 40 a7 01 00 00 a6 01 00 00 00
2026-09-18T14:31:35.2891293Z RX 43 4f 5a 03 52 45 01 09 00 00 00 00 04 00 0b 11 00 81 04 c5 8f 85 44 d3 40 a7 01 00 00 a6 01 00 00 00 05 5c 00 f0 1d 4c 00 00 00 00 00 00 00 00 00 00 00 00 7a 3d 00 00 00 00 00 00 00 00 4b 0b 4e 3a df 9d 48 3d 00 00 00 00 00 00 00 00 0d 69 cc 3e 45 06 4b be 3e d0 8f 45 57 a0 8f 44 5a 3d 15 46 40 86 8f ba 18 3a 4b 3a 84 15 10 ba 00 81 95 40 10 33 00 00 6a 03 00 00 00 00 00 00 00 00 ff
2026-09-18T14:31:35.3105253Z TX 43 4f 5a 03 52 45 01 0b 00 00 00 00 15 00 54 e3 a5 9b 40 50 d3 40 a8 01 00 00 a7 01 00 00 00
2026-09-18T14:31:35.3225134Z RX 43 4f 5a 03 52 45 01 09 00 00 00 00 04 00 05 5c 00 f0 3b 4c 00 00 00 00 00 00 00 00 00 00 00 00 7a 3d 00 00 00 00 00 00 00 00 fa ed 4e 3a 60 be 48 3d 00 00 00 00 00 00 00 00 0d 69 cc 3e 45 06 4b be cf 7e 8f 45 b2 74 8d 44 c8 8e 15 46 c0 78 78 39 00 8f be b7 13 cb 01 3a 00 81 95 40 10 33 00 00 6a 03 00 00 00 00 00 00 00 00 ff 0b 11 00 54 e3 a5 9b 40 50 d3 40 a8 01 00 00 a7 01 00 00 00 05 0a 00 f3 ec 8e 1a 24 02 00 00 00 4b
2026-09-18T14:31:35.3567120Z TX 43 4f 5a 03 52 45 01 0b 00 00 00 00 15 00 3a 23 4a 7b d7 5b d3 40 a9 01 00 00 a8 01 00 00 00
2026-09-18T14:31:35.3576474Z RX 43 4f 5a 03 52 45 01 09 00 00 00 00 04 00 05 5c 00 f0 59 4c 00 00 00 00 00 00 00 00 00 00 00 00 7a 3d 00 00 00 00 00 00 00 00 89 7e 56 3a ef 62 48 3d 00 00 00 00 00 00 00 00 0d 69 cc 3e 45 06 4b be bd e0 8e 45 05 7a 8f 44 9f 7b 15 46 a0 86 58 ba 00 8f c3 b7 60 48 a7 3a 00 81 95 40 10 33 00 00 6a 03 00 00 00 00 00 00 00 00 ff
2026-09-18T14:31:35.3883369Z RX 43 4f 5a 03 52 45 01 09 00 00 00 00 04 00 0b 11 00 3a 23 4a 7b d7 5b d3 40 a9 01 00 00 a8 01 00 00 00 05 5c 00 f0 77 4c 00 00 00 00 00 00 00 00 00 00 00 00 7a 3d 00 00 00 00 00 00 00 00 cc b7 57 3a 50 f4 48 3d 00 00 00 00 00 00 00 00 0d 69 cc 3e 45 06 4b be 92 51 90 45 c7 6d 8e 44 d2 1b 15 46 00 6e 04 3a 80 1b 4b 3a 52 f8 98 b9 00 e3 95 40 10 33 00 00 6a 03 00 00 00 00 00 00 00 00 ff
2026-09-18T14:31:35.4047600Z TX 43 4f 5a 03 52 45 01 0b 00 00 00 00 15 00 eb e2 36 1a d8 67 d3 40 aa 01 00 00 a9 01 00 00 00
2026-09-18T14:31:35.4320567Z RX 43 4f 5a 03 52 45 01 09 00 00 00 00 04 00 05 5c 00 f0 95 4c 00 00 00 00 00 00 00 00 00 00 00 00 7a 3d 00 00 00 00 00 00 00 00 a2 33 58 3a 80 49 49 3d 00 00 00 00 00 00 00 00 0d 69 cc 3e 45 06 4b be a9 c6 8f 45 6b ba 8e 44 d5 76 15 46 50 99 12 ba 18 23 05 3a 68 a1 00 b8 00 e3 95 40 10 33 00 00 6a 03 00 00 00 00 00 00 00 00 ff 0b 11 00 eb e2 36 1a d8 67 d3 40 aa 01 00 00 a9 01 00 00 00
2026-09-18T14:31:35.4513408Z TX 43 4f 5a 03 52 45 01 0b 00 00 00 00 15 00 54 e3 a5 9b 78 73 d3 40 ab 01 00 00 aa 01 00 00 00
2026-09-18T14:31:35.4545981Z RX 43 4f 5a 03 52 45 01 09 00 00 00 00 04 00 05 5c 00 f0 b3 4c 00 00 00 00 00 00 00 00 00 00 00 00 7a 3d 00 00 00 00 00 00 00 00 45 f8 54 3a dc 7f 49 3d 00 00 00 00 00 00 00 00 0d 69 cc 3e 45 06 4b be 1e 4a 8f 45 b3 53 8f 44 bf 3f 15 46 20 9f 98 b9 10 a5 98 b9 00 ff 72 39 00 e3 95 40 10 33 00 00 6a 03 00 00 00 00 00 00 00 00 ff 0b 11 00 54 e3 a5 9b 78 73 d3 40 ab 01 00 00 aa 01 00 00 00
2026-09-18T14:31:35.4872591Z RX 43 4f 5a 03 52 45 01 09 00 00 00 00 04 00 05 5c 00 f0 d1 4c 00 00 00 00 00 00 00 00 00 00 00 00 7a 3d 00 00 00 00 00 00 00 00 e7 66 5b 3a c2 5e 49 3d 00 00 00 00 00 00 00 00 0d 69 cc 3e 45 06 4b be 9f 39 90 45 d2 d9 8f 44 56 a4 15 46 40 f5 7b 39 f0 d3 04 3a 10 d0 84 3a 00 e3 95 40 10 33 00 00 6a 03 00 00 00 00 00 00 00 00 ff
2026-09-18T14:31:35.4978589Z TX 43 4f 5a 03 52 45 01 0b 00 00 00 00 15 00 13 f2 41 cf 1a 7f d3 40 ac 01 00 00 ab 01 00 00 00
2026-09-18T14:31:35.5203821Z RX 43 4f 5a 03 52 45 01 09 00 00 00 00 04 00 05 5c 00 f0 ef 4c 00 00 00 00 00 00 00 00 00 00 00 00 7a 3d 00 00 00 00 00 00 00 00 23 2f 62 3a 2e 5b 49 3d 00 00 00 00 00 00 00 00 0d 69 cc 3e 45 06 4b be a6 6b 8f 45 4b 55 8c 44 99 87 15 46 70 f2 11 ba c8 bc 57 ba c1 82 44 3a 00 81 95 40 10 33 00 00 6a 03 00 00 00 00 00 00 00 00 ff 0b 11 00 13 f2 41 cf 1a 7f d3 40 ac 01 00 00 ab 01 00 00 00 05 5c 00 f0 0d 4d 00 00 00 00 00 00 00 00 00 00 00 00 7a 3d 00 00 00 00 00 00 00 00 67 f0 61 3a d9 53 49 3d 00 00 00 00 00 00 00 00 0d 69 cc 3e 45 06 4b be 17 18 90 45 05 7a 8f 44 7f b7 15 46 c0 29 98 b9 00 4a c3 b7 9f d9 9a b9 00 81 95 40 10 33 00 00 6a 03 00 00 00 00 00 00 00 00 ff
2026-09-18T14:31:35.5453283Z TX 43 4f 5a 03 52 45 01 0b 00 00 00 00 15 00 76 71 1b 0d fc 8a d3 40 ad 01 00 00 ac 01 00 00 00
2026-09-18T14:31:35.5532426Z RX 43 4f 5a 03 52 45 01 09 00 00 00 00 04 00 0b 11 00 76 71 1b 0d fc 8a d3 40 ad 01 00 00 ac 01 00 00 00 05 5c 00 f0 2b 4d 00 00 00 00 00 00 00 00 00 00 00 00 7a 3d 00 00 00 00 00 00 00 00 d5 6b 5f 3a bf b3 49 3d 00 00 00 00 00 00 00 00 0d 69 cc 3e 45 06 4b be 0a 30 90 45 57 a0 8f 44 18 5a 15 46 c0 ce 11 ba 80 63 7d 39 4f 62 9a b9 00 81 95 40 10 33 00 00 6a 03 00 00 00 00 00 00 00 00 ff
2026-09-18T14:31:35.5863422Z RX 43 4f 5a 03 52 45 01 09 00 00 00 00 04 00 05 5c 00 f0 49 4d 00 00 00 00 00 00 00 00 00 00 00 00 7a 3d 00 00 00 00 00 00 00 00 ec 82 5f 3a 72 94 49 3d 00 00 00 00 00 00 00 00 0d 69 cc 3e 45 06 4b be a6 6b 8f 45 dc 66 8f 44 ee 46 15 46 40 34 7e 39 00 91 d0 b7 f4 1d 6f 39 00 81 95 40 10 33 00 00 6a 03 00 00 00 00 00 00 00 00 ff
2026-09-18T14:31:35.5921132Z TX 43 4f 5a 03 52 45 01 0b 00 00 00 00 15 00 4e 62 10 58 ad 96 d3 40 ae 01 00 00 ad 01 00 00 00
2026-09-18T14:31:35.6196012Z RX 43 4f 5a 03 52 45 01 09 00 00 00 00 04 00 0b 11 00 4e 62 10 58 ad 96 d3 40 ae 01 00 00 ad 01 00 00 00 05 5c 00 f0 67 4d 00 00 00 00 00 00 00 00 00 00 00 00 7a 3d 00 00 00 00 00 00 00 00 8a e2 5b 3a a1 bb 49 3d 00 00 00 00 00 00 00 00 0d 69 cc 3e 45 06 4b be 73 cb 8f 45 e5 14 8d 44 b9 4b 15 46 d0 7d 11 ba e8 06 05 3a 1f bb 99 b9 00 e3 95 40 10 33 00 00 6a 03 00 00 00 00 00 00 00 00 ff
2026-09-18T14:31:35.6386053Z TX 43 4f 5a 03 52 45 01 0b 00 00 00 00 15 00 34 a2 b4 37 50 a2 d3 40 af 01 00 00 ae 01 00 00 00
2026-09-18T14:31:35.6523162Z RX 43 4f 5a 03 52 45 01 09 00 00 00 00 04 00 05 5c 00 f0 85 4d 00 00 00 00 00 00 00 00 00 00 00 00 7a 3d 00 00 00 00 00 00 00 00 a6 7f 5a 3a da 23 49 3d 00 00 00 00 00 00 00 00 0d 69 cc 3e 45 06 4b be ec a9 8f 45 bd e0 8e 44 8c 9f 15 46 00 ac b7 b7 e0 f7 11 ba d1 f3 03 b8 00 e3 95 40 10 33 00 00 6a 03 00 00 00 00 00 00 00 00 ff 0b 11 00 34 a2 b4 37 50 a2 d3 40 af 01 00 00 ae 01 00 00 00
2026-09-18T14:31:35.6851045Z TX 43 4f 5a 03 52 45 01 0b 00 00 00 00 15 00 42 cf 66 d5 e7 ad d3 40 b0 01 00 00 af 01 00 00 00
2026-09-18T14:31:35.7172664Z RX 43 4f 5a 03 52 45 01 09 00 00 00 00 04 00 05 5c 00 f0 a3 4d 00 00 00 00 00 00 00 00 00 00 00 00 7a 3d 00 00 00 00 00 00 00 00 97 ea 60 3a a5 00 49 3d 00 00 00 00 00 00 00 00 0d 69 cc 3e 45 06 4b be 9a 83 8f 45 f0 80 8e 44 11 66 15 46 00 8f 05 3a 50 f6 56 ba d4 0c c9 3a 00 e3 95 40 10 33 00 00 6a 03 00 00 00 00 00 00 00 00 ff
2026-09-18T14:31:35.7192933Z RX 43 4f 5a 03 52 45 01 09 00 00 00 00 04 00 0b 11 00 42 cf 66 d5 e7 ad d3 40 b0 01 00 00 af 01 00 00 00 05 5c 00 f0 c1 4d 00 00 00 00 00 00 00 00 00 00 00 00 7a 3d 00 00 00 00 00 00 00 00 38 31 66 3a 87 c6 48 3d 00 00 00 00 00 00 00 00 0d 69 cc 3e 45 06 4b be 73 cb 8f 45 37 3b 8d 44 0b 72 15 46 f0 54 05 3a c0 dc 7f 39 74 aa 6c 39 00 81 95 40 10 33 00 00 6a 03 00 00 00 00 00 00 00 00 ff
2026-09-18T14:31:35.7320068Z TX 43 4f 5a 03 52 45 01 0b 00 00 00 00 15 00 ba 6b 09 f9 a0 b9 d3 40 b1 01 00 00 b0 01 00 00 00
2026-09-18T14:31:35.7514128Z RX 43 4f 5a 03 52 45 01 09 00 00 00 00 04 00 05 5c 00 f0 df 4d 00 00 00 00 00 00 00 00 00 00 00 00 7a 3d 00 00 00 00 00 00 00 00 9f 33 6c 3a 5a 0c 49 3d 00 00 00 00 00 00 00 00 0d 69 cc 3e 45 06 4b be 5c 56 90 45 e6 f3 8e 44 1e 4e 15 46 00 48 cc b7 54 d3 b0 ba 6f 0a 84 3a 00 81 95 40 10 33 00 00 6a 03 00 00 00 00 00 00 00 00 ff 0b 11 00 ba 6b 09 f9 a0 b9 d3 40 b1 01 00 00 b0 01 00 00 00
2026-09-18T14:31:35.7778806Z TX 43 4f 5a 03 52 45 01 0b 00 00 00 00 15 00 09 f9 a0 67 17 c5 d3 40 b2 01 00 00 b1 01 00 00 00
2026-09-18T14:31:35.7846385Z RX 43 4f 5a 03 52 45 01 09 00 00 00 00 04 00 05 5c 00 f0 fd 4d 00 00 00 00 00 00 00 00 00 00 00 00 7a 3d 00 00 00 00 00 00 00 00 a7 96 6f 3a 2c 20 49 3d 00 00 00 00 00 00 00 00 0d 69 cc 3e 45 06 4b be 73 cb 8f 45 0f 07 8f 44 eb ad 15 46 60 fc 04 3a e0 6a b0 ba db 12 8e ba 00 81 95 40 10 33 00 00 6a 03 00 00 00 00 00 00 00 00 ff 0b 11 00 09 f9 a0 67 17 c5 d3 40 b2 01 00 00 b1 01 00 00 00
2026-09-18T14:31:35.8175271Z RX 43 4f 5a 03 52 45 01 09 00 00 00 00 04 00 05 5c 00 f0 1b 4e 00 00 00 00 00 00 00 00 00 00 00 00 7a 3d 00 00 00 00 00 00 00 00 cf bf 63 3a da ad 49 3d 00 00 00 00 00 00 00 00 0d 69 cc 3e 45 06 4b be 76 26 90 45 2d ae 8d 44 0b 72 15 46 00 f8 d3 b7 90 31 08 3a f8 90 56 ba 00 81 95 40 10 33 00 00 6a 03 00 00 00 00 00 00 00 00 ff
2026-09-18T14:31:35.8252121Z TX 43 4f 5a 03 52 45 01 0b 00 00 00 00 15 00 34 11 36 3c ed d0 d3 40 b3 01 00 00 b2 01 00 00 00
2026-09-18T14:31:35.8507476Z RX 43 4f 5a 03 52 45 01 09 00 00 00 00 04 00 05 5c 00 f0 39 4e 00 00 00 00 00 00 00 00 00 00 00 00 7a 3d 00 00 00 00 00 00 00 00 40 50 65 3a 4c 3a 49 3d 00 00 00 00 00 00 00 00 0d 69 cc 3e 45 06 4b be c2 96 8f 45 6b ba 8e 44 47 61 15 46 c0 da 7b 39 60 23 cf 3a 50 53 44 3a 00 81 95 40 10 33 00 00 6a 03 00 00 00 00 00 00 00 00 ff 0b 11 00 34 11 36 3c ed d0 d3 40 b3 01 00 00 b2 01 00 00 00 05 5c 00 f0 57 4e 00 00 00 00 00 00 00 00 00 00 00 00 7a 3d 00 00 00 00 00 00 00 00 c3 2c 66 3a bd 86 49 3d 00 00 00 00 00 00 00 00 0d 69 cc 3e 45 06 4b be 57 a0 8f 45 a8 e7 8d 44 cc 27 15 46 40 7e 7c 39 40 85 55 ba e1 9e 9b b9 00 81 95 40 10 33 00 00 6a 03 00 00 00 00 00 00 00 00 ff
2026-09-18T14:31:35.8707034Z TX 43 4f 5a 03 52 45 01 0b 00 00 00 00 15 00 3d 2c d4 9a 42 dc d3 40 b4 01 00 00 b3 01 00 00 00
2026-09-18T14:31:35.8835585Z RX 43 4f 5a 03 52 45 01 09 00 00 00 00 04 00 0b 11 00 3d 2c d4 9a 42 dc d3 40 b4 01 00 00 b3 01 00 00 00 05 5c 00 f0 75 4e 00 00 00 00 00 00 00 00 00 00 00 00 7a 3d 00 00 00 00 00 00 00 00 21 d8 68 3a 1f 21 49 3d 00 00 00 00 00 00 00 00 0d 69 cc 3e 45 06 4b be 57 a0 8f 45 d1 fa 8d 44 18 5a 15 46 c0 0a 99 b9 44 44 89 3a 1c e7 43 3a 00 81 95 40 10 33 00 00 6a 03 00 00 00 00 00 00 00 00 ff
2026-09-18T14:31:35.9164860Z RX 43 4f 5a 03 52 45 01 09 00 00 00 00 04 00 05 5c 00 f0 93 4e 00 00 00 00 00 00 00 00 00 00 00 00 7a 3d 00 00 00 00 00 00 00 00 11 21 6b 3a f6 92 48 3d 00 00 00 00 00 00 00 00 0d 69 cc 3e 45 06 4b be f6 36 8f 45 b3 53 8f 44 40 6d 15 46 e0 d9 57 ba 50 57 10 ba 1b 88 9c b9 00 81 95 40 10 33 00 00 6a 03 00 00 00 00 00 00 00 00 ff
2026-09-18T14:31:35.9178681Z TX 43 4f 5a 03 52 45 01 0b 00 00 00 00 15 00 ad 69 de 71 12 e8 d3 40 b5 01 00 00 b4 01 00 00 00
2026-09-18T14:31:35.9514599Z RX 43 4f 5a 03 52 45 01 09 00 00 00 00 04 00 0b 11 00 ad 69 de 71 12 e8 d3 40 b5 01 00 00 b4 01 00 00 00 05 5c 00 f0 b1 4e 00 00 00 00 00 00 00 00 00 00 00 00 7a 3d 00 00 00 00 00 00 00 00 8b 36 68 3a 5b b5 48 3d 00 00 00 00 00 00 00 00 0d 69 cc 3e 45 06 4b be 17 18 90 45 b3 53 8f 44 7d 5c 15 46 00 64 11 ba 70 e2 94 b9 22 fe 9b b9 00 81 95 40 10 33 00 00 6a 03 00 00 00 00 00 00 00 00 ff
2026-09-18T14:31:35.9643599Z TX 43 4f 5a 03 52 45 01 0b 00 00 00 00 15 00 e7 fb a9 f1 b2 f3 d3 40 b6 01 00 00 b5 01 00 00 00
2026-09-18T14:31:35.9831303Z RX 43 4f 5a 03 52 45 01 09 00 00 00 00 04 00 0b 11 00 e7 fb a9 f1 b2 f3 d3 40 b6 01 00 00 b5 01 00 00 00 05 5c 00 f0 cf 4e 00 00 00 00 00 00 00 00 00 00 00 00 7a 3d 00 00 00 00 00 00 00 00 11 4e 65 3a 99 dd 48 3d 00 00 00 00 00 00 00 00 0d 69 cc 3e 45 06 4b be 90 f6 8f 45 93 ee 8c 44 11 66 15 46 40 2b 7f 39 d0 82 0f ba 92 37 12 ba 00 81 95 40 10 33 00 00 6a 03 00 00 00 00 00 00 00 00 ff
2026-09-18T14:31:36.0104694Z TX 43 4f 5a 03 52 45 01 0b 00 00 00 00 15 00 a1 f8 31 e6 3a ff d3 40 b7 01 00 00 b6 01 00 00 00
2026-09-18T14:31:36.0157068Z RX 43 4f 5a 03 52 45 01 09 00 00 00 00 04 00 05 5c 00 f0 ed 4e 00 00 00 00 00 00 00 00 00 00 00 00 7a 3d 00 00 00 00 00 00 00 00 ce b8 5b 3a 15 ab 48 3d 00 00 00 00 00 00 00 00 0d 69 cc 3e 45 06 4b be c5 f1 8f 45 a8 e7 8d 44 e8 52 15 46 00 62 88 3a 50 69 07 3a c4 d2 55 ba 00 81 95 40 10 33 00 00 6a 03 00 00 00 00 00 00 00 00 ff 0b 11 00 a1 f8 31 e6 3a ff d3 40 b7 01 00 00 b6 01 00 00 00
2026-09-18T14:31:36.0486280Z RX 43 4f 5a 03 52 45 01 09 00 00 00 00 04 00 05 5c 00 f0 0b 4f 00 00 00 00 00 00 00 00 00 00 00 00 7a 3d 00 00 00 00 00 00 00 00 6e 4f 5d 3a 02 25 49 3d 00 00 00 00 00 00 00 00 0d 69 cc 3e 45 06 4b be 2e 8d 8f 45 56 c1 8d 44 34 85 15 46 a8 4e 4a 3a cc 60 b0 ba fb f7 44 3a 00 81 95 40 10 33 00 00 6a 03 00 00 00 00 00 00 00 00 ff
2026-09-18T14:31:36.0572485Z TX 43 4f 5a 03 52 45 01 0b 00 00 00 00 15 00 db 8a fd 65 eb 0a d4 40 b8 01 00 00 b7 01 00 00 00
2026-09-18T14:31:36.0817952Z RX 43 4f 5a 03 52 45 01 09 00 00 00 00 04 00 05 5c 00 f0 29 4f 00 00 00 00 00 00 00 00 00 00 00 00 7a 3d 00 00 00 00 00 00 00 00 39 b7 63 3a d3 3e 49 3d 00 00 00 00 00 00 00 00 0d 69 cc 3e 45 06 4b be e6 f3 8e 45 2d ae 8d 44 89 44 15 46 40 f5 79 39 f0 90 84 39 25 c7 ff 39 00 e3 95 40 10 33 00 00 6a 03 00 00 00 00 00 00 00 00 ff 0b 11 00 db 8a fd 65 eb 0a d4 40 b8 01 00 00 b7 01 00 00 00
2026-09-18T14:31:36.1041963Z TX 43 4f 5a 03 52 45 01 0b 00 00 00 00 15 00 ab cf d5 56 a8 16 d4 40 b9 01 00 00 b8 01 00 00 00
2026-09-18T14:31:36.1147612Z RX 43 4f 5a 03 52 45 01 09 00 00 00 00 04 00 05 5c 00 f0 47 4f 00 00 00 00 00 00 00 00 00 00 00 00 7a 3d 00 00 00 00 00 00 00 00 00 b4 5f 3a f4 c5 48 3d 00 00 00 00 00 00 00 00 0d 69 cc 3e 45 06 4b be b3 53 8f 45 22 42 8c 44 8c 9f 15 46 d0 b2 03 3a 04 18 8d ba a3 95 af ba 00 81 95 40 10 33 00 00 6a 03 00 00 00 00 00 00 00 00 ff 0b 11 00 ab cf d5 56 a8 16 d4 40 b9 01 00 00 b8 01 00 00 00
2026-09-18T14:31:36.1477540Z RX 43 4f 5a 03 52 45 01 09 00 00 00 00 04 00 05 5c 00 f0 65 4f 00 00 00 00 00 00 00 00 00 00 00 00 7a 3d 00 00 00 00 00 00 00 00 f2 82 56 3a ec 26 49 3d 00 00 00 00 00 00 00 00 0d 69 cc 3e 45 06 4b be 80 b3 8f 45 0f 07 8f 44 e2 5e 15 46 20 54 13 ba 00 25 90 b9 89 ea 8c ba 00 81 95 40 10 33 00 00 6a 03 00 00 00 00 00 00 00 00 ff 05 0a 00 f3 bc bc 58 de 02 00 00 00 44 05 5c 00 f0 83 4f 00 00 00 00 00 00 00 00 00 00 00 00 7a 3d 00 00 00 00 00 00 00 00 ae 0f 51 3a 66 59 49 3d 00 00 00 00 00 00 00 00 0d 69 cc 3e 45 06 4b be 2e 8d 8f 45 f9 2e 8c 44 b9 4b 15 46 00 64 f3 b7 d0 c7 86 39 2e df eb b7 00 81 95 40 10 33 00 00 6a 03 00 00 00 00 00 00 00 00 ff
2026-09-18T14:31:36.1510585Z TX 43 4f 5a 03 52 45 01 0b 00 00 00 00 15 00 8b fd 65 f7 6c 22 d4 40 ba 01 00 00 b9 01 00 00 00
2026-09-18T14:31:36.1807752Z RX 43 4f 5a 03 52 45 01 09 00 00 00 00 04 00 0b 11 00 8b fd 65 f7 6c 22 d4 40 ba 01 00 00 b9 01 00 00 00 05 5c 00 f0 a1 4f 00 00 00 00 00 00 00 00 00 00 00 00 7a 3d 00 00 00 00 00 00 00 00 3f 76 53 3a 9b 63 49 3d 00 00 00 00 00 00 00 00 0d 69 cc 3e 45 06 4b be 69 3e 90 45 c7 6d 8e 44 2b 36 15 46 c0 7e 78 39 00 30 90 b9 f3 2e 85 3a 00 81 95 40 10 33 00 00 6a 03 00 00 00 00 00 00 00 00 ff
2026-09-18T14:31:36.1976248Z TX 43 4f 5a 03 52 45 01 0b 00 00 00 00 15 00 66 88 63 5d 10 2e d4 40 bb 01 00 00 ba 01 00 00 00
2026-09-18T14:31:36.2137564Z RX 43 4f 5a 03 52 45 01 09 00 00 00 00 04 00 0b 11 00 66 88 63 5d 10 2e d4 40 bb 01 00 00 ba 01 00 00 00 05 5c 00 f0 bf 4f 00 00 00 00 00 00 00 00 00 00 00 00 7a 3d 00 00 00 00 00 00 00 00 08 de 5c 3a c4 2b 49 3d 00 00 00 00 00 00 00 00 0d 69 cc 3e 45 06 4b be d2 d9 8f 45 6b ba 8e 44 40 6d 15 46 50 67 03 3a 30 c1 8f b9 ba fe a6 3a 00 e3 95 40 10 33 00 00 6a 03 00 00 00 00 00 00 00 00 ff
2026-09-18T14:31:36.2439964Z TX 43 4f 5a 03 52 45 01 0b 00 00 00 00 15 00 a1 67 b3 ea 9b 39 d4 40 bc 01 00 00 bb 01 00 00 00
2026-09-18T14:31:36.2466445Z RX 43 4f 5a 03 52 45 01 09 00 00 00 00 04 00 05 5c 00 f0 dd 4f 00 00 00 00 00 00 00 00 00 00 00 00 7a 3d 00 00 00 00 00 00 00 00 35 87 62 3a 97 7d 49 3d 00 00 00 00 00 00 00 00 0d 69 cc 3e 45 06 4b be ec a9 8f 45 4c 34 8e 44 ac 63 15 46 80 c1 75 39 00 f8 10 b7 35 f0 9a b9 00 e3 95 40 10 33 00 00 6a 03 00 00 00 00 00 00 00 00 ff 0b 11 00 a1 67 b3 ea 9b 39 d4 40 bc 01 00 00 bb 01 00 00 00
2026-09-18T14:31:36.2796613Z RX 43 4f 5a 03 52 45 01 09 00 00 00 00 04 00 05 5c 00 f0 fb 4f 00 00 00 00 00 00 00 00 00 00 00 00 7a 3d 00 00 00 00 00 00 00 00 67 44 5f 3a 4f 59 49 3d 00 00 00 00 00 00 00 00 0d 69 cc 3e 45 06 4b be 9c de 8f 45 fa 0d 8e 44 ac 63 15 46 80 b8 02 3a 48 6f 0d ba 79 d8 0a b8 00 e3 95 40 10 33 00 00 6a 03 00 00 00 00 00 00 00 00 ff
2026-09-18T14:31:36.2911138Z TX 43 4f 5a 03 52 45 01 0b 00 00 00 00 15 00 57 5b b1 bf 58 45 d4 40 bd 01 00 00 bc 01 00 00 00
2026-09-18T14:31:36.3125289Z RX 43 4f 5a 03 52 45 01 09 00 00 00 00 04 00 0b 11 00 57 5b b1 bf 58 45 d4 40 bd 01 00 00 bc 01 00 00 00 05 5c 00 f0 19 50 00 00 00 00 00 00 00 00 00 00 00 00 7a 3d 00 00 00 00 00 00 00 00 d6 f4 61 3a 9d 5d 49 3d 00 00 00 00 00 00 00 00 0d 69 cc 3e 45 06 4b be b3 53 8f 45 fb ec 8f 44 1e 4e 15 46 c0 07 73 39 60 26 0d ba 3a 8b 44 3a 00 e3 95 40 10 33 00 00 6a 03 00 00 00 00 00 00 00 00 ff
2026-09-18T14:31:36.3381584Z TX 43 4f 5a 03 52 45 01 0b 00 00 00 00 15 00 f4 6c 56 7d 2a 51 d4 40 be 01 00 00 bd 01 00 00 00
2026-09-18T14:31:36.3459518Z RX 43 4f 5a 03 52 45 01 09 00 00 00 00 04 00 05 0a 00 f3 ec 8e 1a 24 02 00 00 00 4b 05 5c 00 f0 37 50 00 00 00 00 00 00 00 00 00 00 00 00 7a 3d 00 00 00 00 00 00 00 00 52 60 65 3a ed 0d 49 3d 00 00 00 00 00 00 00 00 0d 69 cc 3e 45 06 4b be 73 cb 8f 45 80 b3 8f 44 70 74 15 46 28 db 47 3a c0 4f 8e b9 48 d6 13 b8 00 81 95 40 10 33 00 00 6a 03 00 00 00 00 00 00 00 00 ff 0b 11 00 f4 6c 56 7d 2a 51 d4 40 be 01 00 00 bd 01 00 00 00
2026-09-18T14:31:36.3786494Z RX 43 4f 5a 03 52 45 01 09 00 00 00 00 04 00 05 5c 00 f0 55 50 00 00 00 00 00 00 00 00 00 00 00 00 7a 3d 00 00 00 00 00 00 00 00 f3 c2 5e 3a 02 0e 49 3d 00 00 00 00 00 00 00 00 0d 69 cc 3e 45 06 4b be 54 45 8f 45 7f d4 8d 44 1e 4e 15 46 e0 4e 9f b9 20 42 52 ba 4b 4b 8d ba 00 81 95 40 10 33 00 00 6a 03 00 00 00 00 00 00 00 00 ff
2026-09-18T14:31:36.3849442Z TX 43 4f 5a 03 52 45 01 0b 00 00 00 00 15 00 c2 86 a7 57 da 5c d4 40 bf 01 00 00 be 01 00 00 00
2026-09-18T14:31:36.4117530Z RX 43 4f 5a 03 52 45 01 09 00 00 00 00 04 00 05 5c 00 f0 73 50 00 00 00 00 00 00 00 00 00 00 00 00 7a 3d 00 00 00 00 00 00 00 00 1b 1d 5e 3a 84 42 49 3d 00 00 00 00 00 00 00 00 0d 69 cc 3e 45 06 4b be 38 1a 8f 45 d1 fa 8d 44 4d 55 15 46 a0 d4 9e b9 d4 4a d1 ba 0f ae 6f 39 00 81 95 40 10 33 00 00 6a 03 00 00 00 00 00 00 00 00 ff 0b 11 00 c2 86 a7 57 da 5c d4 40 bf 01 00 00 be 01 00 00 00
2026-09-18T14:31:36.4304875Z TX 43 4f 5a 03 52 45 01 0b 00 00 00 00 15 00 b7 d1 00 de 3a 68 d4 40 c0 01 00 00 bf 01 00 00 00
2026-09-18T14:31:36.4448714Z RX 43 4f 5a 03 52 45 01 09 00 00 00 00 04 00 05 5c 00 f0 91 50 00 00 00 00 00 00 00 00 00 00 00 00 7a 3d 00 00 00 00 00 00 00 00 a4 bf 59 3a 49 8d 49 3d 00 00 00 00 00 00 00 00 0d 69 cc 3e 45 06 4b be 14 bd 8f 45 04 9b 8d 44 b9 4b 15 46 40 b2 70 39 a4 ba 8b 3a e5 a2 55 ba 00 81 95 40 10 33 00 00 6a 03 00 00 00 00 00 00 00 00 ff 0b 11 00 b7 d1 00 de 3a 68 d4 40 c0 01 00 00 bf 01 00 00 00
2026-09-18T14:31:36.4766302Z TX 43 4f 5a 03 52 45 01 0b 00 00 00 00 15 00 1d c9 e5 3f c4 73 d4 40 c1 01 00 00 c0 01 00 00 00
2026-09-18T14:31:36.4780268Z RX 43 4f 5a 03 52 45 01 09 00 00 00 00 04 00 05 5c 00 f0 af 50 00 00 00 00 00 00 00 00 00 00 00 00 7a 3d 00 00 00 00 00 00 00 00 38 16 5c 3a 5b 57 49 3d 00 00 00 00 00 00 00 00 0d 69 cc 3e 45 06 4b be b3 53 8f 45 37 3b 8d 44 fe 89 15 46 30 bd 01 3a a0 a6 8b b9 b6 c9 84 3a 00 81 95 40 10 33 00 00 6a 03 00 00 00 00 00 00 00 00 ff 05 5c 00 f0 cd 50 00 00 00 00 00 00 00 00 00 00 00 00 7a 3d 00 00 00 00 00 00 00 00 8d 1f 62 3a 9f 1e 49 3d 00 00 00 00 00 00 00 00 0d 69 cc 3e 45 06 4b be fb ec 8f 45 0f 07 8f 44 2d 91 15 46 44 f0 cb 3a 00 00 c9 33 5d 0a 00 3a 00 81 95 40 10 33 00 00 6a 03 00 00 00 00 00 00 00 00 ff
2026-09-18T14:31:36.5107699Z RX 43 4f 5a 03 52 45 01 09 00 00 00 00 04 00 0b 11 00 1d c9 e5 3f c4 73 d4 40 c1 01 00 00 c0 01 00 00 00 05 5c 00 f0 eb 50 00 00 00 00 00 00 00 00 00 00 00 00 7a 3d 00 00 00 00 00 00 00 00 f0 ef 68 3a ec 34 49 3d 00 00 00 00 00 00 00 00 0d 69 cc 3e 45 06 4b be 69 3e 90 45 7e f5 8b 44 7d 5c 15 46 80 c9 69 39 00 00 c9 33 2d 32 84 3a 00 81 95 40 10 33 00 00 6a 03 00 00 00 00 00 00 00 00 ff
2026-09-18T14:31:36.5224672Z TX 43 4f 5a 03 52 45 01 0b 00 00 00 00 15 00 18 95 d4 09 38 7f d4 40 c2 01 00 00 c1 01 00 00 00
2026-09-18T14:31:36.5437754Z RX 43 4f 5a 03 52 45 01 09 00 00 00 00 04 00 0b 11 00 18 95 d4 09 38 7f d4 40 c2 01 00 00 c1 01 00 00 00 05 5c 00 f0 09 51 00 00 00 00 00 00 00 00 00 00 00 00 7a 3d 00 00 00 00 00 00 00 00 0b 4f 6f 3a 39 5e 49 3d 00 00 00 00 00 00 00 00 0d 69 cc 3e 45 06 4b be 73 cb 8f 45 0f 07 8f 44 63 8c 15 46 a8 dd 45 3a 00 40 c1 34 bc 25 a6 3a 00 81 95 40 10 33 00 00 6a 03 00 00 00 00 00 00 00 00 ff
2026-09-18T14:31:36.5687911Z TX 43 4f 5a 03 52 45 01 0b 00 00 00 00 15 00 07 ce 19 51 ba 8a d4 40 c3 01 00 00 c2 01 00 00 00
2026-09-18T14:31:36.5768872Z RX 43 4f 5a 03 52 45 01 09 00 00 00 00 04 00 05 5c 00 f0 27 51 00 00 00 00 00 00 00 00 00 00 00 00 7a 3d 00 00 00 00 00 00 00 00 e0 15 70 3a 44 49 49 3d 00 00 00 00 00 00 00 00 0d 69 cc 3e 45 06 4b be 57 a0 8f 45 6b ba 8e 44 89 44 15 46 00 4a fe 39 f0 70 8b b9 2c 56 b0 ba 00 81 95 40 10 33 00 00 6a 03 00 00 00 00 00 00 00 00 ff 0b 11 00 07 ce 19 51 ba 8a d4 40 c3 01 00 00 c2 01 00 00 00
2026-09-18T14:31:36.6097563Z RX 43 4f 5a 03 52 45 01 09 00 00 00 00 04 00 05 5c 00 f0 45 51 00 00 00 00 00 00 00 00 00 00 00 00 7a 3d 00 00 00 00 00 00 00 00 1a 3f 64 3a c8 79 49 3d 00 00 00 00 00 00 00 00 0d 69 cc 3e 45 06 4b be 48 5d 8f 45 b1 95 8b 44 86 ab 15 46 c0 c3 17 ba ac 49 ae 3a ef 1c 12 ba 00 e3 95 40 10 33 00 00 6a 03 00 00 00 00 00 00 00 00 ff
2026-09-18T14:31:36.6145351Z TX 43 4f 5a 03 52 45 01 0b 00 00 00 00 15 00 83 c0 ca a1 3d 96 d4 40 c4 01 00 00 c3 01 00 00 00
2026-09-18T14:31:36.6428559Z RX 43 4f 5a 03 52 45 01 09 00 00 00 00 04 00 0b 11 00 83 c0 ca a1 3d 96 d4 40 c4 01 00 00 c3 01 00 00 00 05 5c 00 f0 63 51 00 00 00 00 00 00 00 00 00 00 00 00 7a 3d 00 00 00 00 00 00 00 00 b6 35 63 3a 11 2f 49 3d 00 00 00 00 00 00 00 00 0d 69 cc 3e 45 06 4b be 2e 8d 8f 45 60 4e 8d 44 18 5a 15 46 00 73 17 ba 70 97 ad 3a 51 6e 44 3a 00 81 95 40 10 33 00 00 6a 03 00 00 00 00 00 00 00 00 ff
2026-09-18T14:31:36.6605847Z TX 43 4f 5a 03 52 45 01 0b 00 00 00 00 15 00 56 7d ae b6 ce a1 d4 40 c5 01 00 00 c4 01 00 00 00
2026-09-18T14:31:36.6756969Z RX 43 4f 5a 03 52 45 01 09 00 00 00 00 04 00 05 5c 00 f0 81 51 00 00 00 00 00 00 00 00 00 00 00 00 7a 3d 00 00 00 00 00 00 00 00 76 f7 69 3a af 57 49 3d 00 00 00 00 00 00 00 00 0d 69 cc 3e 45 06 4b be c5 f1 8f 45 41 c8 8c 44 60 31 15 46 a0 33 ff 39 00 08 06 b7 d1 4c 9c b9 00 e3 95 40 10 33 00 00 6a 03 00 00 00 00 00 00 00 00 ff 0b 11 00 56 7d ae b6 ce a1 d4 40 c5 01 00 00 c4 01 00 00 00
2026-09-18T14:31:36.7056593Z TX 43 4f 5a 03 52 45 01 0b 00 00 00 00 15 00 31 08 ac 1c 12 ad d4 40 c6 01 00 00 c5 01 00 00 00
2026-09-18T14:31:36.7084473Z RX 43 4f 5a 03 52 45 01 09 00 00 00 00 04 00 05 5c 00 f0 9f 51 00 00 00 00 00 00 00 00 00 00 00 00 7a 3d 00 00 00 00 00 00 00 00 b9 c4 6a 3a 20 26 49 3d 00 00 00 00 00 00 00 00 0d 69 cc 3e 45 06 4b be 02 1f 8f 45 2d ae 8d 44 b2 57 15 46 80 d7 67 39 10 f1 87 39 e9 05 6b 39 00 e3 95 40 10 33 00 00 6a 03 00 00 00 00 00 00 00 00 ff 0b 11 00 31 08 ac 1c 12 ad d4 40 c6 01 00 00 c5 01 00 00 00
2026-09-18T14:31:36.7416260Z RX 43 4f 5a 03 52 45 01 09 00 00 00 00 04 00 05 5c 00 f0 bd 51 00 00 00 00 00 00 00 00 00 00 00 00 7a 3d 00 00 00 00 00 00 00 00 fc fe 65 3a ac 1c 49 3d 00 00 00 00 00 00 00 00 0d 69 cc 3e 45 06 4b be 48 5d 8f 45 8b 1f 91 44 b9 4b 15 46 40 93 fe 39 e0 65 0d ba 3b b3 14 b8 00 81 95 40 10 33 00 00 6a 03 00 00 00 00 00 00 00 00 ff
2026-09-18T14:31:36.7517554Z TX 43 4f 5a 03 52 45 01 0b 00 00 00 00 15 00 3d 9b 55 9f 8b b8 d4 40 c7 01 00 00 c6 01 00 00 00
2026-09-18T14:31:36.7745712Z RX 43 4f 5a 03 52 45 01 09 00 00 00 00 04 00 05 5c 00 f0 db 51 00 00 00 00 00 00 00 00 00 00 00 00 7a 3d 00 00 00 00 00 00 00 00 07 94 64 3a 9c 27 49 3d 00 00 00 00 00 00 00 00 0d 69 cc 3e 45 06 4b be 9a 83 8f 45 93 ee 8c 44 7d 5c 15 46 00 5a 49 b8 88 8b 52 ba be 4d 9b b9 00 81 95 40 10 33 00 00 6a 03 00 00 00 00 00 00 00 00 ff 0b 11 00 3d 9b 55 9f 8b b8 d4 40 c7 01 00 00 c6 01 00 00 00 05 5c 00 f0 f9 51 00 00 00 00 00 00 00 00 00 00 00 00 7a 3d 00 00 00 00 00 00 00 00 c4 d2 6c 3a 95 ec 48 3d 00 00 00 00 00 00 00 00 0d 69 cc 3e 45 06 4b be 9c de 8f 45 d1 fa 8d 44 c8 8e 15 46 c0 9b fd 39 00 30 6c b6 c2 04 84 3a 00 e3 95 40 10 33 00 00 6a 03 00 00 00 00 00 00 00 00 ff
2026-09-18T14:31:36.7981194Z TX 43 4f 5a 03 52 45 01 0b 00 00 00 00 15 00 2f dd 24 06 2d c4 d4 40 c8 01 00 00 c7 01 00 00 00
2026-09-18T14:31:36.8075467Z RX 43 4f 5a 03 52 45 01 09 00 00 00 00 04 00 0b 11 00 2f dd 24 06 2d c4 d4 40 c8 01 00 00 c7 01 00 00 00 05 5c 00 f0 17 52 00 00 00 00 00 00 00 00 00 00 00 00 7a 3d 00 00 00 00 00 00 00 00 00 03 6b 3a 63 0c 49 3d 00 00 00 00 00 00 00 00 0d 69 cc 3e 45 06 4b be 54 45 8f 45 c7 6d 8e 44 70 74 15 46 00 47 4e b8 30 45 0c ba a2 12 1c b8 00 e3 95 40 10 33 00 00 6a 03 00 00 00 00 00 00 00 00 ff
2026-09-18T14:31:36.8405168Z RX 43 4f 5a 03 52 45 01 09 00 00 00 00 04 00 05 5c 00 f0 35 52 00 00 00 00 00 00 00 00 00 00 00 00 7a 3d 00 00 00 00 00 00 00 00 3e d5 6e 3a a8 13 49 3d 00 00 00 00 00 00 00 00 0d 69 cc 3e 45 06 4b be 90 f6 8f 45 04 9b 8d 44 60 31 15 46 00 89 4b b8 a0 59 8c b9 c5 5c 43 3a 00 81 95 40 10 33 00 00 6a 03 00 00 00 00 00 00 00 00 ff
2026-09-18T14:31:36.8443289Z TX 43 4f 5a 03 52 45 01 0b 00 00 00 00 15 00 ad fa 5c 6d bd cf d4 40 c9 01 00 00 c8 01 00 00 00
2026-09-18T14:31:36.8734881Z RX 43 4f 5a 03 52 45 01 09 00 00 00 00 04 00 0b 11 00 ad fa 5c 6d bd cf d4 40 c9 01 00 00 c8 01 00 00 00 05 5c 00 f0 53 52 00 00 00 00 00 00 00 00 00 00 00 00 7a 3d 00 00 00 00 00 00 00 00 1a b3 73 3a ab 12 49 3d 00 00 00 00 00 00 00 00 0d 69 cc 3e 45 06 4b be 61 2d 8f 45 c8 4c 90 44 f8 95 15 46 c0 21 63 39 fc 9d 8b ba ec 16 9e b9 80 fd 94 40 10 33 00 00 6a 03 00 00 00 00 00 00 00 00 ff
2026-09-18T14:31:36.8903245Z TX 43 4f 5a 03 52 45 01 0b 00 00 00 00 15 00 bc 05 12 14 3b db d4 40 ca 01 00 00 c9 01 00 00 00
2026-09-18T14:31:36.9065152Z RX 43 4f 5a 03 52 45 01 09 00 00 00 00 04 00 0b 11 00 bc 05 12 14 3b db d4 40 ca 01 00 00 c9 01 00 00 00 05 5c 00 f0 71 52 00 00 00 00 00 00 00 00 00 00 00 00 7a 3d 00 00 00 00 00 00 00 00 29 ac 6c 3a 42 c9 48 3d 00 00 00 00 00 00 00 00 0d 69 cc 3e 45 06 4b be 9a 83 8f 45 75 47 8e 44 eb ad 15 46 20 fd a4 b9 10 a7 50 ba 5b 60 57 ba 00 81 95 40 10 33 00 00 6a 03 00 00 00 00 00 00 00 00 ff
2026-09-18T14:31:36.9358761Z TX 43 4f 5a 03 52 45 01 0b 00 00 00 00 15 00 ef c9 c3 42 9d e6 d4 40 cb 01 00 00 ca 01 00 00 00
2026-09-18T14:31:36.9456578Z RX 43 4f 5a 03 52 45 01 09 00 00 00 00 04 00 05 5c 00 f0 8f 52 00 00 00 00 00 00 00 00 00 00 00 00 7a 3d 00 00 00 00 00 00 00 00 fc dd 6a 3a e9 c8 48 3d 00 00 00 00 00 00 00 00 0d 69 cc 3e 45 06 4b be 64 88 8f 45 77 05 92 44 24 42 15 46 00 07 48 b8 bc ba 8a ba d1 75 9c b9 00 81 95 40 10 33 00 00 6a 03 00 00 00 00 00 00 00 00 ff 0b 11 00 ef c9 c3 42 9d e6 d4 40 cb 01 00 00 ca 01 00 00 00
2026-09-18T14:31:36.9725728Z RX 43 4f 5a 03 52 45 01 09 00 00 00 00 04 00 05 5c 00 f0 ad 52 00 00 00 00 00 00 00 00 00 00 00 00 7a 3d 00 00 00 00 00 00 00 00 8a dd 63 3a c1 be 48 3d 00 00 00 00 00 00 00 00 0d 69 cc 3e 45 06 4b be 9c de 8f 45 23 21 8e 44 6a 80 15 46 20 fd 17 ba 00 a4 f7 36 3b 90 56 ba 00 81 95 40 10 33 00 00 6a 03 00 00 00 00 00 00 00 00 ff
2026-09-18T14:31:36.9832091Z TX 43 4f 5a 03 52 45 01 0b 00 00 00 00 15 00 8b 6c e7 fb 69 f2 d4 40 cc 01 00 00 cb 01 00 00 00
2026-09-18T14:31:37.0056299Z RX 43 4f 5a 03 52 45 01 09 00 00 00 00 04 00 05 5c 00 f0 cb 52 00 00 00 00 00 00 00 00 00 00 00 00 7a 3d 00 00 00 00 00 00 00 00 a9 0e 65 3a ed 52 49 3d 00 00 00 00 00 00 00 00 0d 69 cc 3e 45 06 4b be 4d 13 90 45 6a db 8c 44 c2 9a 15 46 00 5c 3d b8 70 5a 87 b9 59 63 9b b9 00 81 95 40 10 33 00 00 6a 03 00 00 00 00 00 00 00 00 ff 0b 11 00 8b 6c e7 fb 69 f2 d4 40 cc 01 00 00 cb 01 00 00 00
2026-09-18T14:31:37.0135629Z TX 43 4f 5a 03 52 45 01 04 05 00 05 00 15 00 37 00 00 00 00 00 00 20 41 00 00 20 41 00 00 00 00 02
2026-09-18T14:31:37.0385970Z RX 43 4f 5a 03 52 45 01 09 16 00 16 00 05 00 05 5c 00 f0 e9 52 00 00 00 00 00 00 00 00 00 00 00 00 7a 3d 00 00 00 00 00 00 00 00 85 ee 5f 3a f2 45 49 3d 00 00 00 00 00 00 00 00 0d 69 cc 3e 45 06 4b be a4 10 8f 45 fa 0d 8e 44 ee 46 15 46 50 b5 17 ba 28 ca 4e ba e2 b5 11 ba 00 e3 95 40 10 33 00 00 6a 03 00 00 00 00 00 00 00 00 ff 04 02 00 c4 02
2026-09-18T14:31:37.0596746Z TX 43 4f 5a 03 52 45 01 0b 00 00 00 00 16 00 69 00 6f 81 90 05 d5 40 cd 01 00 00 cc 01 00 00 00
2026-09-18T14:31:37.0715444Z RX 43 4f 5a 03 52 45 01 09 00 00 00 00 05 00 05 5c 00 f0 07 53 00 00 00 00 00 00 00 00 00 00 00 00 7a 3d 00 00 00 00 00 00 00 00 59 6b 5d 3a cb 1b 49 3d 00 00 00 00 00 00 00 00 0d 69 cc 3e 45 06 4b be 5a fb 8f 45 88 82 8b 44 2d 91 15 46 40 69 66 39 00 22 23 37 b9 4b 9a b9 00 e3 95 40 10 31 00 00 6a 03 00 00 00 00 00 00 00 00 ff 0b 11 00 69 00 6f 81 90 05 d5 40 cd 01 00 00 cc 01 00 00 00
2026-09-18T14:31:37.1049085Z RX 43 4f 5a 03 52 45 01 09 00 00 00 00 05 00 05 5c 00 f0 25 53 00 00 00 00 00 00 00 00 00 00 00 00 7a 3d 00 00 00 00 00 00 00 00 fd ba 52 3a 70 a0 48 3d 00 00 00 00 00 00 00 00 0d 69 cc 3e 45 06 4b be 2b 32 8f 45 db 87 8d 44 56 a4 15 46 20 b2 fe 39 80 96 90 39 87 20 56 ba 00 e3 95 40 10 31 00 00 6a 03 00 00 00 00 00 00 00 00 ff 05 5c 00 f0 43 53 00 00 00 00 00 00 00 00 00 00 00 00 7a 3d 00 00 00 00 00 00 00 00 50 2a 56 3a 5a 89 48 3d 00 00 00 00 00 00 00 00 0d 69 cc 3e 45 06 4b be 7d 58 8f 45 fa 0d 8e 44 40 6d 15 46 a0 60 5d ba 33 17 83 3b 3b 52 00 3a 00 81 95 40 10 31 00 00 6a 03 00 00 00 00 00 00 00 00 ff
2026-09-18T14:31:37.1079243Z TX 43 4f 5a 03 52 45 01 0b 00 00 00 00 16 00 12 83 c0 ca a5 11 d5 40 ce 01 00 00 cd 01 00 00 00
2026-09-18T14:31:37.1376980Z RX 43 4f 5a 03 52 45 01 09 00 00 00 00 05 00 0b 11 00 12 83 c0 ca a5 11 d5 40 ce 01 00 00 cd 01 00 00 00 05 5c 00 f0 61 53 00 00 00 00 00 00 00 00 00 00 00 00 7a 3d 00 00 00 00 00 00 00 00 9e 05 61 3a 86 00 5c 3d 00 00 00 00 00 00 00 00 0d c9 c7 3e 45 06 4b be e6 35 94 45 23 21 8e 44 16 9c 11 46 c8 17 45 3a 56 4a 07 3c 93 d0 06 3b 00 81 95 40 10 31 00 00 6a 03 00 00 00 00 00 00 00 00 ff
2026-09-18T14:31:37.1537588Z TX 43 4f 5a 03 52 45 01 0b 00 00 00 00 16 00 7e 8c b9 6b 19 1d d5 40 cf 01 00 00 ce 01 00 00 00
2026-09-18T14:31:37.1706225Z RX 43 4f 5a 03 52 45 01 09 00 00 00 00 05 00 05 0a 00 f3 bc bc 58 de 02 00 00 00 44 05 0a 00 f3 8b 63 6c 11 01 00 00 00 2c 0b 11 00 7e 8c b9 6b 19 1d d5 40 cf 01 00 00 ce 01 00 00 00 05 5c 00 f0 7f 53 00 00 00 00 00 00 00 00 00 00 00 00 7a 3d 00 00 00 00 00 00 00 00 b3 4d 51 3a d6 a2 88 3d 00 00 00 00 00 00 00 00 0d 39 bc 3e 45 06 4b be 64 ca 94 45 c9 54 a5 44 9d 39 07 46 e6 15 a3 3c eb 5e ab 3e 3e 34 23 bc 00 e3 95 40 11 31 00 00 6a 03 00 00 00 00 00 00 00 00 ff
2026-09-18T14:31:37.2008795Z TX 43 4f 5a 03 52 45 01 0b 00 00 00 00 16 00 a0 89 b0 e1 d9 28 d5 40 d0 01 00 00 cf 01 00 00 00
2026-09-18T14:31:37.2043920Z RX 43 4f 5a 03 52 45 01 09 00 00 00 00 05 00 05 5c 00 f0 9d 53 00 00 00 00 00 00 00 00 00 00 00 00 7a 3d 00 00 00 00 00 00 00 00 65 55 a0 3a 4a 65 ae 3d 00 00 00 00 00 00 00 00 0d 69 a7 3e 45 06 4b be 80 0e 87 45 7a a2 97 44 f2 3e 12 46 be 9a 53 bd 5b 64 9e 3f 30 21 8f 3c 00 81 95 40 11 31 00 00 6a 03 00 00 00 00 00 00 00 00 ff 0b 11 00 a0 89 b0 e1 d9 28 d5 40 d0 01 00 00 cf 01 00 00 00
2026-09-18T14:31:37.2379540Z RX 43 4f 5a 03 52 45 01 09 00 00 00 00 05 00 05 5c 00 f0 bb 53 00 00 00 00 00 00 00 00 00 00 00 00 7a 3d 00 00 00 00 00 00 00 00 8f c3 ba 3a 02 44 bb 3d 00 00 00 00 00 00 00 00 0d f9 8d 3e 45 06 4b be be e7 67 45 71 cb 86 44 26 a1 1b 46 c4 c0 d2 bb 2f 64 ca 3f 54 d3 c3 3b 00 81 95 40 11 31 00 00 6a 03 00 00 00 00 00 00 00 00 ff
2026-09-18T14:31:37.2468872Z TX 43 4f 5a 03 52 45 01 0b 00 00 00 00 16 00 41 f1 63 cc 59 34 d5 40 d1 01 00 00 d0 01 00 00 00
2026-09-18T14:31:37.2702688Z RX 43 4f 5a 03 52 45 01 09 00 00 00 00 05 00 0b 11 00 41 f1 63 cc 59 34 d5 40 d1 01 00 00 d0 01 00 00 00 05 5c 00 f0 d9 53 00 00 00 00 00 00 00 00 00 00 00 00 7a 3d 00 00 00 00 00 00 00 00 4b c8 e4 3a 11 64 c5 3d 00 00 00 00 00 00 00 00 1a 32 5b 3e 45 06 4b be e0 d9 45 45 7a 79 84 44 e6 77 19 46 74 96 94 bc d9 f5 f4 3f 5d e4 6a 3c 00 81 95 40 11 31 00 00 6a 03 00 00 00 00 00 00 00 00 ff
2026-09-18T14:31:37.2933014Z TX 43 4f 5a 03 52 45 01 0b 00 00 00 00 16 00 bd 52 96 21 e6 3f d5 40 d2 01 00 00 d1 01 00 00 00
2026-09-18T14:31:37.3027464Z RX 43 4f 5a 03 52 45 01 09 00 00 00 00 05 00 05 5c 00 f0 f7 53 00 00 00 00 00 00 00 00 00 00 00 00 7a 3d 00 00 00 00 00 00 00 00 95 98 0d 3b 38 6d b6 3d 00 00 00 00 00 00 00 00 1a b2 23 3e 45 06 4b be 0e cd 15 45 c6 8e 8c 44 80 dc 22 46 d2 75 b7 bc 06 ed 02 40 af f6 2e 3c 00 81 95 40 11 31 00 00 6a 03 00 00 00 00 00 00 00 00 ff 0b 11 00 bd 52 96 21 e6 3f d5 40 d2 01 00 00 d1 01 00 00 00
2026-09-18T14:31:37.3357806Z RX 43 4f 5a 03 52 45 01 09 00 00 00 00 05 00 05 5c 00 f0 15 54 00 00 00 00 00 00 00 00 00 00 00 00 7a 3d 00 00 00 00 00 00 00 00 09 3b 20 3b 56 0c a5 3d 00 00 00 00 00 00 00 00 34 e4 ea 3d 45 06 4b be 03 b2 fe 44 67 3e 87 44 ef 6b 22 46 18 ca 67 bc 2f 64 ca 3f 01 b8 0c 3c 00 e3 95 40 11 31 00 00 6a 03 00 00 00 00 00 00 00 00 ff 05 0a 00 f3 ec 8e 1a 24 02 00 00 00 4a
2026-09-18T14:31:37.3409158Z TX 43 4f 5a 03 52 45 01 0b 00 00 00 00 16 00 29 ed 0d be d4 4b d5 40 d3 01 00 00 d2 01 00 00 00
2026-09-18T14:31:37.3692663Z RX 43 4f 5a 03 52 45 01 09 00 00 00 00 05 00 05 5c 00 f0 33 54 00 00 00 00 00 00 00 00 00 00 00 00 7a 3d 00 00 00 00 00 00 00 00 0d d6 2f 3b 6f 9b 9e 3d 00 00 00 00 00 00 00 00 34 e4 a0 3d 45 06 4b be ca 85 cd 44 9b bd 88 44 a3 fb 22 46 b2 95 7d bc 3d ee a4 3f 83 3e 33 3c 00 81 95 40 11 31 00 00 6a 03 00 00 00 00 00 00 00 00 ff 0b 11 00 29 ed 0d be d4 4b d5 40 d3 01 00 00 d2 01 00 00 00
2026-09-18T14:31:37.3871859Z TX 43 4f 5a 03 52 45 01 0b 00 00 00 00 16 00 b4 59 f5 b9 6a 57 d5 40 d4 01 00 00 d3 01 00 00 00
2026-09-18T14:31:37.4022793Z RX 43 4f 5a 03 52 45 01 09 00 00 00 00 05 00 05 5c 00 f0 51 54 00 00 00 00 00 00 00 00 00 00 00 00 7a 3d 00 00 00 00 00 00 00 00 ab 74 41 3b 97 21 92 3d 00 00 00 00 00 00 00 00 68 c8 52 3d 45 06 4b be fa 5f b4 44 0f 07 8f 44 d3 40 22 46 92 0c 8e bc 76 3a 82 3f f0 4d 4b 3b 00 81 95 40 11 31 00 00 6a 03 00 00 00 00 00 00 00 00 ff 0b 11 00 b4 59 f5 b9 6a 57 d5 40 d4 01 00 00 d3 01 00 00 00 05 5c 00 f0 6f 54 00 00 00 00 00 00 00 00 00 00 00 00 7a 3d 00 00 00 00 00 00 00 00 09 46 4c 3b 1e 7f 89 3d 00 00 00 00 00 00 00 00 d0 90 ec 3c 45 06 4b be ad 19 84 44 3d 4c 85 44 0c 76 24 46 30 4a 84 bb a1 2e 45 3f 54 d3 c3 3b 00 81 95 40 11 31 00 00 6a 03 00 00 00 00 00 00 00 00 ff
2026-09-18T14:31:37.4337029Z TX 43 4f 5a 03 52 45 01 0b 00 00 00 00 16 00 7b 83 2f 4c 06 63 d5 40 d5 01 00 00 d4 01 00 00 00
2026-09-18T14:31:37.4349277Z RX 43 4f 5a 03 52 45 01 09 00 00 00 00 05 00 05 5c 00 f0 8d 54 00 00 00 00 00 00 00 00 00 00 00 00 7a 3d 00 00 00 00 00 00 00 00 4a ff 59 3b bd e3 76 3d 00 00 00 00 00 00 00 00 d0 90 a2 3c 45 06 4b be 88 4f 6b 44 ec 04 87 44 86 33 26 46 70 4e d7 ba 66 68 b3 3e d6 ff 10 3c 00 81 95 40 11 31 00 00 6a 03 00 00 00 00 00 00 00 00 ff 0b 11 00 7b 83 2f 4c 06 63 d5 40 d5 01 00 00 d4 01 00 00 00
2026-09-18T14:31:37.4680180Z RX 43 4f 5a 03 52 45 01 09 00 00 00 00 05 00 05 5c 00 f0 ab 54 00 00 00 00 00 00 00 00 00 00 00 00 7a 3d 00 00 00 00 00 00 00 00 f8 6f 63 3b ec 55 81 3d 00 00 00 00 00 00 00 00 d0 90 a2 3c 45 06 4b be 52 45 86 44 c4 d0 88 44 b2 3e 23 46 60 c6 a3 b9 5a e7 a7 3c 3b 52 00 3a 00 e3 95 40 11 31 00 00 6a 03 00 00 00 00 00 00 00 00 ff
2026-09-18T14:31:37.4796410Z TX 43 4f 5a 03 52 45 01 0b 00 00 00 00 16 00 88 85 5a d3 84 6e d5 40 d6 01 00 00 d5 01 00 00 00
2026-09-18T14:31:37.5033483Z RX 43 4f 5a 03 52 45 01 09 00 00 00 00 05 00 0b 11 00 88 85 5a d3 84 6e d5 40 d6 01 00 00 d5 01 00 00 00 05 5c 00 f0 c9 54 00 00 00 00 00 00 00 00 00 00 00 00 7a 3d 00 00 00 00 00 00 00 00 bf b2 62 3b 75 76 85 3d 00 00 00 00 00 00 00 00 d0 90 a2 3c 45 06 4b be fe 60 82 44 cc 9f 84 44 f8 ba 22 46 c8 17 45 3a c0 e3 93 bb 50 cc d1 ba 00 81 95 40 10 31 00 00 6a 03 00 00 00 00 00 00 00 00 ff
2026-09-18T14:31:37.5264375Z TX 43 4f 5a 03 52 45 01 0b 00 00 00 00 16 00 4b ea 04 34 39 7a d5 40 d7 01 00 00 d6 01 00 00 00
2026-09-18T14:31:37.5341333Z RX 43 4f 5a 03 52 45 01 09 00 00 00 00 05 00 05 5c 00 f0 e7 54 00 00 00 00 00 00 00 00 00 00 00 00 7a 3d 00 00 00 00 00 00 00 00 5b 1f 5f 3b d8 98 88 3d 00 00 00 00 00 00 00 00 d0 90 a2 3c 45 06 4b be 14 39 85 44 b8 85 85 44 df ea 22 46 f0 a1 17 ba 00 22 23 37 fa 0a f4 ba 00 81 95 40 10 31 00 00 6a 03 00 00 00 00 00 00 00 00 ff 0b 11 00 4b ea 04 34 39 7a d5 40 d7 01 00 00 d6 01 00 00 00
2026-09-18T14:31:37.5670490Z RX 43 4f 5a 03 52 45 01 09 00 00 00 00 05 00 05 5c 00 f0 05 55 00 00 00 00 00 00 00 00 00 00 00 00 7a 3d 00 00 00 00 00 00 00 00 e3 a1 5b 3b 90 4d 8c 3d 00 00 00 00 00 00 00 00 d0 90 a2 3c 45 06 4b be 6e 2e 81 44 e1 98 85 44 08 fe 22 46 60 c6 a3 b9 b8 c8 53 3a 87 20 56 ba 00 81 95 40 10 31 00 00 6a 03 00 00 00 00 00 00 00 00 ff
2026-09-18T14:31:37.5732380Z TX 43 4f 5a 03 52 45 01 0b 00 00 00 00 16 00 99 2a 18 95 ec 85 d5 40 d8 01 00 00 d7 01 00 00 00
2026-09-18T14:31:37.6001787Z RX 43 4f 5a 03 52 45 01 09 00 00 00 00 05 00 0b 11 00 99 2a 18 95 ec 85 d5 40 d8 01 00 00 d7 01 00 00 00 05 5c 00 f0 23 55 00 00 00 00 00 00 00 00 00 00 00 00 7a 3d 00 00 00 00 00 00 00 00 3b ae 5c 3b 97 d4 8e 3d 00 00 00 00 00 00 00 00 d0 90 a2 3c 45 06 4b be 7a 79 84 44 52 45 86 44 a9 ef 22 46 40 69 66 39 70 64 86 b9 3b 52 00 3a 00 81 95 40 10 31 00 00 6a 03 00 00 00 00 00 00 00 00 ff
2026-09-18T14:31:37.6193683Z TX 43 4f 5a 03 52 45 01 0b 00 00 00 00 16 00 ff 21 fd f6 75 91 d5 40 d9 01 00 00 d8 01 00 00 00
2026-09-18T14:31:37.6329155Z RX 43 4f 5a 03 52 45 01 09 00 00 00 00 05 00 05 5c 00 f0 41 55 00 00 00 00 00 00 00 00 00 00 00 00 7a 3d 00 00 00 00 00 00 00 00 ec 45 5c 3b 1d 73 91 3d 00 00 00 00 00 00 00 00 d0 90 a2 3c 45 06 4b be 5b f3 83 44 f6 91 86 44 db 51 23 46 00 47 42 b8 bc c3 8c 3a b9 4b 9a b9 00 81 95 40 10 33 00 00 6a 03 00 00 00 00 00 00 00 00 ff 0b 11 00 ff 21 fd f6 75 91 d5 40 d9 01 00 00 d8 01 00 00 00
2026-09-18T14:31:37.6655385Z TX 43 4f 5a 03 52 45 01 0b 00 00 00 00 16 00 80 48 bf 7d 01 9d d5 40 da 01 00 00 d9 01 00 00 00
2026-09-18T14:31:37.6657284Z RX 43 4f 5a 03 52 45 01 09 00 00 00 00 05 00 05 5c 00 f0 5f 55 00 00 00 00 00 00 00 00 00 00 00 00 7a 3d 00 00 00 00 00 00 00 00 37 4b 5c 3b 00 dd 93 3d 00 00 00 00 00 00 00 00 d0 90 a2 3c 45 06 4b be 9a de 86 44 5d b1 87 44 e8 39 23 46 40 69 66 39 b0 af 4e ba f3 87 0a b8 00 e3 95 40 10 33 00 00 6a 03 00 00 00 00 00 00 00 00 ff
2026-09-18T14:31:37.6989878Z RX 43 4f 5a 03 52 45 01 09 00 00 00 00 05 00 0b 11 00 80 48 bf 7d 01 9d d5 40 da 01 00 00 d9 01 00 00 00 05 5c 00 f0 7d 55 00 00 00 00 00 00 00 00 00 00 00 00 7a 3d 00 00 00 00 00 00 00 00 39 8b 5b 3b 1d db 95 3d 00 00 00 00 00 00 00 00 d0 90 a2 3c 45 06 4b be 32 e0 83 44 0b 8b 87 44 cc 0e 23 46 00 47 42 b8 b8 c8 53 3a f3 87 0a b8 00 81 95 40 10 33 00 00 6a 03 00 00 00 00 00 00 00 00 ff 05 5c 00 f0 9b 55 00 00 00 00 00 00 00 00 00 00 00 00 7a 3d 00 00 00 00 00 00 00 00 c3 4e 5b 3b 49 8c 97 3d 00 00 00 00 00 00 00 00 d0 90 a2 3c 45 06 4b be ea 46 83 44 9a de 86 44 f2 c6 22 46 00 47 42 b8 f4 f5 cf ba 2a a3 11 ba 00 e3 95 40 10 33 00 00 6a 03 00 00 00 00 00 00 00 00 ff
2026-09-18T14:31:37.7114226Z TX 43 4f 5a 03 52 45 01 0b 00 00 00 00 16 00 3d 2c d4 9a 7a a8 d5 40 db 01 00 00 da 01 00 00 00
2026-09-18T14:31:37.7322767Z RX 43 4f 5a 03 52 45 01 09 00 00 00 00 05 00 0b 11 00 3d 2c d4 9a 7a a8 d5 40 db 01 00 00 da 01 00 00 00 05 5c 00 f0 b9 55 00 00 00 00 00 00 00 00 00 00 00 00 7a 3d 00 00 00 00 00 00 00 00 89 d0 5a 3b 8c 0d 99 3d 00 00 00 00 00 00 00 00 d0 90 a2 3c 45 06 4b be 1d e7 82 44 90 51 87 44 5d bd 22 46 20 b2 fe 39 70 64 86 b9 87 20 56 ba 00 81 95 40 10 33 00 00 6a 03 00 00 00 00 00 00 00 00 ff
2026-09-18T14:31:37.7585454Z TX 43 4f 5a 03 52 45 01 0b 00 00 00 00 16 00 bf 7d 1d 38 4b b4 d5 40 dc 01 00 00 db 01 00 00 00
2026-09-18T14:31:37.7656680Z RX 43 4f 5a 03 52 45 01 09 00 00 00 00 05 00 05 5c 00 f0 d7 55 00 00 00 00 00 00 00 00 00 00 00 00 7a 3d 00 00 00 00 00 00 00 00 7d 09 59 3b 7f 5e 9a 3d 00 00 00 00 00 00 00 00 d0 90 a2 3c 45 06 4b be a3 8c 84 44 2a 11 88 44 e5 de 22 46 40 6b 85 3a b0 af 4e ba 3b 52 00 3a 00 e3 95 40 10 33 00 00 6a 03 00 00 00 00 00 00 00 00 ff 0b 11 00 bf 7d 1d 38 4b b4 d5 40 dc 01 00 00 db 01 00 00 00
2026-09-18T14:31:37.7982818Z RX 43 4f 5a 03 52 45 01 09 00 00 00 00 05 00 05 5c 00 f0 f5 55 00 00 00 00 00 00 00 00 00 00 00 00 7a 3d 00 00 00 00 00 00 00 00 4e 92 59 3b 10 b2 9b 3d 00 00 00 00 00 00 00 00 d0 90 a2 3c 45 06 4b be d5 4d 82 44 cd 7e 86 44 89 2b 23 46 00 47 42 b8 b0 af 4e ba 3b 52 00 3a 00 81 95 40 10 33 00 00 6a 03 00 00 00 00 00 00 00 00 ff
2026-09-18T14:31:37.8057584Z TX 43 4f 5a 03 52 45 01 0b 00 00 00 00 16 00 d5 e7 6a 2b 0e c0 d5 40 dd 01 00 00 dc 01 00 00 00
2026-09-18T14:31:37.8310320Z RX 43 4f 5a 03 52 45 01 09 00 00 00 00 05 00 0b 11 00 d5 e7 6a 2b 0e c0 d5 40 dd 01 00 00 dc 01 00 00 00 05 5c 00 f0 13 56 00 00 00 00 00 00 00 00 00 00 00 00 7a 3d 00 00 00 00 00 00 00 00 d1 33 5a 3b 0c b6 9c 3d 00 00 00 00 00 00 00 00 d0 90 a2 3c 45 06 4b be 3d 4c 85 44 c3 f1 86 44 80 dc 22 46 60 c6 a3 b9 94 16 ad ba 2a a3 11 ba 00 e3 95 40 10 33 00 00 6a 03 00 00 00 00 00 00 00 00 ff
2026-09-18T14:31:37.8515483Z TX 43 4f 5a 03 52 45 01 0b 00 00 00 00 16 00 33 c4 b1 2e 82 cb d5 40 de 01 00 00 dd 01 00 00 00
2026-09-18T14:31:37.8644961Z RX 43 4f 5a 03 52 45 01 09 00 00 00 00 05 00 05 5c 00 f0 31 56 00 00 00 00 00 00 00 00 00 00 00 00 7a 3d 00 00 00 00 00 00 00 00 45 0d 5a 3b bc e8 9d 3d 00 00 00 00 00 00 00 00 d0 90 a2 3c 45 06 4b be 28 53 84 44 d8 ea 87 44 4a e1 22 46 40 69 66 39 94 16 ad ba 73 a6 84 3a 00 e3 95 40 10 33 00 00 6a 03 00 00 00 00 00 00 00 00 ff 0b 11 00 33 c4 b1 2e 82 cb d5 40 de 01 00 00 dd 01 00 00 00
2026-09-18T14:31:37.8970417Z RX 43 4f 5a 03 52 45 01 09 00 00 00 00 05 00 05 5c 00 f0 4f 56 00 00 00 00 00 00 00 00 00 00 00 00 7a 3d 00 00 00 00 00 00 00 00 7f 0a 5c 3b 9c cf 9e 3d 00 00 00 00 00 00 00 00 d0 90 a2 3c 45 06 4b be 84 06 84 44 00 1f 86 44 21 ce 22 46 c0 3a 66 39 00 91 85 b9 8a 62 84 3a 00 e3 95 40 10 33 00 00 6a 03 00 00 00 00 00 00 00 00 ff
2026-09-18T14:31:37.8988702Z TX 43 4f 5a 03 52 45 01 0b 00 00 00 00 16 00 88 63 5d dc 5a d7 d5 40 df 01 00 00 de 01 00 00 00
2026-09-18T14:31:37.9299579Z RX 43 4f 5a 03 52 45 01 09 00 00 00 00 05 00 0b 11 00 88 63 5d dc 5a d7 d5 40 df 01 00 00 de 01 00 00 00 05 5c 00 f0 6d 56 00 00 00 00 00 00 00 00 00 00 00 00 7a 3d 00 00 00 00 00 00 00 00 fb 91 5c 3b 81 6c 9f 3d 00 00 00 00 00 00 00 00 d0 90 a2 3c 45 06 4b be 28 53 84 44 ad 19 84 44 ee 2d 23 46 c0 89 65 39 ec cd 89 ba e5 5b 6c 39 80 9b 94 40 10 33 00 00 6a 03 00 00 00 00 00 00 00 00 ff
2026-09-18T14:31:37.9447202Z TX 43 4f 5a 03 52 45 01 0b 00 00 00 00 16 00 d3 de e0 0b d7 e2 d5 40 e0 01 00 00 df 01 00 00 00
2026-09-18T14:31:37.9634008Z RX 43 4f 5a 03 52 45 01 09 00 00 00 00 05 00 05 5c 00 f0 8b 56 00 00 00 00 00 00 00 00 00 00 00 00 7a 3d 00 00 00 00 00 00 00 00 5d ed 5c 3b 83 09 a0 3d 00 00 00 00 00 00 00 00 d0 90 a2 3c 45 06 4b be 6f 0d 83 44 53 24 88 44 a3 fb 22 46 e0 94 a3 b9 00 68 6d 37 8c 10 9c b9 00 81 95 40 10 33 00 00 6a 03 00 00 00 00 00 00 00 00 ff 0b 11 00 d3 de e0 0b d7 e2 d5 40 e0 01 00 00 df 01 00 00 00
2026-09-18T14:31:37.9916875Z TX 43 4f 5a 03 52 45 01 0b 00 00 00 00 16 00 e3 c7 98 bb 8e ee d5 40 e1 01 00 00 e0 01 00 00 00
2026-09-18T14:31:37.9966530Z RX 43 4f 5a 03 52 45 01 09 00 00 00 00 05 00 05 5c 00 f0 a9 56 00 00 00 00 00 00 00 00 00 00 00 00 7a 3d 00 00 00 00 00 00 00 00 8a 92 5b 3b 69 04 a1 3d 00 00 00 00 00 00 00 00 d0 90 a2 3c 45 06 4b be 8f 72 85 44 7a 79 84 44 89 2b 23 46 a8 39 45 3a 84 40 ac ba cf fa 11 ba 00 81 95 40 10 33 00 00 6a 03 00 00 00 00 00 00 00 00 ff 0b 11 00 e3 c7 98 bb 8e ee d5 40 e1 01 00 00 e0 01 00 00 00
2026-09-18T14:31:38.0293353Z RX 43 4f 5a 03 52 45 01 09 00 00 00 00 05 00 05 5c 00 f0 c7 56 00 00 00 00 00 00 00 00 00 00 00 00 7a 3d 00 00 00 00 00 00 00 00 95 73 59 3b 6b 83 a1 3d 00 00 00 00 00 00 00 00 d0 90 a2 3c 45 06 4b be 12 7b 81 44 72 aa 88 44 e8 39 23 46 cc b0 ca 3a 90 78 81 b9 c9 4c af ba 00 81 95 40 10 33 00 00 6a 03 00 00 00 00 00 00 00 00 ff 05 5c 00 f0 e5 56 00 00 00 00 00 00 00 00 00 00 00 00 7a 3d 00 00 00 00 00 00 00 00 74 22 59 3b 17 8f a1 3d 00 00 00 00 00 00 00 00 d0 90 a2 3c 45 06 4b be 07 0f 80 44 67 3e 87 44 ec d2 22 46 80 23 fb 39 fc 82 b0 3a 4b 07 99 b9 00 81 95 40 10 33 00 00 6a 03 00 00 00 00 00 00 00 00 ff
2026-09-18T14:31:38.0394021Z TX 43 4f 5a 03 52 45 01 0b 00 00 00 00 16 00 e4 83 9e cd 7a fa d5 40 e2 01 00 00 e1 01 00 00 00
2026-09-18T14:31:38.0636224Z RX 43 4f 5a 03 52 45 01 09 00 00 00 00 05 00 0b 11 00 e4 83 9e cd 7a fa d5 40 e2 01 00 00 e1 01 00 00 00 05 5c 00 f0 03 57 00 00 00 00 00 00 00 00 00 00 00 00 7a 3d 00 00 00 00 00 00 00 00 6f d1 58 3b 97 c4 a1 3d 00 00 00 00 00 00 00 00 d0 90 a2 3c 45 06 4b be fd 81 80 44 2b f0 89 44 bc cb 22 46 20 aa fa 39 b0 8b 83 b9 29 b6 fc b7 00 81 95 40 10 33 00 00 6a 03 00 00 00 00 00 00 00 00 ff
2026-09-18T14:31:38.0857120Z TX 43 4f 5a 03 52 45 01 0b 00 00 00 00 16 00 49 2e ff 21 19 06 d6 40 e3 01 00 00 e2 01 00 00 00
2026-09-18T14:31:38.0948248Z RX 43 4f 5a 03 52 45 01 09 00 00 00 00 05 00 05 5c 00 f0 21 57 00 00 00 00 00 00 00 00 00 00 00 00 7a 3d 00 00 00 00 00 00 00 00 0a 04 59 3b 42 53 a2 3d 00 00 00 00 00 00 00 00 d0 90 a2 3c 45 06 4b be 32 e0 83 44 71 cb 86 44 8d c4 22 46 78 b3 42 3a 00 c5 88 37 45 7e 45 3a 00 81 95 40 10 33 00 00 6a 03 00 00 00 00 00 00 00 00 ff 0b 11 00 49 2e ff 21 19 06 d6 40 e3 01 00 00 e2 01 00 00 00
2026-09-18T14:31:38.1278632Z RX 43 4f 5a 03 52 45 01 09 00 00 00 00 05 00 05 5c 00 f0 3f 57 00 00 00 00 00 00 00 00 00 00 00 00 7a 3d 00 00 00 00 00 00 00 00 2b 36 59 3b 59 8e a2 3d 00 00 00 00 00 00 00 00 d0 90 a2 3c 45 06 4b be 5b f3 83 44 90 51 87 44 d8 f6 22 46 28 03 42 3a 20 98 83 b9 44 40 af ba 00 81 95 40 10 33 00 00 6a 03 00 00 00 00 00 00 00 00 ff
2026-09-18T14:31:38.1326066Z TX 43 4f 5a 03 52 45 01 0b 00 00 00 00 16 00 b9 8d 06 f0 c6 11 d6 40 e4 01 00 00 e3 01 00 00 00
2026-09-18T14:31:38.1611675Z RX 43 4f 5a 03 52 45 01 09 00 00 00 00 05 00 0b 11 00 b9 8d 06 f0 c6 11 d6 40 e4 01 00 00 e3 01 00 00 00 05 0a 00 f3 bc bc 58 de 02 00 00 00 43 05 5c 00 f0 5d 57 00 00 00 00 00 00 00 00 00 00 00 00 7a 3d 00 00 00 00 00 00 00 00 1d 5b 57 3b 27 be a2 3d 00 00 00 00 00 00 00 00 d0 90 a2 3c 45 06 4b be 3b 8e 81 44 20 84 88 44 2a 1d 23 46 00 99 58 39 78 d2 06 ba 25 f6 e9 b7 00 81 95 40 10 33 00 00 6a 03 00 00 00 00 00 00 00 00 ff
2026-09-18T14:31:38.1790855Z TX 43 4f 5a 03 52 45 01 0b 00 00 00 00 16 00 26 53 05 a3 6e 1d d6 40 e5 01 00 00 e4 01 00 00 00
2026-09-18T14:31:38.1946291Z RX 43 4f 5a 03 52 45 01 09 00 00 00 00 05 00 05 5c 00 f0 7b 57 00 00 00 00 00 00 00 00 00 00 00 00 7a 3d 00 00 00 00 00 00 00 00 da d2 57 3b c2 d8 a2 3d 00 00 00 00 00 00 00 00 d0 90 a2 3c 45 06 4b be ea 46 83 44 9a de 86 44 b6 d7 22 46 00 4f f7 39 00 32 8d 37 23 ee ef b7 00 81 95 40 10 33 00 00 6a 03 00 00 00 00 00 00 00 00 ff 0b 11 00 26 53 05 a3 6e 1d d6 40 e5 01 00 00 e4 01 00 00 00
2026-09-18T14:31:38.2265752Z TX 43 4f 5a 03 52 45 01 0b 00 00 00 00 16 00 61 32 55 30 46 29 d6 40 e6 01 00 00 e5 01 00 00 00
2026-09-18T14:31:38.2276825Z RX 43 4f 5a 03 52 45 01 09 00 00 00 00 05 00 05 5c 00 f0 99 57 00 00 00 00 00 00 00 00 00 00 00 00 7a 3d 00 00 00 00 00 00 00 00 4e f0 57 3b e3 16 a3 3d 00 00 00 00 00 00 00 00 d0 90 a2 3c 45 06 4b be d6 2c 84 44 86 c4 87 44 7a e8 22 46 10 62 1b ba 10 0e 95 39 0c c9 73 39 00 e3 95 40 10 33 00 00 6a 03 00 00 00 00 00 00 00 00 ff
2026-09-18T14:31:38.2600245Z RX 43 4f 5a 03 52 45 01 09 00 00 00 00 05 00 0b 11 00 61 32 55 30 46 29 d6 40 e6 01 00 00 e5 01 00 00 00 05 5c 00 f0 b7 57 00 00 00 00 00 00 00 00 00 00 00 00 7a 3d 00 00 00 00 00 00 00 00 74 39 58 3b bb 1b a3 3d 00 00 00 00 00 00 00 00 d0 90 a2 3c 45 06 4b be a2 ad 82 44 a5 4a 88 44 89 2b 23 46 00 8e aa b9 98 d9 4c ba 8a 26 85 3a 00 81 95 40 10 33 00 00 6a 03 00 00 00 00 00 00 00 00 ff
2026-09-18T14:31:38.2734808Z TX 43 4f 5a 03 52 45 01 0b 00 00 00 00 16 00 8b fd 65 f7 04 35 d6 40 e7 01 00 00 e6 01 00 00 00
2026-09-18T14:31:38.2929413Z RX 43 4f 5a 03 52 45 01 09 00 00 00 00 05 00 05 5c 00 f0 d5 57 00 00 00 00 00 00 00 00 00 00 00 00 7a 3d 00 00 00 00 00 00 00 00 23 4e 5a 3b 26 c6 a3 3d 00 00 00 00 00 00 00 00 d0 90 a2 3c 45 06 4b be f4 d3 82 44 90 51 87 44 73 f4 22 46 c0 7c a9 b9 00 59 ad 37 5b 39 c9 3a 00 e3 95 40 10 33 00 00 6a 03 00 00 00 00 00 00 00 00 ff 0b 11 00 8b fd 65 f7 04 35 d6 40 e7 01 00 00 e6 01 00 00 00
2026-09-18T14:31:38.3198414Z TX 43 4f 5a 03 52 45 01 0b 00 00 00 00 16 00 e3 36 1a c0 9b 40 d6 40 e8 01 00 00 e7 01 00 00 00
2026-09-18T14:31:38.3259842Z RX 43 4f 5a 03 52 45 01 09 00 00 00 00 05 00 05 5c 00 f0 f3 57 00 00 00 00 00 00 00 00 00 00 00 00 7a 3d 00 00 00 00 00 00 00 00 77 bf 5d 3b e5 dd a3 3d 00 00 00 00 00 00 00 00 d0 90 a2 3c 45 06 4b be 12 7b 81 44 49 97 88 44 73 f4 22 46 40 78 5a 39 00 93 a0 37 54 9a 43 3a 00 e3 95 40 10 33 00 00 6a 03 00 00 00 00 00 00 00 00 ff 0b 11 00 e3 36 1a c0 9b 40 d6 40 e8 01 00 00 e7 01 00 00 00 05 5c 00 f0 11 58 00 00 00 00 00 00 00 00 00 00 00 00 7a 3d 00 00 00 00 00 00 00 00 41 d8 5d 3b 3d 1a a4 3d 00 00 00 00 00 00 00 00 d0 90 a2 3c 45 06 4b be 65 80 83 44 1f a5 86 44 4a e1 22 46 c0 3c a9 b9 d0 10 81 b9 62 78 1e b8 00 81 95 40 10 33 00 00 6a 03 00 00 00 00 00 00 00 00 ff
2026-09-18T14:31:38.3591194Z RX 43 4f 5a 03 52 45 01 09 00 00 00 00 05 00 05 5c 00 f0 2f 58 00 00 00 00 00 00 00 00 00 00 00 00 7a 3d 00 00 00 00 00 00 00 00 3e db 5d 3b 09 5c a4 3d 00 00 00 00 00 00 00 00 d0 90 a2 3c 45 06 4b be a2 ad 82 44 a4 6b 86 44 7a e8 22 46 80 3e 5b 39 1c bc 88 ba 53 24 fe 39 00 e3 95 40 10 33 00 00 6a 03 00 00 00 00 00 00 00 00 ff
2026-09-18T14:31:38.3678088Z TX 43 4f 5a 03 52 45 01 0b 00 00 00 00 16 00 8b fd 65 f7 94 4c d6 40 e9 01 00 00 e8 01 00 00 00
2026-09-18T14:31:38.3922087Z RX 43 4f 5a 03 52 45 01 09 00 00 00 00 05 00 0b 11 00 8b fd 65 f7 94 4c d6 40 e9 01 00 00 e8 01 00 00 00 05 5c 00 f0 4d 58 00 00 00 00 00 00 00 00 00 00 00 00 7a 3d 00 00 00 00 00 00 00 00 21 a3 5e 3b e3 8e a4 3d 00 00 00 00 00 00 00 00 d0 90 a2 3c 45 06 4b be 8e 93 83 44 52 45 86 44 bc cb 22 46 28 cd 83 3a 80 69 88 ba a4 87 23 b8 00 e3 95 40 10 33 00 00 6a 03 00 00 00 00 00 00 00 00 ff
2026-09-18T14:31:38.4140888Z TX 43 4f 5a 03 52 45 01 0b 00 00 00 00 16 00 93 a9 82 51 25 58 d6 40 ea 01 00 00 e9 01 00 00 00
2026-09-18T14:31:38.4249995Z RX 43 4f 5a 03 52 45 01 09 00 00 00 00 05 00 05 5c 00 f0 6b 58 00 00 00 00 00 00 00 00 00 00 00 00 7a 3d 00 00 00 00 00 00 00 00 78 b4 5d 3b 12 c8 a4 3d 00 00 00 00 00 00 00 00 d0 90 a2 3c 45 06 4b be 50 87 82 44 90 51 87 44 5d bd 22 46 e0 42 a6 3a 00 ec 7b b9 20 e7 8d ba 00 81 95 40 10 33 00 00 6a 03 00 00 00 00 00 00 00 00 ff 0b 11 00 93 a9 82 51 25 58 d6 40 ea 01 00 00 e9 01 00 00 00
2026-09-18T14:31:38.4580548Z RX 43 4f 5a 03 52 45 01 09 00 00 00 00 05 00 05 5c 00 f0 89 58 00 00 00 00 00 00 00 00 00 00 00 00 7a 3d 00 00 00 00 00 00 00 00 68 43 5c 3b cd ae a4 3d 00 00 00 00 00 00 00 00 d0 90 a2 3c 45 06 4b be 79 9a 82 44 86 c4 87 44 57 c9 22 46 20 d8 ac b9 80 bf 7a b9 03 52 14 b8 00 81 95 40 10 33 00 00 6a 03 00 00 00 00 00 00 00 00 ff
2026-09-18T14:31:38.4608878Z TX 43 4f 5a 03 52 45 01 0b 00 00 00 00 16 00 a1 67 b3 ea df 63 d6 40 eb 01 00 00 ea 01 00 00 00
2026-09-18T14:31:38.4911018Z RX 43 4f 5a 03 52 45 01 09 00 00 00 00 05 00 0b 11 00 a1 67 b3 ea df 63 d6 40 eb 01 00 00 ea 01 00 00 00 05 5c 00 f0 a7 58 00 00 00 00 00 00 00 00 00 00 00 00 7a 3d 00 00 00 00 00 00 00 00 f6 e8 5a 3b cf bd a4 3d 00 00 00 00 00 00 00 00 d0 90 a2 3c 45 06 4b be b7 a6 83 44 52 45 86 44 0e f2 22 46 30 23 83 3a a0 34 04 ba 27 f0 d1 ba 00 81 95 40 10 33 00 00 6a 03 00 00 00 00 00 00 00 00 ff
2026-09-18T14:31:38.5081077Z TX 43 4f 5a 03 52 45 01 0b 00 00 00 00 16 00 38 67 44 69 ab 6f d6 40 ec 01 00 00 eb 01 00 00 00
2026-09-18T14:31:38.5266194Z RX 43 4f 5a 03 52 45 01 09 00 00 00 00 05 00 05 5c 00 f0 c5 58 00 00 00 00 00 00 00 00 00 00 00 00 7a 3d 00 00 00 00 00 00 00 00 68 d4 59 3b 69 b3 a4 3d 00 00 00 00 00 00 00 00 d0 90 a2 3c 45 06 4b be 79 9a 82 44 7b 58 86 44 28 c2 22 46 80 42 8a b8 40 b6 9a 39 18 af 00 3a 00 81 95 40 10 33 00 00 6a 03 00 00 00 00 00 00 00 00 ff 0b 11 00 38 67 44 69 ab 6f d6 40 ec 01 00 00 eb 01 00 00 00
2026-09-18T14:31:38.5553092Z TX 43 4f 5a 03 52 45 01 0b 00 00 00 00 16 00 c6 dc b5 84 7c 7b d6 40 ed 01 00 00 ec 01 00 00 00
2026-09-18T14:31:38.5568980Z RX 43 4f 5a 03 52 45 01 09 00 00 00 00 05 00 05 5c 00 f0 e3 58 00 00 00 00 00 00 00 00 00 00 00 00 7a 3d 00 00 00 00 00 00 00 00 11 15 59 3b 09 f1 a4 3d 00 00 00 00 00 00 00 00 d0 90 a2 3c 45 06 4b be 0a ac 85 44 e1 98 85 44 a9 ef 22 46 b8 b0 3f 3a 40 0b 79 b9 30 fa 8c ba 00 81 95 40 10 33 00 00 6a 03 00 00 00 00 00 00 00 00 ff 0b 11 00 c6 dc b5 84 7c 7b d6 40 ed 01 00 00 ec 01 00 00 00
2026-09-18T14:31:38.5900135Z RX 43 4f 5a 03 52 45 01 09 00 00 00 00 05 00 05 5c 00 f0 01 59 00 00 00 00 00 00 00 00 00 00 00 00 7a 3d 00 00 00 00 00 00 00 00 e1 40 58 3b 30 f4 a4 3d 00 00 00 00 00 00 00 00 d0 90 a2 3c 45 06 4b be 50 87 82 44 71 cb 86 44 af e3 22 46 00 cf 1c ba 90 da 03 ba 50 4d 73 39 00 81 95 40 10 33 00 00 6a 03 00 00 00 00 00 00 00 00 ff
2026-09-18T14:31:38.6016351Z TX 43 4f 5a 03 52 45 01 0b 00 00 00 00 16 00 b0 03 e7 8c 10 87 d6 40 ee 01 00 00 ed 01 00 00 00
2026-09-18T14:31:38.6229448Z RX 43 4f 5a 03 52 45 01 09 00 00 00 00 05 00 05 5c 00 f0 1f 59 00 00 00 00 00 00 00 00 00 00 00 00 7a 3d 00 00 00 00 00 00 00 00 ef 6c 57 3b 50 e2 a4 3d 00 00 00 00 00 00 00 00 d0 90 a2 3c 45 06 4b be c1 33 83 44 00 1f 86 44 9c 07 23 46 e0 93 82 3a c4 fe b1 3a 48 a5 97 b9 00 81 95 40 10 33 00 00 6a 03 00 00 00 00 00 00 00 00 ff 0b 11 00 b0 03 e7 8c 10 87 d6 40 ee 01 00 00 ed 01 00 00 00
2026-09-18T14:31:38.6481687Z TX 43 4f 5a 03 52 45 01 0b 00 00 00 00 16 00 46 b6 f3 fd b0 92 d6 40 ef 01 00 00 ee 01 00 00 00
2026-09-18T14:31:38.6559469Z RX 43 4f 5a 03 52 45 01 09 00 00 00 00 05 00 05 5c 00 f0 3d 59 00 00 00 00 00 00 00 00 00 00 00 00 7a 3d 00 00 00 00 00 00 00 00 96 7b 58 3b 7c d7 a4 3d 00 00 00 00 00 00 00 00 d0 90 a2 3c 45 06 4b be 6f 0d 83 44 5d b1 87 44 c5 1a 23 46 60 af ae b9 00 6d da 37 3f 39 01 3a 00 e3 95 40 10 33 00 00 6a 03 00 00 00 00 00 00 00 00 ff 0b 11 00 46 b6 f3 fd b0 92 d6 40 ef 01 00 00 ee 01 00 00 00 05 5c 00 f0 5b 59 00 00 00 00 00 00 00 00 00 00 00 00 7a 3d 00 00 00 00 00 00 00 00 e6 05 59 3b 5f b3 a4 3d 00 00 00 00 00 00 00 00 d0 90 a2 3c 45 06 4b be 13 5a 83 44 02 dd 89 44 a9 ef 22 46 a0 82 ae b9 00 6d d6 37 d4 12 72 39 00 e3 95 40 10 33 00 00 6a 03 00 00 00 00 00 00 00 00 ff
2026-09-18T14:31:38.6892451Z RX 43 4f 5a 03 52 45 01 09 00 00 00 00 05 00 05 5c 00 f0 79 59 00 00 00 00 00 00 00 00 00 00 00 00 7a 3d 00 00 00 00 00 00 00 00 39 38 59 3b ed c9 a4 3d 00 00 00 00 00 00 00 00 d0 90 a2 3c 45 06 4b be b7 a6 83 44 3e 2b 87 44 5d bd 22 46 80 4a 51 39 b8 90 04 ba 65 07 11 ba 00 e3 95 40 10 33 00 00 6a 03 00 00 00 00 00 00 00 00 ff
2026-09-18T14:31:38.6949619Z TX 43 4f 5a 03 52 45 01 0b 00 00 00 00 16 00 02 9a 08 1b 5e 9e d6 40 f0 01 00 00 ef 01 00 00 00
2026-09-18T14:31:38.7223474Z RX 43 4f 5a 03 52 45 01 09 00 00 00 00 05 00 0b 11 00 02 9a 08 1b 5e 9e d6 40 f0 01 00 00 ef 01 00 00 00 05 5c 00 f0 97 59 00 00 00 00 00 00 00 00 00 00 00 00 7a 3d 00 00 00 00 00 00 00 00 8c a5 58 3b f5 a2 a4 3d 00 00 00 00 00 00 00 00 d0 90 a2 3c 45 06 4b be 6e 2e 81 44 48 b8 86 44 60 18 23 46 80 78 8d b8 00 31 e9 37 ec 28 01 3a 00 81 95 40 10 33 00 00 6a 03 00 00 00 00 00 00 00 00 ff
2026-09-18T14:31:38.7317959Z TX 43 4f 5a 03 52 45 01 03 06 00 06 00 16 00
2026-09-18T14:31:38.7730646Z TX 43 4f 5a 03 52 45 01 03 06 00 06 00 16 00
