2026-09-18T14:28:57.7822290Z TX 43 4f 5a 03 52 45 01 01 01 00 01 00 00 00
2026-09-18T14:28:57.7825127Z RX 43 4f 5a 03 52 45 01 09 01 00 01 00 01 00 02 00 00
2026-09-18T14:28:57.8158723Z RX 43 4f 5a 03 52 45 01 09 01 00 09 00 01 00 02 00 00 04 07 00 c9 9d 4d d0 41 05 00 04 c2 01 ee 9d 4d bd 01 7b 22 76 65 72 73 69 6f 6e 22 3a 20 32 34 35 37 2c 20 22 67 69 74 2d 72 65 76 22 3a 20 22 31 66 37 31 36 39 32 34 37 30 33 66 35 61 38 31 36 37 65 34 38 31 32 65 62 65 30 66 62 31 36 39 39 31 66 32 33 34 38 34 22 2c 20 22 64 61 74 65 22 3a 20 22 54 75 65 20 46 65 62 20 31 31 20 32 32 3a 30 36 3a 32 35 20 32 30 32 35 22 2c 20 22 74 69 6d 65 22 3a 20 31 37 33 39 33 33 33 31 38 35 2c 20 22 6d 65 73 73 61 67 65 45 6e 67 69 6e 65 54 6f 52 6f 62 6f 74 48 61 73 68 22 3a 20 22 66 65 64 62 34 62 31 32 66 31 62 35 62 34 35 34 35 36 61 65 63 31 36 32 39 63 64 30 62 38 63 63 22 2c 20 22 6d 65 73 73 61 67 65 52 6f 62 6f 74 54 6f 45 6e 67 69 6e 65 48 61 73 68 22 3a 20 22 35 61 37 32 31 31 30 39 35 66 63 34 39 36 31 34 30 37 65 39 36 62 39 31 32 36 36 35 38 33 31 37 22 2c 20 22 62 75 69 6c 64 22 3a 20 22 44 45 56 45 4c 4f 50 4d 45 4e 54 22 2c 20 22 77 69 66 69 53 69 67 22 3a 20 22 65 65 35 33 63 65 39 62 62 36 31 38 61 32 39 34 32 30 64 63 63 31 63 30 62 65 31 34 66 33 37 30 37 61 61 35 36 32 64 32 22 2c 20 22 72 74 69 70 53 69 67 22 3a 20 22 66 62 64 34 35 35 34 38 36 66 34 33 38 66 39 35 39 62 32 32 39 66 66 65 39 35 62 66 35 66 33 32 36 36 34 36 64 61 62 33 22 2c 20 22 62 6f 64 79 53 69 67 22 3a 20 22 66 62 62 39 66 66 62 38 65 33 64 32 63 61 62 32 38 66 66 31 64 66 32 31 35 32 39 63 31 31 61 38 30 61 37 63 35 32 36 39 22 7d 04 21 00 b0 70 02 00 00 99 01 02 06 2e 00 00 00 3a 00 00 00 e8 00 00 00 14 00 00 00 e9 00 00 00 5f 00 00 00 04 0d 00 b0 72 02 00 00 9b 01 02 01 f4 00 00 00 04 0d 00 b0 5b 01 00 00 9d 01 02 01 02 00 00 00 04 0d 00 b0 78 02 00 00 b3 04 03 01 05 00 00 00 04 05 00 ec ef 60 15 00 04 09 00 b0 31 01 00 00 e4 00 02 00
2026-09-18T14:28:57.8279260Z TX 43 4f 5a 03 52 45 01 0b 00 00 00 00 09 00 67 d5 e7 6a 2b 0a 50 40 01 00 00 00 00 00 00 00 00
2026-09-18T14:28:57.8475845Z RX 43 4f 5a 03 52 45 01 09 00 00 00 00 01 00 0b 11 00 67 d5 e7 6a 2b 0a 50 40 01 00 00 00 00 00 00 00 00
2026-09-18T14:28:57.8733293Z TX 43 4f 5a 03 52 45 01 0b 00 00 00 00 09 00 8e 06 f0 16 48 74 5b 40 02 00 00 00 01 00 00 00 00
2026-09-18T14:28:57.8805915Z RX 43 4f 5a 03 52 45 01 09 00 00 00 00 01 00 0b 11 00 8e 06 f0 16 48 74 5b 40 02 00 00 00 01 00 00 00 00
2026-09-18T14:28:57.9198430Z TX 43 4f 5a 03 52 45 01 0b 00 00 00 00 09 00 c6 6d 34 80 b7 84 63 40 03 00 00 00 02 00 00 00 00
2026-09-18T14:28:57.9472605Z RX 43 4f 5a 03 52 45 01 09 00 00 00 00 01 00 0b 11 00 c6 6d 34 80 b7 84 63 40 03 00 00 00 02 00 00 00 00
2026-09-18T14:28:57.9663603Z TX 43 4f 5a 03 52 45 01 0b 00 00 00 00 09 00 b1 e1 e9 95 b2 54 69 40 04 00 00 00 03 00 00 00 00
2026-09-18T14:28:57.9798273Z RX 43 4f 5a 03 52 45 01 09 00 00 00 00 01 00 0b 11 00 b1 e1 e9 95 b2 54 69 40 04 00 00 00 03 00 00 00 00
2026-09-18T14:28:58.0122460Z TX 43 4f 5a 03 52 45 01 0b 00 00 00 00 09 00 25 75 02 9a 08 19 6f 40 05 00 00 00 04 00 00 00 00
2026-09-18T14:28:58.0504798Z RX 43 4f 5a 03 52 45 01 09 00 00 00 00 01 00 0b 11 00 25 75 02 9a 08 19 6f 40 05 00 00 00 04 00 00 00 00
2026-09-18T14:28:58.0597466Z TX 43 4f 5a 03 52 45 01 0b 00 00 00 00 09 00 56 9f ab ad d8 83 72 40 06 00 00 00 05 00 00 00 00
2026-09-18T14:28:58.0790300Z RX 43 4f 5a 03 52 45 01 09 00 00 00 00 01 00 0b 11 00 56 9f ab ad d8 83 72 40 06 00 00 00 05 00 00 00 00
2026-09-18T14:28:58.0918449Z TX 43 4f 5a 03 52 45 01 04 02 00 02 00 09 00 25
2026-09-18T14:28:58.1070501Z TX 43 4f 5a 03 52 45 01 07 02 00 03 00 09 00 04 01 00 25 04 09 00 4b 00 00 00 00 00 00 00 00
2026-09-18T14:28:58.1119229Z RX 43 4f 5a 03 52 45 01 09 0a 00 0c 00 03 00 04 0d 00 ed ad 32 a1 45 05 00 00 00 02 00 00 00 04 09 00 b0 31 01 00 00 64 00 01 00 04 0d 00 b0 5b 01 00 00 9e 01 02 01 00 00 00 00
2026-09-18T14:28:58.1452904Z RX 43 4f 5a 03 52 45 01 09 0a 00 10 00 03 00 04 0d 00 ed ad 32 a1 45 05 00 00 00 02 00 00 00 04 09 00 b0 31 01 00 00 64 00 01 00 04 0d 00 b0 5b 01 00 00 9e 01 02 01 00 00 00 00 04 01 00 c2 04 15 00 b0 43 02 00 00 8a 01 02 03 29 59 f2 be 86 c7 d4 3e 88 6b 08 3f 04 04 00 d1 02 01 00 04 04 00 d1 03 01 00
2026-09-18T14:28:58.1524195Z TX 43 4f 5a 03 52 45 01 0b 00 00 00 00 10 00 10 7a 36 ab 3e 4c 78 40 07 00 00 00 06 00 00 00 00
2026-09-18T14:28:58.1783092Z RX 43 4f 5a 03 52 45 01 09 00 00 00 00 03 00 0b 11 00 10 7a 36 ab 3e 4c 78 40 07 00 00 00 06 00 00 00 00
2026-09-18T14:28:58.1981863Z TX 43 4f 5a 03 52 45 01 0b 00 00 00 00 10 00 f5 b9 da 8a fd 2a 7b 40 08 00 00 00 07 00 00 00 00
2026-09-18T14:28:58.2110463Z RX 43 4f 5a 03 52 45 01 09 00 00 00 00 03 00 0b 11 00 f5 b9 da 8a fd 2a 7b 40 08 00 00 00 07 00 00 00 00
2026-09-18T14:28:58.2459723Z TX 43 4f 5a 03 52 45 01 0b 00 00 00 00 10 00 14 d0 44 d8 f0 24 7e 40 09 00 00 00 08 00 00 00 00
2026-09-18T14:28:58.2773597Z RX 43 4f 5a 03 52 45 01 09 00 00 00 00 03 00 0b 11 00 14 d0 44 d8 f0 24 7e 40 09 00 00 00 08 00 00 00 00
2026-09-18T14:28:58.2910734Z TX 43 4f 5a 03 52 45 01 0b 00 00 00 00 10 00 e1 0b 93 a9 02 7d 80 40 0a 00 00 00 09 00 00 00 00
2026-09-18T14:28:58.3098758Z RX 43 4f 5a 03 52 45 01 09 00 00 00 00 03 00 0b 11 00 e1 0b 93 a9 02 7d 80 40 0a 00 00 00 09 00 00 00 00
2026-09-18T14:28:58.3368372Z TX 43 4f 5a 03 52 45 01 0b 00 00 00 00 10 00 2e ff 21 fd f6 ea 81 40 0b 00 00 00 0a 00 00 00 00
2026-09-18T14:28:58.3426622Z RX 43 4f 5a 03 52 45 01 09 00 00 00 00 03 00 0b 11 00 2e ff 21 fd f6 ea 81 40 0b 00 00 00 0a 00 00 00 00
2026-09-18T14:28:58.3759862Z RX 43 4f 5a 03 52 45 01 09 00 00 00 00 03 00 05 0a 00 f3 8b 63 6c 11 01 00 00 00 2c
2026-09-18T14:28:58.3844171Z TX 43 4f 5a 03 52 45 01 0b 00 00 00 00 10 00 ab cf d5 56 ec 65 83 40 0c 00 00 00 0b 00 00 00 00
2026-09-18T14:28:58.4089205Z RX 43 4f 5a 03 52 45 01 09 00 00 00 00 03 00 0b 11 00 ab cf d5 56 ec 65 83 40 0c 00 00 00 0b 00 00 00 00
2026-09-18T14:28:58.4313276Z TX 43 4f 5a 03 52 45 01 0b 00 00 00 00 10 00 fb cb ee c9 43 dd 84 40 0d 00 00 00 0c 00 00 00 00
2026-09-18T14:28:58.4418714Z RX 43 4f 5a 03 52 45 01 09 00 00 00 00 03 00 0b 11 00 fb cb ee c9 43 dd 84 40 0d 00 00 00 0c 00 00 00 00
2026-09-18T14:28:58.4783703Z TX 43 4f 5a 03 52 45 01 0b 00 00 00 00 10 00 7d 3f 35 5e 3a 55 86 40 0e 00 00 00 0d 00 00 00 00
2026-09-18T14:28:58.5078621Z RX 43 4f 5a 03 52 45 01 09 00 00 00 00 03 00 0b 11 00 7d 3f 35 5e 3a 55 86 40 0e 00 00 00 0d 00 00 00 00
2026-09-18T14:28:58.5234601Z TX 43 4f 5a 03 52 45 01 0b 00 00 00 00 10 00 58 39 b4 c8 f6 bf 87 40 0f 00 00 00 0e 00 00 00 00
2026-09-18T14:28:58.5409395Z RX 43 4f 5a 03 52 45 01 09 00 00 00 00 03 00 0b 11 00 58 39 b4 c8 f6 bf 87 40 0f 00 00 00 0e 00 00 00 00
2026-09-18T14:28:58.5705974Z TX 43 4f 5a 03 52 45 01 0b 00 00 00 00 10 00 d5 e7 6a 2b 76 38 89 40 10 00 00 00 0f 00 00 00 00
2026-09-18T14:28:58.5738678Z RX 43 4f 5a 03 52 45 01 09 00 00 00 00 03 00 0b 11 00 d5 e7 6a 2b 76 38 89 40 10 00 00 00 0f 00 00 00 00
2026-09-18T14:28:58.6161214Z TX 43 4f 5a 03 52 45 01 0b 00 00 00 00 10 00 b6 84 7c d0 33 a5 8a 40 11 00 00 00 10 00 00 00 00
2026-09-18T14:28:58.6398715Z RX 43 4f 5a 03 52 45 01 09 00 00 00 00 03 00 0b 11 00 b6 84 7c d0 33 a5 8a 40 11 00 00 00 10 00 00 00 00
2026-09-18T14:28:58.6633456Z TX 43 4f 5a 03 52 45 01 0b 00 00 00 00 10 00 8c b9 6b 09 79 1d 8c 40 12 00 00 00 11 00 00 00 00
2026-09-18T14:28:58.6728382Z RX 43 4f 5a 03 52 45 01 09 00 00 00 00 03 00 0b 11 00 8c b9 6b 09 79 1d 8c 40 12 00 00 00 11 00 00 00 00
2026-09-18T14:28:58.7098973Z TX 43 4f 5a 03 52 45 01 0b 00 00 00 00 10 00 d5 78 e9 26 b1 92 8d 40 13 00 00 00 12 00 00 00 00
2026-09-18T14:28:58.7389576Z RX 43 4f 5a 03 52 45 01 09 00 00 00 00 03 00 0b 11 00 d5 78 e9 26 b1 92 8d 40 13 00 00 00 12 00 00 00 00
2026-09-18T14:28:58.7569321Z TX 43 4f 5a 03 52 45 01 0b 00 00 00 00 10 00 72 f9 0f e9 37 0b 8f 40 14 00 00 00 13 00 00 00 00
2026-09-18T14:28:58.7719446Z RX 43 4f 5a 03 52 45 01 09 00 00 00 00 03 00 0b 11 00 72 f9 0f e9 37 0b 8f 40 14 00 00 00 13 00 00 00 00
2026-09-18T14:28:58.8032603Z TX 43 4f 5a 03 52 45 01 0b 00 00 00 00 10 00 19 e2 58 17 37 3f 90 40 15 00 00 00 14 00 00 00 00
2026-09-18T14:28:58.8197649Z RX 43 4f 5a 03 52 45 01 09 00 00 00 00 03 00 0b 11 00 19 e2 58 17 37 3f 90 40 15 00 00 00 14 00 00 00 00
2026-09-18T14:28:58.8498793Z TX 43 4f 5a 03 52 45 01 0b 00 00 00 00 10 00 fb cb ee c9 43 f9 90 40 16 00 00 00 15 00 00 00 00
2026-09-18T14:28:58.8711614Z RX 43 4f 5a 03 52 45 01 09 00 00 00 00 03 00 0b 11 00 fb cb ee c9 43 f9 90 40 16 00 00 00 15 00 00 00 00 05 0a 00 f3 bc bc 58 de 02 00 00 00 45
2026-09-18T14:28:58.8957264Z TX 43 4f 5a 03 52 45 01 0b 00 00 00 00 10 00 3d 9b 55 9f 6b b0 91 40 17 00 00 00 16 00 00 00 00
2026-09-18T14:28:58.9038138Z RX 43 4f 5a 03 52 45 01 09 11 00 11 00 03 00 0b 11 00 3d 9b 55 9f 6b b0 91 40 17 00 00 00 16 00 00 00 00 04 04 00 d1 02 00 00
2026-09-18T14:28:58.9368009Z RX 43 4f 5a 03 52 45 01 09 11 00 11 00 03 00 04 04 00 d1 02 00 00
2026-09-18T14:28:58.9418287Z TX 43 4f 5a 03 52 45 01 0b 00 00 00 00 11 00 0d 71 ac 8b 1b 69 92 40 18 00 00 00 17 00 00 00 00
2026-09-18T14:28:58.9715988Z RX 43 4f 5a 03 52 45 01 09 00 00 00 00 03 00 0b 11 00 0d 71 ac 8b 1b 69 92 40 18 00 00 00 17 00 00 00 00 05 0a 00 f3 ec 8e 1a 24 02 00 00 00 4c
2026-09-18T14:28:58.9889436Z TX 43 4f 5a 03 52 45 01 0b 00 00 00 00 11 00 47 03 78 0b 24 24 93 40 19 00 00 00 18 00 00 00 00
2026-09-18T14:28:59.0027461Z RX 43 4f 5a 03 52 45 01 09 00 00 00 00 03 00 0b 11 00 47 03 78 0b 24 24 93 40 19 00 00 00 18 00 00 00 00
2026-09-18T14:28:59.0353590Z TX 43 4f 5a 03 52 45 01 0b 00 00 00 00 11 00 94 f6 06 5f d8 de 93 40 1a 00 00 00 19 00 00 00 00
2026-09-18T14:28:59.0691067Z RX 43 4f 5a 03 52 45 01 09 00 00 00 00 03 00 0b 11 00 94 f6 06 5f d8 de 93 40 1a 00 00 00 19 00 00 00 00
2026-09-18T14:28:59.0817762Z TX 43 4f 5a 03 52 45 01 0b 00 00 00 00 11 00 cd 3b 4e d1 51 98 94 40 1b 00 00 00 1a 00 00 00 00
2026-09-18T14:28:59.1019544Z RX 43 4f 5a 03 52 45 01 09 00 00 00 00 03 00 0b 11 00 cd 3b 4e d1 51 98 94 40 1b 00 00 00 1a 00 00 00 00
2026-09-18T14:28:59.1023829Z TX 43 4f 5a 03 52 45 01 04 04 00 04 00 11 00 37 cd cc cc 3e 00 00 20 41 00 00 20 41 00 00 00 00 01
2026-09-18T14:28:59.1355002Z RX 43 4f 5a 03 52 45 01 09 12 00 12 00 04 00 04 02 00 c4 01
2026-09-18T14:28:59.1434364Z TX 43 4f 5a 03 52 45 01 0b 00 00 00 00 12 00 c5 8f 31 77 2d 8f 95 40 1c 00 00 00 1b 00 00 00 00
2026-09-18T14:28:59.1682014Z RX 43 4f 5a 03 52 45 01 09 00 00 00 00 04 00 0b 11 00 c5 8f 31 77 2d 8f 95 40 1c 00 00 00 1b 00 00 00 00
2026-09-18T14:28:59.1908395Z TX 43 4f 5a 03 52 45 01 0b 00 00 00 00 12 00 89 41 60 e5 10 4d 96 40 1d 00 00 00 1c 00 00 00 00
2026-09-18T14:28:59.2016096Z RX 43 4f 5a 03 52 45 01 09 00 00 00 00 04 00 0b 11 00 89 41 60 e5 10 4d 96 40 1d 00 00 00 1c 00 00 00 00
2026-09-18T14:28:59.2342194Z RX 43 4f 5a 03 52 45 01 09 13 00 14 00 04 00 05 5c 00 f0 51 04 00 00 00 00 00 00 00 00 00 00 00 00 7a 3d 00 00 00 00 00 00 00 00 64 b5 a1 3a 0c 02 8e 3b 00 00 00 00 00 00 00 00 f3 66 df be 45 06 4b be 45 bf 4d c5 c0 54 81 44 a7 4e 17 46 c0 0a 81 b9 40 25 ac b8 33 f3 dc 36 00 81 95 40 10 31 00 00 6a 03 00 00 00 00 00 00 00 00 ff 04 09 00 b0 31 01 00 00 1a 01 01 00 04 04 00 d1 03 00 00
2026-09-18T14:28:59.2379647Z TX 43 4f 5a 03 52 45 01 0b 00 00 00 00 14 00 d0 d5 56 ec af 08 97 40 1e 00 00 00 1d 00 00 00 00
2026-09-18T14:28:59.2672529Z RX 43 4f 5a 03 52 45 01 09 00 00 00 00 04 00 0b 11 00 d0 d5 56 ec af 08 97 40 1e 00 00 00 1d 00 00 00 00 05 5c 00 f0 6f 04 00 00 00 00 00 00 00 00 00 00 00 00 7a 3d 00 00 00 00 00 00 00 00 80 a9 9f 3a 7e 03 47 3c 00 00 00 00 00 00 00 00 f3 16 dd be 45 06 4b be 54 7e 43 c5 86 91 67 44 ae 80 16 46 3b b4 66 bc 45 15 1b bd 92 09 4d bb 00 81 95 40 11 31 00 00 6a 03 00 00 00 00 00 00 00 00 ff
2026-09-18T14:28:59.2840158Z TX 43 4f 5a 03 52 45 01 0b 00 00 00 00 14 00 f7 06 5f 98 4c c1 97 40 1f 00 00 00 1e 00 00 00 00
2026-09-18T14:28:59.3014187Z RX 43 4f 5a 03 52 45 01 09 00 00 00 00 04 00 05 5c 00 f0 8d 04 00 00 00 00 00 00 00 00 00 00 00 00 7a 3d 00 00 00 00 00 00 00 00 26 a4 96 3a f4 75 c5 3c 00 00 00 00 00 00 00 00 f3 16 dd be 45 b6 41 be 5c d1 49 c5 83 27 82 44 60 d2 17 46 20 44 06 ba 2c 1f b9 ba fe 31 4f 3a 00 e3 95 40 11 31 00 00 6a 03 00 00 00 00 00 00 00 00 ff 0b 11 00 f7 06 5f 98 4c c1 97 40 1f 00 00 00 1e 00 00 00 00
2026-09-18T14:28:59.3300438Z TX 43 4f 5a 03 52 45 01 0b 00 00 00 00 14 00 19 e2 58 17 77 79 98 40 20 00 00 00 1f 00 00 00 00
2026-09-18T14:28:59.3328973Z RX 43 4f 5a 03 52 45 01 09 00 00 00 00 04 00 05 5c 00 f0 ab 04 00 00 00 00 00 00 00 00 00 00 00 00 7a 3d 00 00 00 00 00 00 00 00 5a 53 9c 3a b6 2d 07 3d 00 00 00 00 00 00 00 00 f3 16 dd be 45 66 38 be 2a 10 4c c5 31 01 82 44 bc 85 17 46 40 f0 95 39 88 b7 3b 3a 87 6e 8c 39 00 81 95 40 11 31 00 00 6a 03 00 00 00 00 00 00 00 00 ff 0b 11 00 19 e2 58 17 77 79 98 40 20 00 00 00 1f 00 00 00 00
2026-09-18T14:28:59.3661950Z RX 43 4f 5a 03 52 45 01 09 00 00 00 00 04 00 05 5c 00 f0 c9 04 00 00 00 00 00 00 00 00 00 00 00 00 7a 3d 00 00 00 00 00 00 00 00 97 99 9b 3a 71 c1 05 3d 00 00 00 00 00 00 00 00 f3 26 d6 be 45 16 2f be 78 88 60 c5 7b 58 86 44 db b0 20 46 00 2c a7 37 de 73 75 bc fe 31 4f 3a 00 81 95 40 11 31 00 00 6a 03 00 00 00 00 00 00 00 00 ff
2026-09-18T14:28:59.3769542Z TX 43 4f 5a 03 52 45 01 0b 00 00 00 00 14 00 b5 15 fb cb 2e 35 99 40 21 00 00 00 20 00 00 00 00
2026-09-18T14:28:59.3995785Z RX 43 4f 5a 03 52 45 01 09 00 00 00 00 04 00 05 0a 00 f3 8b 63 6c 11 01 00 00 00 2c 05 5c 00 f0 e7 04 00 00 00 00 00 00 00 00 00 00 00 00 7a 3d 00 00 00 00 00 00 00 00 19 9f be 3a 34 50 97 3c 00 00 00 00 00 00 00 00 f3 a6 c3 be 45 16 2f be 6e 2d 45 c5 a4 61 79 44 2b ba 1f 46 2a d2 83 bd 46 b5 88 bf 05 8f af 3c 00 81 95 40 11 31 00 00 6a 03 00 00 00 00 00 00 00 00 ff 0b 11 00 b5 15 fb cb 2e 35 99 40 21 00 00 00 20 00 00 00 00 05 5c 00 f0 05 05 00 00 00 00 00 00 00 00 00 00 00 00 7a 3d 00 00 00 00 00 00 00 00 31 9f 0e 3b 67 67 cf 3c 00 00 00 00 00 00 00 00 f3 36 aa be 45 16 2f be 50 d9 28 c5 08 ee 81 44 17 ff 1d 46 b7 eb 55 3c 82 6e c2 bf fd a5 11 3c 00 e3 95 40 11 31 00 00 6a 03 00 00 00 00 00 00 00 00 ff
2026-09-18T14:28:59.4231839Z TX 43 4f 5a 03 52 45 01 0b 00 00 00 00 14 00 3b 70 ce 88 52 ee 99 40 22 00 00 00 21 00 00 00 00
2026-09-18T14:28:59.4324108Z RX 43 4f 5a 03 52 45 01 09 00 00 00 00 04 00 0b 11 00 3b 70 ce 88 52 ee 99 40 22 00 00 00 21 00 00 00 00 05 5c 00 f0 23 05 00 00 00 00 00 00 00 00 00 00 00 00 7a 3d 00 00 00 00 00 00 00 00 1a 72 0a 3b 12 18 9d 3c 00 00 00 00 00 00 00 00 f3 76 8e be 45 16 2f be b1 95 0b c5 fe 56 75 44 3f d4 1e 46 f4 d7 48 3c f7 4d cf bf 24 02 ab bb 00 81 95 40 11 31 00 00 6a 03 00 00 00 00 00 00 00 00 ff
2026-09-18T14:28:59.4652622Z RX 43 4f 5a 03 52 45 01 09 00 00 00 00 04 00 05 5c 00 f0 41 05 00 00 00 00 00 00 00 00 00 00 00 00 7a 3d 00 00 00 00 00 00 00 00 e6 62 fd 3a 0c 48 71 3c 00 00 00 00 00 00 00 00 e6 8d 57 be 45 16 2f be 0d ed d7 c4 46 fa 82 44 b5 f8 20 46 3e 52 c4 3c 42 d1 07 c0 c4 cc 44 bc 00 81 95 40 11 31 00 00 6a 03 00 00 00 00 00 00 00 00 ff
2026-09-18T14:28:59.4692481Z TX 43 4f 5a 03 52 45 01 0b 00 00 00 00 14 00 19 04 56 0e 2d a6 9a 40 23 00 00 00 22 00 00 00 00
2026-09-18T14:28:59.4989684Z RX 43 4f 5a 03 52 45 01 09 00 00 00 00 04 00 0b 11 00 19 04 56 0e 2d a6 9a 40 23 00 00 00 22 00 00 00 00 05 5c 00 f0 5f 05 00 00 00 00 00 00 00 00 00 00 00 00 7a 3d 00 00 00 00 00 00 00 00 66 5c db 3a 3c 91 7e 3c 00 00 00 00 00 00 00 00 e6 8d 0d be 45 16 2f be ed e3 88 c4 2a 11 88 44 f6 00 25 46 27 8f 17 3d a4 4d 15 c0 44 a4 51 bc 00 81 95 40 11 31 00 00 6a 03 00 00 00 00 00 00 00 00 ff
2026-09-18T14:28:59.5151759Z TX 43 4f 5a 03 52 45 01 0b 00 00 00 00 14 00 d5 e7 6a 2b f6 5d 9b 40 24 00 00 00 23 00 00 00 00
2026-09-18T14:28:59.5312937Z RX 43 4f 5a 03 52 45 01 09 00 00 00 00 04 00 05 5c 00 f0 7d 05 00 00 00 00 00 00 00 00 00 00 00 00 7a 3d 00 00 00 00 00 00 00 00 0b 8a ae 3a 54 a5 30 3c 00 00 00 00 00 00 00 00 98 37 44 bd 45 16 2f be 26 95 00 c4 92 0f 8b 44 c3 fd 21 46 59 a9 0c 3d e2 e6 33 c0 f1 e2 73 bc 00 81 95 40 11 31 00 00 6a 03 00 00 00 00 00 00 00 00 ff 0b 11 00 d5 e7 6a 2b f6 5d 9b 40 24 00 00 00 23 00 00 00 00
2026-09-18T14:28:59.5613032Z TX 43 4f 5a 03 52 45 01 0b 00 00 00 00 14 00 b3 0c 71 ac 0b 16 9c 40 25 00 00 00 24 00 00 00 00
2026-09-18T14:28:59.5642389Z RX 43 4f 5a 03 52 45 01 09 00 00 00 00 04 00 05 5c 00 f0 9b 05 00 00 00 00 00 00 00 00 00 00 00 00 7a 3d 00 00 00 00 00 00 00 00 ed 63 60 3a d4 eb 89 3c 00 00 00 00 00 00 00 00 68 48 1b 3d 45 16 2f be ae 73 3f 44 e0 b9 83 44 c3 5c 1f 46 22 a6 18 3d 1f f1 43 c0 24 81 82 bc 00 81 95 40 11 31 00 00 6a 03 00 00 00 00 00 00 00 00 ff 0b 11 00 b3 0c 71 ac 0b 16 9c 40 25 00 00 00 24 00 00 00 00
2026-09-18T14:28:59.5973306Z RX 43 4f 5a 03 52 45 01 09 00 00 00 00 04 00 05 5c 00 f0 b9 05 00 00 00 00 00 00 00 00 00 00 00 00 7a 3d 00 00 00 00 00 00 00 00 52 b5 ba 39 df d3 f8 3c 00 00 00 00 00 00 00 00 34 e4 ea 3d 45 16 2f be 38 95 c8 44 0d 49 8b 44 51 72 1f 46 7c bb ed 3c a7 ed 2a c0 7c 4f ad bc 00 81 95 40 11 31 00 00 6a 03 00 00 00 00 00 00 00 00 ff
2026-09-18T14:28:59.6087080Z TX 43 4f 5a 03 52 45 01 0b 00 00 00 00 14 00 87 a7 57 ca b2 d3 9c 40 26 00 00 00 25 00 00 00 00
2026-09-18T14:28:59.6303737Z RX 43 4f 5a 03 52 45 01 09 00 00 00 00 04 00 05 5c 00 f0 d7 05 00 00 00 00 00 00 00 00 00 00 00 00 7a 3d 00 00 00 00 00 00 00 00 73 1c 2c b9 2c cf 14 3d 00 00 00 00 00 00 00 00 1a d2 3a 3e 45 16 2f be 38 9e 19 45 da a8 8b 44 18 3d 1d 46 64 7b 0a 3d e2 72 17 c0 1c 9b 6f bc 00 81 95 40 11 31 00 00 6a 03 00 00 00 00 00 00 00 00 ff 0b 11 00 87 a7 57 ca b2 d3 9c 40 26 00 00 00 25 00 00 00 00
2026-09-18T14:28:59.6553212Z TX 43 4f 5a 03 52 45 01 0b 00 00 00 00 14 00 82 73 46 94 b6 8e 9d 40 27 00 00 00 26 00 00 00 00
2026-09-18T14:28:59.6641228Z RX 43 4f 5a 03 52 45 01 09 00 00 00 00 04 00 05 5c 00 f0 f5 05 00 00 00 00 00 00 00 00 00 00 00 00 7a 3d 00 00 00 00 00 00 00 00 58 6b eb b9 62 8e 2e 3d 00 00 00 00 00 00 00 00 1a 92 7b 3e 45 16 2f be a0 0f 41 45 c7 6d 8e 44 ec 2d 1a 46 68 17 f2 3c e4 ce 05 c0 71 0b 67 bc 00 81 95 40 11 31 00 00 6a 03 00 00 00 00 00 00 00 00 ff 0b 11 00 82 73 46 94 b6 8e 9d 40 27 00 00 00 26 00 00 00 00
2026-09-18T14:28:59.6963671Z RX 43 4f 5a 03 52 45 01 09 00 00 00 00 04 00 05 5c 00 f0 13 06 00 00 00 00 00 00 00 00 00 00 00 00 7a 3d 00 00 00 00 00 00 00 00 a1 18 3e ba b8 ad 53 3d 00 00 00 00 00 00 00 00 0d 39 97 3e 45 16 2f be 0d 16 6b 45 3d 4c 85 44 42 2b 19 46 3e 13 70 3c b1 d0 da bf 30 69 09 3b 00 81 95 40 11 31 00 00 6a 03 00 00 00 00 00 00 00 00 ff 05 5c 00 f0 31 06 00 00 00 00 00 00 00 00 00 00 00 00 7a 3d 00 00 00 00 00 00 00 00 b6 73 84 ba d7 27 63 3d 00 00 00 00 00 00 00 00 0d 09 ac 3e 45 16 2f be d0 8d 74 45 b7 a6 83 44 9b 45 19 46 7a 3e b7 3c 15 b9 b0 bf ec d5 26 bc 00 e3 95 40 11 31 00 00 6a 03 00 00 00 00 00 00 00 00 ff
2026-09-18T14:28:59.7017005Z TX 43 4f 5a 03 52 45 01 0b 00 00 00 00 14 00 06 81 95 43 0b 48 9e 40 28 00 00 00 27 00 00 00 00
2026-09-18T14:28:59.7294943Z RX 43 4f 5a 03 52 45 01 09 00 00 00 00 04 00 0b 11 00 06 81 95 43 0b 48 9e 40 28 00 00 00 27 00 00 00 00 05 5c 00 f0 4f 06 00 00 00 00 00 00 00 00 00 00 00 00 7a 3d 00 00 00 00 00 00 00 00 90 f0 9a ba 93 75 6a 3d 00 00 00 00 00 00 00 00 0d 39 bc 3e 45 16 2f be 02 dd 89 45 85 e5 85 44 f0 c2 13 46 aa 9c 21 3c 7c 41 9c bf 92 09 4d bb 00 81 95 40 11 31 00 00 6a 03 00 00 00 00 00 00 00 00 ff
2026-09-18T14:28:59.7485571Z TX 43 4f 5a 03 52 45 01 0b 00 00 00 00 14 00 f6 28 5c 8f 82 03 9f 40 29 00 00 00 28 00 00 00 00
2026-09-18T14:28:59.7624581Z RX 43 4f 5a 03 52 45 01 09 00 00 00 00 04 00 0b 11 00 f6 28 5c 8f 82 03 9f 40 29 00 00 00 28 00 00 00 00 05 5c 00 f0 6d 06 00 00 00 00 00 00 00 00 00 00 00 00 7a 3d 00 00 00 00 00 00 00 00 2e 31 b8 ba 8a 1a 73 3d 00 00 00 00 00 00 00 00 0d 79 c5 3e 45 16 2f be 15 5a 8c 45 d0 1b 8c 44 51 ee 14 46 f4 d7 48 3c 15 e8 43 bf 96 b6 15 bc 00 e3 95 40 11 31 00 00 6a 03 00 00 00 00 00 00 00 00 ff
2026-09-18T14:28:59.7952045Z RX 43 4f 5a 03 52 45 01 09 00 00 00 00 04 00 05 5c 00 f0 8b 06 00 00 00 00 00 00 00 00 00 00 00 00 7a 3d 00 00 00 00 00 00 00 00 7b 23 bd ba f7 4f 7d 3d 00 00 00 00 00 00 00 00 0d 69 cc 3e 45 16 2f be e0 a0 91 45 04 9b 8d 44 9c 41 13 46 61 e3 d1 3b b5 56 ed be 87 6e 8c 39 00 e3 95 40 11 31 00 00 6a 03 00 00 00 00 00 00 00 00 ff
2026-09-18T14:28:59.7954433Z TX 43 4f 5a 03 52 45 01 0b 00 00 00 00 14 00 ff b2 7b f2 30 bf 9f 40 2a 00 00 00 29 00 00 00 00
2026-09-18T14:28:59.8281750Z RX 43 4f 5a 03 52 45 01 09 00 00 00 00 04 00 0b 11 00 ff b2 7b f2 30 bf 9f 40 2a 00 00 00 29 00 00 00 00 05 5c 00 f0 a9 06 00 00 00 00 00 00 00 00 00 00 00 00 7a 3d 00 00 00 00 00 00 00 00 76 c8 be ba 01 52 8f 3d 00 00 00 00 00 00 00 00 0d 69 cc 3e 45 16 2f be ca c8 8e 45 95 ac 90 44 46 23 16 46 84 f9 b0 3a 6b 62 e3 bd 55 16 ac 3a 00 81 95 40 11 31 00 00 6a 03 00 00 00 00 00 00 00 00 ff
2026-09-18T14:28:59.8417111Z TX 43 4f 5a 03 52 45 01 0b 00 00 00 00 14 00 81 95 43 8b 2c 3c a0 40 2b 00 00 00 2a 00 00 00 00
2026-09-18T14:28:59.8611684Z RX 43 4f 5a 03 52 45 01 09 00 00 00 00 04 00 0b 11 00 81 95 43 8b 2c 3c a0 40 2b 00 00 00 2a 00 00 00 00 05 5c 00 f0 c7 06 00 00 00 00 00 00 00 00 00 00 00 00 7a 3d 00 00 00 00 00 00 00 00 17 15 bd ba b1 20 89 3d 00 00 00 00 00 00 00 00 0d 69 cc 3e 45 16 2f be 00 a3 90 45 f0 80 8e 44 f5 3a 15 46 20 44 06 ba 22 b7 95 3c c4 40 07 ba 00 81 95 40 10 31 00 00 6a 03 00 00 00 00 00 00 00 00 ff 05 0a 00 f3 bc bc 58 de 02 00 00 00 45
2026-09-18T14:28:59.8881796Z TX 43 4f 5a 03 52 45 01 0b 00 00 00 00 14 00 b1 e1 e9 95 f2 98 a0 40 2c 00 00 00 2b 00 00 00 00
2026-09-18T14:28:59.8944906Z RX 43 4f 5a 03 52 45 01 09 00 00 00 00 04 00 05 5c 00 f0 e5 06 00 00 00 00 00 00 00 00 00 00 00 00 7a 3d 00 00 00 00 00 00 00 00 57 2b be ba 59 af 85 3d 00 00 00 00 00 00 00 00 0d 69 cc 3e 45 66 38 be a6 6b 8f 45 61 2d 8f 44 92 93 15 46 c8 e0 88 ba 88 fe db ba 87 6e 8c 39 00 81 95 40 11 31 00 00 6a 03 00 00 00 00 00 00 00 00 ff 0b 11 00 b1 e1 e9 95 f2 98 a0 40 2c 00 00 00 2b 00 00 00 00
2026-09-18T14:28:59.9283720Z RX 43 4f 5a 03 52 45 01 09 00 00 00 00 04 00 05 5c 00 f0 03 07 00 00 00 00 00 00 00 00 00 00 00 00 7a 3d 00 00 00 00 00 00 00 00 92 f4 bd ba 6b 46 82 3d 00 00 00 00 00 00 00 00 0d 69 cc 3e 45 66 38 be ec 88 91 45 e5 14 8d 44 90 38 15 46 28 c0 ab ba 2c 1f b9 ba ce 86 85 b9 00 81 95 40 11 31 00 00 6a 03 00 00 00 00 00 00 00 00 ff
2026-09-18T14:28:59.9343748Z TX 43 4f 5a 03 52 45 01 0b 00 00 00 00 14 00 99 bb 96 90 8f f5 a0 40 2d 00 00 00 2c 00 00 00 00
2026-09-18T14:28:59.9601334Z RX 43 4f 5a 03 52 45 01 09 00 00 00 00 04 00 05 5c 00 f0 21 07 00 00 00 00 00 00 00 00 00 00 00 00 7a 3d 00 00 00 00 00 00 00 00 f8 69 bf ba 5a a7 7e 3d 00 00 00 00 00 00 00 00 0d 69 cc 3e 45 66 38 be 14 bd 8f 45 10 e6 90 44 18 5a 15 46 20 44 06 ba ae fb 28 3b 87 6e 8c 39 00 81 95 40 11 31 00 00 6a 03 00 00 00 00 00 00 00 00 ff 0b 11 00 99 bb 96 90 8f f5 a0 40 2d 00 00 00 2c 00 00 00 00 05 0a 00 f3 ec 8e 1a 24 02 00 00 00 4d
2026-09-18T14:28:59.9797478Z TX 43 4f 5a 03 52 45 01 0b 00 00 00 00 14 00 6c 78 7a a5 8c 50 a1 40 2e 00 00 00 2d 00 00 00 00
2026-09-18T14:28:59.9936542Z RX 43 4f 5a 03 52 45 01 09 00 00 00 00 04 00 05 5c 00 f0 3f 07 00 00 00 00 00 00 00 00 00 00 00 00 7a 3d 00 00 00 00 00 00 00 00 20 4c bb ba a5 84 79 3d 00 00 00 00 00 00 00 00 0d 69 cc 3e 45 66 38 be 8b 1f 91 45 77 05 92 44 31 2a 15 46 c0 0a 81 b9 cc 3f 96 ba a6 d7 89 3a 00 81 95 40 11 33 00 00 6a 03 00 00 00 00 00 00 00 00 ff 0b 11 00 6c 78 7a a5 8c 50 a1 40 2e 00 00 00 2d 00 00 00 00
2026-09-18T14:29:00.0260471Z RX 43 4f 5a 03 52 45 01 09 00 00 00 00 04 00 05 5c 00 f0 5d 07 00 00 00 00 00 00 00 00 00 00 00 00 7a 3d 00 00 00 00 00 00 00 00 d4 10 b6 ba 97 ba 73 3d 00 00 00 00 00 00 00 00 0d 69 cc 3e 45 66 38 be 54 45 8f 45 dd 45 91 44 14 c1 15 46 00 2c a7 37 79 43 d7 3b 55 16 ac 3a 00 81 95 40 11 33 00 00 6a 03 00 00 00 00 00 00 00 00 ff 05 5c 00 f0 7b 07 00 00 00 00 00 00 00 00 00 00 00 00 7a 3d 00 00 00 00 00 00 00 00 70 10 b3 ba ac b2 6e 3d 00 00 00 00 00 00 00 00 0d 69 cc 3e 45 66 38 be ac 21 90 45 dd 45 91 44 fb 2e 15 46 40 f0 95 39 d8 c0 66 ba 33 f3 dc 36 00 e3 95 40 11 33 00 00 6a 03 00 00 00 00 00 00 00 00 ff
2026-09-18T14:29:00.0260742Z TX 43 4f 5a 03 52 45 01 0b 00 00 00 00 14 00 56 9f ab ad 38 ad a1 40 2f 00 00 00 2e 00 00 00 00
2026-09-18T14:29:00.0591347Z RX 43 4f 5a 03 52 45 01 09 00 00 00 00 04 00 0b 11 00 56 9f ab ad 38 ad a1 40 2f 00 00 00 2e 00 00 00 00 05 5c 00 f0 99 07 00 00 00 00 00 00 00 00 00 00 00 00 7a 3d 00 00 00 00 00 00 00 00 d6 85 b4 ba 6c 6c 6b 3d 00 00 00 00 00 00 00 00 0d 69 cc 3e 45 66 38 be 4a b8 8f 45 61 2d 8f 44 8c 9f 15 46 40 f0 95 39 60 e8 40 39 c4 40 07 ba 00 81 95 40 11 33 00 00 6a 03 00 00 00 00 00 00 00 00 ff
2026-09-18T14:29:00.0723395Z TX 43 4f 5a 03 52 45 01 0b 00 00 00 00 14 00 d2 00 de 02 c9 09 a2 40 30 00 00 00 2f 00 00 00 00
2026-09-18T14:29:00.0923205Z RX 43 4f 5a 03 52 45 01 09 00 00 00 00 04 00 0b 11 00 d2 00 de 02 c9 09 a2 40 30 00 00 00 2f 00 00 00 00 05 5c 00 f0 b7 07 00 00 00 00 00 00 00 00 00 00 00 00 7a 3d 00 00 00 00 00 00 00 00 b6 6d b5 ba c2 25 68 3d 00 00 00 00 00 00 00 00 0d 69 cc 3e 45 66 38 be 0a 30 90 45 0f 07 8f 44 96 2c 15 46 28 c0 ab ba 40 25 ac b8 22 be 4b ba 00 81 95 40 11 33 00 00 6a 03 00 00 00 00 00 00 00 00 ff
2026-09-18T14:29:00.1190598Z TX 43 4f 5a 03 52 45 01 0b 00 00 00 00 14 00 cd cc cc cc 2c 67 a2 40 31 00 00 00 30 00 00 00 00
2026-09-18T14:29:00.1253944Z RX 43 4f 5a 03 52 45 01 09 00 00 00 00 04 00 05 5c 00 f0 d5 07 00 00 00 00 00 00 00 00 00 00 00 00 7a 3d 00 00 00 00 00 00 00 00 7c 88 bb ba 0c 05 65 3d 00 00 00 00 00 00 00 00 0d 69 cc 3e 45 66 38 be 9c de 8f 45 1a 73 90 44 40 6d 15 46 28 c0 ab ba e4 79 c6 3a 22 be 4b ba 00 81 95 40 11 33 00 00 6a 03 00 00 00 00 00 00 00 00 ff 0b 11 00 cd cc cc cc 2c 67 a2 40 31 00 00 00 30 00 00 00 00
2026-09-18T14:29:00.1589390Z RX 43 4f 5a 03 52 45 01 09 00 00 00 00 04 00 05 5c 00 f0 f3 07 00 00 00 00 00 00 00 00 00 00 00 00 7a 3d 00 00 00 00 00 00 00 00 b7 51 bb ba 99 50 62 3d 00 00 00 00 00 00 00 00 0d 69 cc 3e 45 66 38 be 5a fb 8f 45 6c 99 90 44 fb 2e 15 46 00 2c a7 37 20 02 21 ba 87 6e 8c 39 00 81 95 40 11 33 00 00 6a 03 00 00 00 00 00 00 00 00 ff
2026-09-18T14:29:00.1666103Z TX 43 4f 5a 03 52 45 01 0b 00 00 00 00 14 00 19 e2 58 17 37 c6 a2 40 32 00 00 00 31 00 00 00 00
2026-09-18T14:29:00.1912556Z RX 43 4f 5a 03 52 45 01 09 00 00 00 00 04 00 0b 11 00 19 e2 58 17 37 c6 a2 40 32 00 00 00 31 00 00 00 00 05 5c 00 f0 11 08 00 00 00 00 00 00 00 00 00 00 00 00 7a 3d 00 00 00 00 00 00 00 00 ed cd b9 ba 63 13 60 3d 00 00 00 00 00 00 00 00 0d 69 cc 3e 45 66 38 be cf 7e 8f 45 dc 66 8f 44 f1 a1 15 46 e0 02 4c ba 4e 1c 06 3b a1 b4 0a 3a 00 81 95 40 10 33 00 00 6a 03 00 00 00 00 00 00 00 00 ff
2026-09-18T14:29:00.2137700Z TX 43 4f 5a 03 52 45 01 0b 00 00 00 00 14 00 4a 7b 83 2f 6c 24 a3 40 33 00 00 00 32 00 00 00 00
2026-09-18T14:29:00.2243470Z RX 43 4f 5a 03 52 45 01 09 00 00 00 00 04 00 05 5c 00 f0 2f 08 00 00 00 00 00 00 00 00 00 00 00 00 7a 3d 00 00 00 00 00 00 00 00 90 1a b8 ba b1 9e 5d 3d 00 00 00 00 00 00 00 00 0d 69 cc 3e 45 66 38 be 80 b3 8f 45 1a 73 90 44 f1 a1 15 46 c8 e0 88 ba cc 3f 96 ba 33 f3 dc 36 00 81 95 40 10 33 00 00 6a 03 00 00 00 00 00 00 00 00 ff 0b 11 00 4a 7b 83 2f 6c 24 a3 40 33 00 00 00 32 00 00 00 00
2026-09-18T14:29:00.2569640Z RX 43 4f 5a 03 52 45 01 09 00 00 00 00 04 00 05 5c 00 f0 4d 08 00 00 00 00 00 00 00 00 00 00 00 00 7a 3d 00 00 00 00 00 00 00 00 ec f5 b6 ba 84 df 5b 3d 00 00 00 00 00 00 00 00 0d 69 cc 3e 45 66 38 be 08 d5 8f 45 e6 f3 8e 44 15 ff 14 46 20 44 06 ba 24 bb 80 3a a6 d7 89 3a 00 81 95 40 10 33 00 00 6a 03 00 00 00 00 00 00 00 00 ff
2026-09-18T14:29:00.2607262Z TX 43 4f 5a 03 52 45 01 0b 00 00 00 00 14 00 7d d0 b3 59 55 82 a3 40 34 00 00 00 33 00 00 00 00
2026-09-18T14:29:00.2901813Z RX 43 4f 5a 03 52 45 01 09 00 00 00 00 04 00 05 5c 00 f0 6b 08 00 00 00 00 00 00 00 00 00 00 00 00 7a 3d 00 00 00 00 00 00 00 00 0d 8b b1 ba 56 0b 5a 3d 00 00 00 00 00 00 00 00 0d 69 cc 3e 45 66 38 be 0a 30 90 45 9e 5a 8e 44 a6 6f 15 46 28 c0 ab ba 88 b7 3b 3a fe 31 4f 3a 00 81 95 40 10 33 00 00 6a 03 00 00 00 00 00 00 00 00 ff 0b 11 00 7d d0 b3 59 55 82 a3 40 34 00 00 00 33 00 00 00 00
2026-09-18T14:29:00.3073224Z TX 43 4f 5a 03 52 45 01 0b 00 00 00 00 14 00 c9 e5 3f a4 9f df a3 40 35 00 00 00 34 00 00 00 00
2026-09-18T14:29:00.3233634Z RX 43 4f 5a 03 52 45 01 09 00 00 00 00 04 00 05 5c 00 f0 89 08 00 00 00 00 00 00 00 00 00 00 00 00 7a 3d 00 00 00 00 00 00 00 00 3e ba ae ba 42 6b 58 3d 00 00 00 00 00 00 00 00 0d 69 cc 3e 45 66 38 be 5c 56 90 45 f0 80 8e 44 fe 89 15 46 c0 0a 81 b9 60 e8 40 39 a1 b4 0a 3a 00 81 95 40 10 33 00 00 6a 03 00 00 00 00 00 00 00 00 ff 0b 11 00 c9 e5 3f a4 9f df a3 40 35 00 00 00 34 00 00 00 00 05 5c 00 f0 a7 08 00 00 00 00 00 00 00 00 00 00 00 00 7a 3d 00 00 00 00 00 00 00 00 0c b3 ae ba e8 7d 57 3d 00 00 00 00 00 00 00 00 0d 69 cc 3e 45 66 38 be 1d ce 90 45 62 0c 91 44 c6 33 15 46 20 44 06 ba d8 c0 66 ba a1 b4 0a 3a 00 81 95 40 10 33 00 00 6a 03 00 00 00 00 00 00 00 00 ff
2026-09-18T14:29:00.3540086Z TX 43 4f 5a 03 52 45 01 0b 00 00 00 00 14 00 61 c3 d3 2b e5 3c a4 40 36 00 00 00 35 00 00 00 00
2026-09-18T14:29:00.3560327Z RX 43 4f 5a 03 52 45 01 09 00 00 00 00 04 00 05 5c 00 f0 c5 08 00 00 00 00 00 00 00 00 00 00 00 00 7a 3d 00 00 00 00 00 00 00 00 55 a7 a9 ba 1e 67 56 3d 00 00 00 00 00 00 00 00 0d 69 cc 3e 45 66 38 be 5a fb 8f 45 2d ae 8d 44 1e 4e 15 46 e0 02 4c ba a0 f1 eb 39 a6 d7 89 3a 00 81 95 40 10 33 00 00 6a 03 00 00 00 00 00 00 00 00 ff 0b 11 00 61 c3 d3 2b e5 3c a4 40 36 00 00 00 35 00 00 00 00
2026-09-18T14:29:00.3890939Z RX 43 4f 5a 03 52 45 01 09 00 00 00 00 04 00 05 0a 00 f3 8b 63 6c 11 01 00 00 00 2c 05 5c 00 f0 e3 08 00 00 00 00 00 00 00 00 00 00 00 00 7a 3d 00 00 00 00 00 00 00 00 db 2e aa ba 5a 2e 56 3d 00 00 00 00 00 00 00 00 0d 69 cc 3e 45 66 38 be 69 3e 90 45 61 2d 8f 44 e8 52 15 46 20 44 06 ba 88 b7 3b 3a 22 be 4b ba 00 81 95 40 10 33 00 00 6a 03 00 00 00 00 00 00 00 00 ff
2026-09-18T14:29:00.4007003Z TX 43 4f 5a 03 52 45 01 0b 00 00 00 00 14 00 10 58 39 b4 88 9a a4 40 37 00 00 00 36 00 00 00 00
2026-09-18T14:29:00.4222749Z RX 43 4f 5a 03 52 45 01 09 00 00 00 00 04 00 0b 11 00 10 58 39 b4 88 9a a4 40 37 00 00 00 36 00 00 00 00 05 5c 00 f0 01 09 00 00 00 00 00 00 00 00 00 00 00 00 7a 3d 00 00 00 00 00 00 00 00 e7 c2 ac ba d0 0d 55 3d 00 00 00 00 00 00 00 00 0d 69 cc 3e 45 66 38 be fe 47 90 45 aa a5 91 44 af be 15 46 30 aa ab ba 70 d3 eb 39 45 9b 4b ba 00 81 95 40 10 33 00 00 6a 03 00 00 00 00 00 00 00 00 ff
2026-09-18T14:29:00.4476543Z TX 43 4f 5a 03 52 45 01 0b 00 00 00 00 14 00 cf 66 d5 e7 0a f8 a4 40 38 00 00 00 37 00 00 00 00
2026-09-18T14:29:00.4553016Z RX 43 4f 5a 03 52 45 01 09 00 00 00 00 04 00 05 5c 00 f0 1f 09 00 00 00 00 00 00 00 00 00 00 00 00 7a 3d 00 00 00 00 00 00 00 00 00 2c ac ba 20 95 53 3d 00 00 00 00 00 00 00 00 0d 69 cc 3e 45 66 38 be 54 45 8f 45 b3 53 8f 44 70 74 15 46 e0 84 05 ba a0 6b 80 3a 2d db 89 3a 00 81 95 40 10 33 00 00 6a 03 00 00 00 00 00 00 00 00 ff 0b 11 00 cf 66 d5 e7 0a f8 a4 40 38 00 00 00 37 00 00 00 00
2026-09-18T14:29:00.4881288Z RX 43 4f 5a 03 52 45 01 09 00 00 00 00 04 00 05 5c 00 f0 3d 09 00 00 00 00 00 00 00 00 00 00 00 00 7a 3d 00 00 00 00 00 00 00 00 58 a5 a5 ba 3d 92 52 3d 00 00 00 00 00 00 00 00 0d 69 cc 3e 45 66 38 be b8 09 90 45 80 b3 8f 44 a3 14 15 46 d8 2e 88 ba e0 75 3c 39 53 fd ef 3a 00 e3 95 40 10 33 00 00 6a 03 00 00 00 00 00 00 00 00 ff
2026-09-18T14:29:00.4944624Z TX 43 4f 5a 03 52 45 01 0b 00 00 00 00 14 00 c5 8f 31 77 0d 56 a5 40 39 00 00 00 38 00 00 00 00
2026-09-18T14:29:00.5228362Z RX 43 4f 5a 03 52 45 01 09 00 00 00 00 04 00 0b 11 00 c5 8f 31 77 0d 56 a5 40 39 00 00 00 38 00 00 00 00 05 5c 00 f0 5b 09 00 00 00 00 00 00 00 00 00 00 00 00 7a 3d 00 00 00 00 00 00 00 00 8d a0 a0 ba d5 18 52 3d 00 00 00 00 00 00 00 00 0d 69 cc 3e 45 66 38 be 95 ac 90 45 fb ec 8f 44 f5 3a 15 46 40 ae 79 b9 80 e5 3b 39 2b 1f bf b5 00 81 95 40 10 33 00 00 6a 03 00 00 00 00 00 00 00 00 ff
2026-09-18T14:29:00.5414440Z TX 43 4f 5a 03 52 45 01 0b 00 00 00 00 14 00 13 61 c3 d3 eb b3 a5 40 3a 00 00 00 39 00 00 00 00
2026-09-18T14:29:00.5544158Z RX 43 4f 5a 03 52 45 01 09 00 00 00 00 04 00 05 5c 00 f0 79 09 00 00 00 00 00 00 00 00 00 00 00 00 7a 3d 00 00 00 00 00 00 00 00 10 6b a3 ba e1 a7 51 3d 00 00 00 00 00 00 00 00 0d 69 cc 3e 45 66 38 be 17 18 90 45 1a 73 90 44 db 6a 15 46 98 7a 12 3a 80 4f 3c 39 94 d6 08 ba 00 e3 95 40 10 33 00 00 6a 03 00 00 00 00 00 00 00 00 ff 0b 11 00 13 61 c3 d3 eb b3 a5 40 3a 00 00 00 39 00 00 00 00
2026-09-18T14:29:00.5870748Z RX 43 4f 5a 03 52 45 01 09 00 00 00 00 04 00 05 5c 00 f0 97 09 00 00 00 00 00 00 00 00 00 00 00 00 7a 3d 00 00 00 00 00 00 00 00 02 ac a2 ba 36 cd 50 3d 00 00 00 00 00 00 00 00 0d 69 cc 3e 45 66 38 be 34 43 90 45 1a 73 90 44 79 c3 15 46 c0 86 7b b9 00 87 e8 39 14 ae 6b 32 00 e3 95 40 10 33 00 00 6a 03 00 00 00 00 00 00 00 00 ff
2026-09-18T14:29:00.5894807Z TX 43 4f 5a 03 52 45 01 0b 00 00 00 00 14 00 30 2a a9 13 30 14 a6 40 3b 00 00 00 3a 00 00 00 00
2026-09-18T14:29:00.6206551Z RX 43 4f 5a 03 52 45 01 09 00 00 00 00 04 00 05 5c 00 f0 b5 09 00 00 00 00 00 00 00 00 00 00 00 00 7a 3d 00 00 00 00 00 00 00 00 53 af a7 ba 45 6e 50 3d 00 00 00 00 00 00 00 00 0d 69 cc 3e 45 66 38 be c8 4c 90 45 4c 34 8e 44 27 9d 15 46 f8 e4 87 ba c0 3e b9 b9 e8 83 88 ba 00 e3 95 40 10 33 00 00 6a 03 00 00 00 00 00 00 00 00 ff 0b 11 00 30 2a a9 13 30 14 a6 40 3b 00 00 00 3a 00 00 00 00 05 5c 00 f0 d3 09 00 00 00 00 00 00 00 00 00 00 00 00 7a 3d 00 00 00 00 00 00 00 00 af 56 a9 ba 50 3c 50 3d 00 00 00 00 00 00 00 00 0d 69 cc 3e 45 66 38 be 7c dc 90 45 6b ba 8e 44 b2 57 15 46 40 20 49 ba 00 25 b8 b8 71 36 0a 3a 00 81 95 40 10 33 00 00 6a 03 00 00 00 00 00 00 00 00 ff
2026-09-18T14:29:00.6374051Z TX 43 4f 5a 03 52 45 01 0b 00 00 00 00 14 00 b5 a6 79 c7 89 73 a6 40 3c 00 00 00 3b 00 00 00 00
2026-09-18T14:29:00.6536150Z RX 43 4f 5a 03 52 45 01 09 00 00 00 00 04 00 0b 11 00 b5 a6 79 c7 89 73 a6 40 3c 00 00 00 3b 00 00 00 00 05 5c 00 f0 f1 09 00 00 00 00 00 00 00 00 00 00 00 00 7a 3d 00 00 00 00 00 00 00 00 84 bf a3 ba 8f 23 50 3d 00 00 00 00 00 00 00 00 0d 69 cc 3e 45 66 38 be 4a b8 8f 45 f1 5f 90 44 54 49 15 46 80 eb a9 ba 50 ed 7f 3a 60 46 2b 3b 00 81 95 40 10 33 00 00 6a 03 00 00 00 00 00 00 00 00 ff
2026-09-18T14:29:00.6838208Z TX 43 4f 5a 03 52 45 01 0b 00 00 00 00 14 00 63 7f d9 3d 59 d0 a6 40 3d 00 00 00 3c 00 00 00 00
2026-09-18T14:29:00.6865067Z RX 43 4f 5a 03 52 45 01 09 00 00 00 00 04 00 05 5c 00 f0 0f 0a 00 00 00 00 00 00 00 00 00 00 00 00 7a 3d 00 00 00 00 00 00 00 00 d8 47 9a ba a6 af 4f 3d 00 00 00 00 00 00 00 00 0d 69 cc 3e 45 66 38 be 69 3e 90 45 61 2d 8f 44 47 61 15 46 28 75 cc ba 00 4b ba b9 61 35 88 3a 00 81 95 40 10 33 00 00 6a 03 00 00 00 00 00 00 00 00 ff 0b 11 00 63 7f d9 3d 59 d0 a6 40 3d 00 00 00 3c 00 00 00 00
2026-09-18T14:29:00.7194270Z RX 43 4f 5a 03 52 45 01 09 00 00 00 00 04 00 05 5c 00 f0 2d 0a 00 00 00 00 00 00 00 00 00 00 00 00 7a 3d 00 00 00 00 00 00 00 00 5e aa 95 ba 78 a7 4f 3d 00 00 00 00 00 00 00 00 0d 69 cc 3e 45 66 38 be 00 a3 90 45 6b ba 8e 44 b2 57 15 46 60 ef a8 ba d8 ae 39 3a e6 d9 87 3a 00 81 95 40 10 33 00 00 6a 03 00 00 00 00 00 00 00 00 ff
2026-09-18T14:29:00.7286835Z TX 43 4f 5a 03 52 45 01 0b 00 00 00 00 14 00 69 6f f0 85 69 2a a7 40 3e 00 00 00 3d 00 00 00 00
2026-09-18T14:29:00.7524794Z RX 43 4f 5a 03 52 45 01 09 00 00 00 00 04 00 0b 11 00 69 6f f0 85 69 2a a7 40 3e 00 00 00 3d 00 00 00 00 05 5c 00 f0 4b 0a 00 00 00 00 00 00 00 00 00 00 00 00 7a 3d 00 00 00 00 00 00 00 00 1c 07 94 ba b3 09 4f 3d 00 00 00 00 00 00 00 00 0d 69 cc 3e 45 66 38 be 4a b8 8f 45 a9 c6 8f 44 11 66 15 46 20 2e 00 ba b0 79 39 3a 14 63 2c b7 00 81 95 40 10 33 00 00 6a 03 00 00 00 00 00 00 00 00 ff
2026-09-18T14:29:00.7756293Z TX 43 4f 5a 03 52 45 01 0b 00 00 00 00 14 00 f7 75 e0 9c 51 88 a7 40 3f 00 00 00 3e 00 00 00 00
2026-09-18T14:29:00.7855284Z RX 43 4f 5a 03 52 45 01 09 00 00 00 00 04 00 05 5c 00 f0 69 0a 00 00 00 00 00 00 00 00 00 00 00 00 7a 3d 00 00 00 00 00 00 00 00 f8 f4 92 ba ec c9 4e 3d 00 00 00 00 00 00 00 00 0d 69 cc 3e 45 66 38 be 36 9e 90 45 89 61 8d 44 24 42 15 46 00 19 3b 38 60 4e 69 ba bb 16 06 3a 00 81 95 40 10 33 00 00 6a 03 00 00 00 00 00 00 00 00 ff 0b 11 00 f7 75 e0 9c 51 88 a7 40 3f 00 00 00 3e 00 00 00 00
2026-09-18T14:29:00.8184187Z RX 43 4f 5a 03 52 45 01 09 00 00 00 00 04 00 05 5c 00 f0 87 0a 00 00 00 00 00 00 00 00 00 00 00 00 7a 3d 00 00 00 00 00 00 00 00 4c 43 92 ba 94 e3 4e 3d 00 00 00 00 00 00 00 00 0d 69 cc 3e 45 66 38 be 0a 30 90 45 10 e6 90 44 c2 9a 15 46 80 ed 67 b9 78 2a c5 3a 9f 7c 50 ba 00 81 95 40 10 33 00 00 6a 03 00 00 00 00 00 00 00 00 ff
2026-09-18T14:29:00.8227982Z TX 43 4f 5a 03 52 45 01 0b 00 00 00 00 14 00 34 11 36 3c 5d e6 a7 40 40 00 00 00 3f 00 00 00 00
2026-09-18T14:29:00.8515810Z RX 43 4f 5a 03 52 45 01 09 00 00 00 00 04 00 0b 11 00 34 11 36 3c 5d e6 a7 40 40 00 00 00 3f 00 00 00 00 05 5c 00 f0 a5 0a 00 00 00 00 00 00 00 00 00 00 00 00 7a 3d 00 00 00 00 00 00 00 00 0d 9c 93 ba e9 62 4e 3d 00 00 00 00 00 00 00 00 0d 69 cc 3e 45 66 38 be 34 43 90 45 10 e6 90 44 99 87 15 46 c0 3e ff b9 40 ad 32 39 32 98 87 3a 00 81 95 40 10 33 00 00 6a 03 00 00 00 00 00 00 00 00 ff
2026-09-18T14:29:00.8685093Z TX 43 4f 5a 03 52 45 01 0b 00 00 00 00 14 00 be 9f 1a 2f dd 41 a8 40 41 00 00 00 40 00 00 00 00
2026-09-18T14:29:00.8845652Z RX 43 4f 5a 03 52 45 01 09 00 00 00 00 04 00 05 5c 00 f0 c3 0a 00 00 00 00 00 00 00 00 00 00 00 00 7a 3d 00 00 00 00 00 00 00 00 47 d4 8e ba b5 50 4e 3d 00 00 00 00 00 00 00 00 0d 69 cc 3e 45 66 38 be d8 8f 90 45 76 26 90 44 18 5a 15 46 90 e1 44 ba 70 9b 37 3a 9d ad 81 39 00 81 95 40 10 33 00 00 6a 03 00 00 00 00 00 00 00 00 ff 0b 11 00 be 9f 1a 2f dd 41 a8 40 41 00 00 00 40 00 00 00 00
2026-09-18T14:29:00.9151316Z TX 43 4f 5a 03 52 45 01 0b 00 00 00 00 14 00 24 28 7e 8c 19 9f a8 40 42 00 00 00 41 00 00 00 00
2026-09-18T14:29:00.9177258Z RX 43 4f 5a 03 52 45 01 09 00 00 00 00 04 00 05 5c 00 f0 e1 0a 00 00 00 00 00 00 00 00 00 00 00 00 7a 3d 00 00 00 00 00 00 00 00 aa 96 8d ba 09 05 4e 3d 00 00 00 00 00 00 00 00 0d 69 cc 3e 45 66 38 be 6c 99 90 45 dc 66 8f 44 50 b0 15 46 00 fb 4d 38 c0 13 ce b8 0c 97 49 3a 00 e3 95 40 10 33 00 00 6a 03 00 00 00 00 00 00 00 00 ff 0b 11 00 24 28 7e 8c 19 9f a8 40 42 00 00 00 41 00 00 00 00
2026-09-18T14:29:00.9503807Z RX 43 4f 5a 03 52 45 01 09 00 00 00 00 04 00 05 5c 00 f0 ff 0a 00 00 00 00 00 00 00 00 00 00 00 00 7a 3d 00 00 00 00 00 00 00 00 df 2a 8c ba 6c 1b 4e 3d 00 00 00 00 00 00 00 00 0d 69 cc 3e 45 66 38 be 6f f4 90 45 7f d4 8d 44 bf 3f 15 46 40 05 85 ba 80 db 2e 39 d6 b2 80 39 00 81 95 40 10 33 00 00 6a 03 00 00 00 00 00 00 00 00 ff 05 5c 00 f0 1d 0b 00 00 00 00 00 00 00 00 00 00 00 00 7a 3d 00 00 00 00 00 00 00 00 6d dd 8b ba 5b 77 4e 3d 00 00 00 00 00 00 00 00 0d 69 cc 3e 45 66 38 be 6f f4 90 45 b2 74 8d 44 e4 b9 15 46 00 de 57 38 c0 86 37 3a bb 13 8b ba 00 81 95 40 10 33 00 00 6a 03 00 00 00 00 00 00 00 00 ff
2026-09-18T14:29:00.9617668Z TX 43 4f 5a 03 52 45 01 0b 00 00 00 00 14 00 dc 68 00 6f 41 fc a8 40 43 00 00 00 42 00 00 00 00
2026-09-18T14:29:00.9834317Z RX 43 4f 5a 03 52 45 01 09 00 00 00 00 04 00 0b 11 00 dc 68 00 6f 41 fc a8 40 43 00 00 00 42 00 00 00 00 05 5c 00 f0 3b 0b 00 00 00 00 00 00 00 00 00 00 00 00 7a 3d 00 00 00 00 00 00 00 00 51 58 8e ba 35 4b 4e 3d 00 00 00 00 00 00 00 00 0d 69 cc 3e 45 66 38 be 57 a0 8f 45 57 a0 8f 44 fe 89 15 46 e0 61 fb b9 80 46 2c 39 67 74 90 b9 00 81 95 40 10 33 00 00 6a 03 00 00 00 00 00 00 00 00 ff
2026-09-18T14:29:01.0076955Z TX 43 4f 5a 03 52 45 01 0b 00 00 00 00 14 00 11 36 3c bd 92 58 a9 40 44 00 00 00 43 00 00 00 00
2026-09-18T14:29:01.0177840Z RX 43 4f 5a 03 52 45 01 09 00 00 00 00 04 00 05 5c 00 f0 59 0b 00 00 00 00 00 00 00 00 00 00 00 00 7a 3d 00 00 00 00 00 00 00 00 76 3f 8b ba 58 84 4e 3d 00 00 00 00 00 00 00 00 0d 69 cc 3e 45 66 38 be 69 3e 90 45 c7 6d 8e 44 a6 6f 15 46 28 33 ca ba 20 21 2e 39 ed 11 a9 3a 00 81 95 40 10 33 00 00 6a 03 00 00 00 00 00 00 00 00 ff 0b 11 00 11 36 3c bd 92 58 a9 40 44 00 00 00 43 00 00 00 00
2026-09-18T14:29:01.0493506Z RX 43 4f 5a 03 52 45 01 09 00 00 00 00 04 00 05 5c 00 f0 77 0b 00 00 00 00 00 00 00 00 00 00 00 00 7a 3d 00 00 00 00 00 00 00 00 c3 76 89 ba ef 36 4e 3d 00 00 00 00 00 00 00 00 0d 69 cc 3e 45 66 38 be e2 1c 90 45 dc 66 8f 44 89 44 15 46 a0 ed f7 b9 80 54 2d 39 c2 5f 94 b7 00 e3 95 40 10 33 00 00 6a 03 00 00 00 00 00 00 00 00 ff
2026-09-18T14:29:01.0538263Z TX 43 4f 5a 03 52 45 01 0b 00 00 00 00 14 00 ca c3 42 ad 49 b4 a9 40 45 00 00 00 44 00 00 00 00
2026-09-18T14:29:01.0824327Z RX 43 4f 5a 03 52 45 01 09 00 00 00 00 04 00 0b 11 00 ca c3 42 ad 49 b4 a9 40 45 00 00 00 44 00 00 00 00 05 5c 00 f0 95 0b 00 00 00 00 00 00 00 00 00 00 00 00 7a 3d 00 00 00 00 00 00 00 00 81 15 8a ba b3 f7 4d 3d 00 00 00 00 00 00 00 00 0d 69 cc 3e 45 66 38 be 64 88 8f 45 8a 40 8f 44 f8 95 15 46 50 a4 83 ba 50 85 e1 39 01 b3 90 b7 00 81 95 40 10 33 00 00 6a 03 00 00 00 00 00 00 00 00 ff
2026-09-18T14:29:01.1001812Z TX 43 4f 5a 03 52 45 01 0b 00 00 00 00 14 00 34 a2 b4 37 18 11 aa 40 46 00 00 00 45 00 00 00 00
2026-09-18T14:29:01.1156632Z RX 43 4f 5a 03 52 45 01 09 00 00 00 00 04 00 05 5c 00 f0 b3 0b 00 00 00 00 00 00 00 00 00 00 00 00 7a 3d 00 00 00 00 00 00 00 00 e3 99 89 ba f5 e4 4d 3d 00 00 00 00 00 00 00 00 0d 69 cc 3e 45 66 38 be 9f 39 90 45 f0 80 8e 44 7f b7 15 46 40 c3 54 b9 04 d5 98 ba e9 96 0d ba 00 81 95 40 10 33 00 00 6a 03 00 00 00 00 00 00 00 00 ff 0b 11 00 34 a2 b4 37 18 11 aa 40 46 00 00 00 45 00 00 00 00
2026-09-18T14:29:01.1460682Z TX 43 4f 5a 03 52 45 01 0b 00 00 00 00 14 00 bb b8 8d 06 10 6d aa 40 47 00 00 00 46 00 00 00 00
2026-09-18T14:29:01.1485610Z RX 43 4f 5a 03 52 45 01 09 00 00 00 00 04 00 05 5c 00 f0 d1 0b 00 00 00 00 00 00 00 00 00 00 00 00 7a 3d 00 00 00 00 00 00 00 00 70 f9 8a ba 9e 32 4e 3d 00 00 00 00 00 00 00 00 0d 69 cc 3e 45 66 38 be d2 d9 8f 45 8a 40 8f 44 54 49 15 46 f0 cc 40 ba 98 09 c4 3a ba 1c 49 3a 00 81 95 40 10 33 00 00 6a 03 00 00 00 00 00 00 00 00 ff 0b 11 00 bb b8 8d 06 10 6d aa 40 47 00 00 00 46 00 00 00 00
2026-09-18T14:29:01.1817027Z RX 43 4f 5a 03 52 45 01 09 00 00 00 00 04 00 05 5c 00 f0 ef 0b 00 00 00 00 00 00 00 00 00 00 00 00 7a 3d 00 00 00 00 00 00 00 00 86 72 88 ba 0c aa 4d 3d 00 00 00 00 00 00 00 00 0d 69 cc 3e 45 66 38 be cf 7e 8f 45 56 c1 8d 44 e8 52 15 46 48 d8 82 ba 80 60 d8 b8 e5 4f 9a b7 00 81 95 40 10 33 00 00 6a 03 00 00 00 00 00 00 00 00 ff
2026-09-18T14:29:01.1925658Z TX 43 4f 5a 03 52 45 01 0b 00 00 00 00 14 00 8b 6c e7 fb e9 c9 aa 40 48 00 00 00 47 00 00 00 00
2026-09-18T14:29:01.2146980Z RX 43 4f 5a 03 52 45 01 09 00 00 00 00 04 00 05 5c 00 f0 0d 0c 00 00 00 00 00 00 00 00 00 00 00 00 7a 3d 00 00 00 00 00 00 00 00 7a 86 88 ba 17 4b 4d 3d 00 00 00 00 00 00 00 00 0d 69 cc 3e 45 66 38 be a9 c6 8f 45 6b ba 8e 44 21 a9 15 46 20 40 c8 ba 80 bd a0 3a 86 a9 48 3a 00 81 95 40 10 33 00 00 6a 03 00 00 00 00 00 00 00 00 ff 0b 11 00 8b 6c e7 fb e9 c9 aa 40 48 00 00 00 47 00 00 00 00
2026-09-18T14:29:01.2382538Z TX 43 4f 5a 03 52 45 01 0b 00 00 00 00 14 00 08 ac 1c 5a 64 25 ab 40 49 00 00 00 48 00 00 00 00
2026-09-18T14:29:01.2480562Z RX 43 4f 5a 03 52 45 01 09 00 00 00 00 04 00 05 5c 00 f0 2b 0c 00 00 00 00 00 00 00 00 00 00 00 00 7a 3d 00 00 00 00 00 00 00 00 94 01 86 ba 71 bb 4d 3d 00 00 00 00 00 00 00 00 0d 69 cc 3e 45 66 38 be dd 45 91 45 38 1a 8f 44 d5 76 15 46 10 73 3e ba 00 b6 df b8 44 85 93 b9 00 e3 95 40 10 33 00 00 6a 03 00 00 00 00 00 00 00 00 ff 0b 11 00 08 ac 1c 5a 64 25 ab 40 49 00 00 00 48 00 00 00 00 05 5c 00 f0 49 0c 00 00 00 00 00 00 00 00 00 00 00 00 7a 3d 00 00 00 00 00 00 00 00 d3 b0 88 ba 81 ac 4d 3d 00 00 00 00 00 00 00 00 0d 69 cc 3e 45 66 38 be 31 e8 8f 45 c6 8e 8c 44 a3 14 15 46 c0 1d ea ba ec 55 a0 3a e9 87 92 b9 00 81 95 40 10 33 00 00 6a 03 00 00 00 00 00 00 00 00 ff
2026-09-18T14:29:01.2805023Z RX 43 4f 5a 03 52 45 01 09 00 00 00 00 04 00 05 5c 00 f0 67 0c 00 00 00 00 00 00 00 00 00 00 00 00 7a 3d 00 00 00 00 00 00 00 00 39 48 87 ba a3 aa 4d 3d 00 00 00 00 00 00 00 00 0d 69 cc 3e 45 66 38 be b3 53 8f 45 7f d4 8d 44 7a 01 15 46 c0 0f 45 b9 60 e4 c4 b9 28 6f 48 3a 00 81 95 40 10 33 00 00 6a 03 00 00 00 00 00 00 00 00 ff
2026-09-18T14:29:01.2838748Z TX 43 4f 5a 03 52 45 01 0b 00 00 00 00 14 00 9a 08 1b 9e de 80 ab 40 4a 00 00 00 49 00 00 00 00
2026-09-18T14:29:01.3133239Z RX 43 4f 5a 03 52 45 01 09 00 00 00 00 04 00 0b 11 00 9a 08 1b 9e de 80 ab 40 4a 00 00 00 49 00 00 00 00 05 5c 00 f0 85 0c 00 00 00 00 00 00 00 00 00 00 00 00 7a 3d 00 00 00 00 00 00 00 00 34 77 83 ba 31 57 4d 3d 00 00 00 00 00 00 00 00 0d 69 cc 3e 45 66 38 be d2 d9 8f 45 e6 f3 8e 44 3a 79 15 46 80 54 44 b9 c8 39 7a 3a e0 5a a8 3a 00 e3 95 40 10 33 00 00 6a 03 00 00 00 00 00 00 00 00 ff
2026-09-18T14:29:01.3297663Z TX 43 4f 5a 03 52 45 01 0b 00 00 00 00 14 00 b9 8d 06 f0 96 dc ab 40 4b 00 00 00 4a 00 00 00 00
2026-09-18T14:29:01.3507378Z RX 43 4f 5a 03 52 45 01 09 00 00 00 00 04 00 0b 11 00 b9 8d 06 f0 96 dc ab 40 4b 00 00 00 4a 00 00 00 00 05 5c 00 f0 a3 0c 00 00 00 00 00 00 00 00 00 00 00 00 7a 3d 00 00 00 00 00 00 00 00 7e 13 82 ba d2 2f 4d 3d 00 00 00 00 00 00 00 00 0d 69 cc 3e 45 66 38 be 21 a5 8f 45 61 2d 8f 44 83 50 15 46 80 e8 42 b9 b0 13 6e ba 7b f7 94 b9 00 81 95 40 10 33 00 00 6a 03 00 00 00 00 00 00 00 00 ff
2026-09-18T14:29:01.3764457Z TX 43 4f 5a 03 52 45 01 0b 00 00 00 00 14 00 44 69 6f f0 c5 39 ac 40 4c 00 00 00 4b 00 00 00 00
2026-09-18T14:29:01.3793919Z RX 43 4f 5a 03 52 45 01 09 00 00 00 00 04 00 05 0a 00 f3 8b 63 6c 11 01 00 00 00 2c 05 5c 00 f0 c1 0c 00 00 00 00 00 00 00 00 00 00 00 00 7a 3d 00 00 00 00 00 00 00 00 4f ea 82 ba 6d 93 4d 3d 00 00 00 00 00 00 00 00 0d 69 cc 3e 45 66 38 be 1a 73 90 45 a8 e7 8d 44 24 42 15 46 f8 71 20 3a 00 a6 e4 b8 54 d3 ba b7 00 e3 95 40 10 33 00 00 6a 03 00 00 00 00 00 00 00 00 ff 0b 11 00 44 69 6f f0 c5 39 ac 40 4c 00 00 00 4b 00 00 00 00
2026-09-18T14:29:01.4149129Z RX 43 4f 5a 03 52 45 01 09 00 00 00 00 04 00 05 5c 00 f0 df 0c 00 00 00 00 00 00 00 00 00 00 00 00 7a 3d 00 00 00 00 00 00 00 00 8d 05 85 ba 7e 77 4d 3d 00 00 00 00 00 00 00 00 0d 69 cc 3e 45 66 38 be d5 34 90 45 94 cd 8e 44 3a 79 15 46 80 95 44 b9 28 ad 34 3a f6 e0 93 b9 00 e3 95 40 10 33 00 00 6a 03 00 00 00 00 00 00 00 00 ff
2026-09-18T14:29:01.4226964Z TX 43 4f 5a 03 52 45 01 0b 00 00 00 00 14 00 24 28 7e 8c 59 96 ac 40 4d 00 00 00 4c 00 00 00 00
2026-09-18T14:29:01.4454989Z RX 43 4f 5a 03 52 45 01 09 00 00 00 00 04 00 0b 11 00 24 28 7e 8c 59 96 ac 40 4d 00 00 00 4c 00 00 00 00 05 5c 00 f0 fd 0c 00 00 00 00 00 00 00 00 00 00 00 00 7a 3d 00 00 00 00 00 00 00 00 2b 5e 84 ba e7 d7 4c 3d 00 00 00 00 00 00 00 00 0d 69 cc 3e 45 66 38 be 4d 13 90 45 c8 4c 90 44 e8 52 15 46 c0 5f ec b9 7c 75 c2 3a 56 1e 94 b9 00 81 95 40 10 33 00 00 6a 03 00 00 00 00 00 00 00 00 ff
2026-09-18T14:29:01.4683943Z TX 43 4f 5a 03 52 45 01 0b 00 00 00 00 14 00 a5 4e 40 13 e1 f1 ac 40 4e 00 00 00 4d 00 00 00 00
2026-09-18T14:29:01.4783490Z RX 43 4f 5a 03 52 45 01 09 00 00 00 00 04 00 05 5c 00 f0 1b 0d 00 00 00 00 00 00 00 00 00 00 00 00 7a 3d 00 00 00 00 00 00 00 00 94 99 82 ba 6c d0 4c 3d 00 00 00 00 00 00 00 00 0d 69 cc 3e 45 66 38 be 5a fb 8f 45 fc cb 91 44 d9 0f 15 46 80 06 42 b9 c0 9b ef b8 2b c4 ec 3a 00 81 95 40 10 33 00 00 6a 03 00 00 00 00 00 00 00 00 ff 0b 11 00 a5 4e 40 13 e1 f1 ac 40 4e 00 00 00 4d 00 00 00 00
2026-09-18T14:29:01.5113422Z RX 43 4f 5a 03 52 45 01 09 00 00 00 00 04 00 05 5c 00 f0 39 0d 00 00 00 00 00 00 00 00 00 00 00 00 7a 3d 00 00 00 00 00 00 00 00 86 8b 76 ba f2 a1 4c 3d 00 00 00 00 00 00 00 00 0d 69 cc 3e 45 66 38 be c8 4c 90 45 75 47 8e 44 31 2a 15 46 40 4b e9 ba d0 86 78 3a fa bb 01 3a 00 81 95 40 10 33 00 00 6a 03 00 00 00 00 00 00 00 00 ff
2026-09-18T14:29:01.5132659Z TX 43 4f 5a 03 52 45 01 0b 00 00 00 00 14 00 61 54 52 27 a0 4b ad 40 4f 00 00 00 4e 00 00 00 00
2026-09-18T14:29:01.5466263Z RX 43 4f 5a 03 52 45 01 09 00 00 00 00 04 00 0b 11 00 61 54 52 27 a0 4b ad 40 4f 00 00 00 4e 00 00 00 00 05 5c 00 f0 57 0d 00 00 00 00 00 00 00 00 00 00 00 00 7a 3d 00 00 00 00 00 00 00 00 a7 8d 74 ba 37 d1 4c 3d 00 00 00 00 00 00 00 00 0d 69 cc 3e 45 66 38 be 83 0e 90 45 9e 5a 8e 44 1e 4e 15 46 c0 da 3b b9 80 e8 d9 39 35 8d 01 3a 00 e3 95 40 10 33 00 00 6a 03 00 00 00 00 00 00 00 00 ff
2026-09-18T14:29:01.5606056Z TX 43 4f 5a 03 52 45 01 0b 00 00 00 00 14 00 a6 0a 46 25 15 aa ad 40 50 00 00 00 4f 00 00 00 00
2026-09-18T14:29:01.5774138Z RX 43 4f 5a 03 52 45 01 09 00 00 00 00 04 00 05 5c 00 f0 75 0d 00 00 00 00 00 00 00 00 00 00 00 00 7a 3d 00 00 00 00 00 00 00 00 07 b6 70 ba d9 4b 4c 3d 00 00 00 00 00 00 00 00 0d 69 cc 3e 45 66 38 be 9a 83 8f 45 41 c8 8c 44 21 a9 15 46 88 ec 21 3a d0 b2 d8 39 a5 16 85 3a 00 e3 95 40 10 33 00 00 6a 03 00 00 00 00 00 00 00 00 ff 0b 11 00 a6 0a 46 25 15 aa ad 40 50 00 00 00 4f 00 00 00 00 05 5c 00 f0 93 0d 00 00 00 00 00 00 00 00 00 00 00 00 7a 3d 00 00 00 00 00 00 00 00 3f 83 6c ba c4 71 4c 3d 00 00 00 00 00 00 00 00 0d 69 cc 3e 45 66 38 be 76 26 90 45 8a 40 8f 44 0b 72 15 46 60 3f ea b9 c0 a6 1a 39 85 49 71 39 00 e3 95 40 10 33 00 00 6a 03 00 00 00 00 00 00 00 00 ff
2026-09-18T14:29:01.6071163Z TX 43 4f 5a 03 52 45 01 0b 00 00 00 00 14 00 b2 9d ef a7 46 07 ae 40 51 00 00 00 50 00 00 00 00
2026-09-18T14:29:01.6107365Z RX 43 4f 5a 03 52 45 01 09 00 00 00 00 04 00 05 5c 00 f0 b1 0d 00 00 00 00 00 00 00 00 00 00 00 00 7a 3d 00 00 00 00 00 00 00 00 0e 5a 65 ba 1d 51 4c 3d 00 00 00 00 00 00 00 00 0d 69 cc 3e 45 66 38 be 2e 8d 8f 45 56 c1 8d 44 c6 33 15 46 40 f2 3c b9 40 19 18 39 c9 90 84 3a 00 e3 95 40 10 33 00 00 6a 03 00 00 00 00 00 00 00 00 ff 0b 11 00 b2 9d ef a7 46 07 ae 40 51 00 00 00 50 00 00 00 00
2026-09-18T14:29:01.6440501Z RX 43 4f 5a 03 52 45 01 09 00 00 00 00 04 00 05 5c 00 f0 cf 0d 00 00 00 00 00 00 00 00 00 00 00 00 7a 3d 00 00 00 00 00 00 00 00 01 4d 62 ba a3 e2 4c 3d 00 00 00 00 00 00 00 00 0d 69 cc 3e 45 66 38 be 95 ac 90 45 a8 e7 8d 44 f1 a1 15 46 a8 ca 21 3a 10 0b ca b9 ea 86 6d 39 00 81 95 40 10 33 00 00 6a 03 00 00 00 00 00 00 00 00 ff
2026-09-18T14:29:01.6545257Z TX 43 4f 5a 03 52 45 01 0b 00 00 00 00 14 00 f2 b0 50 6b fa 65 ae 40 52 00 00 00 51 00 00 00 00
2026-09-18T14:29:01.6764326Z RX 43 4f 5a 03 52 45 01 09 00 00 00 00 04 00 0b 11 00 f2 b0 50 6b fa 65 ae 40 52 00 00 00 51 00 00 00 00 05 5c 00 f0 ed 0d 00 00 00 00 00 00 00 00 00 00 00 00 7a 3d 00 00 00 00 00 00 00 00 7b db 61 ba eb 68 4d 3d 00 00 00 00 00 00 00 00 0d 69 cc 3e 45 66 38 be c8 4c 90 45 4e f2 91 44 f1 a1 15 46 80 8a b7 39 50 32 d8 39 eb 9d 56 ba 00 81 95 40 10 33 00 00 6a 03 00 00 00 00 00 00 00 00 ff
2026-09-18T14:29:01.7010221Z TX 43 4f 5a 03 52 45 01 0b 00 00 00 00 14 00 21 1f f4 6c f6 c2 ae 40 53 00 00 00 52 00 00 00 00
2026-09-18T14:29:01.7094427Z RX 43 4f 5a 03 52 45 01 09 00 00 00 00 04 00 05 5c 00 f0 0b 0e 00 00 00 00 00 00 00 00 00 00 00 00 7a 3d 00 00 00 00 00 00 00 00 c1 76 68 ba 70 03 4d 3d 00 00 00 00 00 00 00 00 0d 69 cc 3e 45 66 38 be 31 e8 8f 45 56 c1 8d 44 2d 91 15 46 10 56 80 ba b8 34 31 3a 7c cd 6f 39 00 81 95 40 10 33 00 00 6a 03 00 00 00 00 00 00 00 00 ff 0b 11 00 21 1f f4 6c f6 c2 ae 40 53 00 00 00 52 00 00 00 00
2026-09-18T14:29:01.7423834Z RX 43 4f 5a 03 52 45 01 09 00 00 00 00 04 00 05 5c 00 f0 29 0e 00 00 00 00 00 00 00 00 00 00 00 00 7a 3d 00 00 00 00 00 00 00 00 d4 77 66 ba 07 a9 4c 3d 00 00 00 00 00 00 00 00 0d 69 cc 3e 45 66 38 be 3e d0 8f 45 57 a0 8f 44 47 61 15 46 80 3e b4 38 80 bc cb b9 20 8f 0b b8 00 81 95 40 10 33 00 00 6a 03 00 00 00 00 00 00 00 00 ff
2026-09-18T14:29:01.7480789Z TX 43 4f 5a 03 52 45 01 0b 00 00 00 00 14 00 8f 53 74 24 37 21 af 40 54 00 00 00 53 00 00 00 00
2026-09-18T14:29:01.7755791Z RX 43 4f 5a 03 52 45 01 09 00 00 00 00 04 00 0b 11 00 8f 53 74 24 37 21 af 40 54 00 00 00 53 00 00 00 00 05 5c 00 f0 47 0e 00 00 00 00 00 00 00 00 00 00 00 00 7a 3d 00 00 00 00 00 00 00 00 6f 94 6b ba 3b 46 4d 3d 00 00 00 00 00 00 00 00 0d 69 cc 3e 45 66 38 be 0d 8b 90 45 56 c1 8d 44 34 85 15 46 40 6d e9 b9 40 79 cb b9 88 03 04 b8 00 81 95 40 10 33 00 00 6a 03 00 00 00 00 00 00 00 00 ff
2026-09-18T14:29:01.7947118Z TX 43 4f 5a 03 52 45 01 0b 00 00 00 00 14 00 c5 fe b2 7b 92 7e af 40 55 00 00 00 54 00 00 00 00
2026-09-18T14:29:01.8097850Z RX 43 4f 5a 03 52 45 01 09 00 00 00 00 04 00 05 5c 00 f0 65 0e 00 00 00 00 00 00 00 00 00 00 00 00 7a 3d 00 00 00 00 00 00 00 00 ab ef 62 ba 84 21 4d 3d 00 00 00 00 00 00 00 00 0d 69 cc 3e 45 66 38 be 21 a5 8f 45 61 2d 8f 44 11 66 15 46 00 75 b8 38 c0 00 e4 3a 1c 6c 44 3a 00 81 95 40 10 33 00 00 6a 03 00 00 00 00 00 00 00 00 ff 0b 11 00 c5 fe b2 7b 92 7e af 40 55 00 00 00 54 00 00 00 00
2026-09-18T14:29:01.8408041Z TX 43 4f 5a 03 52 45 01 0b 00 00 00 00 14 00 ea 95 b2 0c 71 da af 40 56 00 00 00 55 00 00 00 00
2026-09-18T14:29:01.8452438Z RX 43 4f 5a 03 52 45 01 09 00 00 00 00 04 00 05 5c 00 f0 83 0e 00 00 00 00 00 00 00 00 00 00 00 00 7a 3d 00 00 00 00 00 00 00 00 24 60 61 ba fe c4 4c 3d 00 00 00 00 00 00 00 00 0d 69 cc 3e 45 66 38 be 14 bd 8f 45 56 c1 8d 44 79 c3 15 46 00 59 b7 38 b0 de 71 ba 32 33 6d 39 00 81 95 40 10 33 00 00 6a 03 00 00 00 00 00 00 00 00 ff
2026-09-18T14:29:01.8779348Z RX 43 4f 5a 03 52 45 01 09 00 00 00 00 04 00 0b 11 00 ea 95 b2 0c 71 da af 40 56 00 00 00 55 00 00 00 00 05 5c 00 f0 a1 0e 00 00 00 00 00 00 00 00 00 00 00 00 7a 3d 00 00 00 00 00 00 00 00 7a 8f 60 ba f8 f9 4c 3d 00 00 00 00 00 00 00 00 0d 69 cc 3e 45 66 38 be 6c 99 90 45 61 2d 8f 44 31 2a 15 46 a0 1e b9 39 40 2f d6 39 56 e7 6c 39 00 81 95 40 10 33 00 00 6a 03 00 00 00 00 00 00 00 00 ff 05 0a 00 f3 bc bc 58 de 02 00 00 00 45 05 5c 00 f0 bf 0e 00 00 00 00 00 00 00 00 00 00 00 00 7a 3d 00 00 00 00 00 00 00 00 ba 1e 60 ba 1d 1f 4d 3d 00 00 00 00 00 00 00 00 0d 69 cc 3e 45 66 38 be 76 26 90 45 dc 66 8f 44 cf 82 15 46 80 01 b8 39 f0 8a d5 39 96 be 6c 39 00 81 95 40 10 33 00 00 6a 03 00 00 00 00 00 00 00 00 ff
2026-09-18T14:29:01.8861548Z TX 43 4f 5a 03 52 45 01 0b 00 00 00 00 14 00 46 94 f6 06 bf 1a b0 40 57 00 00 00 56 00 00 00 00
2026-09-18T14:29:01.9081623Z RX 43 4f 5a 03 52 45 01 09 00 00 00 00 04 00 0b 11 00 46 94 f6 06 bf 1a b0 40 57 00 00 00 56 00 00 00 00 05 5c 00 f0 dd 0e 00 00 00 00 00 00 00 00 00 00 00 00 7a 3d 00 00 00 00 00 00 00 00 1b bd 59 ba 51 19 4d 3d 00 00 00 00 00 00 00 00 0d 69 cc 3e 45 66 38 be f4 ba 90 45 9f 39 90 44 e8 52 15 46 40 2e ea b9 24 bd 9d 3a 98 08 84 3a 00 81 95 40 10 33 00 00 6a 03 00 00 00 00 00 00 00 00 ff
2026-09-18T14:29:01.9338350Z TX 43 4f 5a 03 52 45 01 0b 00 00 00 00 14 00 c6 dc b5 84 2c 4a b0 40 58 00 00 00 57 00 00 00 00
2026-09-18T14:29:01.9411495Z RX 43 4f 5a 03 52 45 01 09 00 00 00 00 04 00 05 5c 00 f0 fb 0e 00 00 00 00 00 00 00 00 00 00 00 00 7a 3d 00 00 00 00 00 00 00 00 d9 68 50 ba 1b 45 4d 3d 00 00 00 00 00 00 00 00 0d 69 cc 3e 45 66 38 be b3 53 8f 45 dc 66 8f 44 f8 d3 14 46 40 09 ea b9 70 d4 ce b9 db 74 fc 39 00 e3 95 40 10 33 00 00 6a 03 00 00 00 00 00 00 00 00 ff 0b 11 00 c6 dc b5 84 2c 4a b0 40 58 00 00 00 57 00 00 00 00
2026-09-18T14:29:01.9738660Z RX 43 4f 5a 03 52 45 01 09 00 00 00 00 04 00 05 5c 00 f0 19 0f 00 00 00 00 00 00 00 00 00 00 00 00 7a 3d 00 00 00 00 00 00 00 00 7d 30 4b ba 18 bd 4c 3d 00 00 00 00 00 00 00 00 0d 69 cc 3e 45 66 38 be 3e d0 8f 45 e6 f3 8e 44 59 ff 15 46 68 2c 22 3a d4 3d c0 3a bc 3c 42 3a 00 81 95 40 10 33 00 00 6a 03 00 00 00 00 00 00 00 00 ff 05 0a 00 f3 ec 8e 1a 24 02 00 00 00 4d
2026-09-18T14:29:01.9813260Z TX 43 4f 5a 03 52 45 01 0b 00 00 00 00 14 00 05 a3 92 3a b1 79 b0 40 59 00 00 00 58 00 00 00 00
2026-09-18T14:29:02.0064592Z RX 43 4f 5a 03 52 45 01 09 00 00 00 00 04 00 0b 11 00 05 a3 92 3a b1 79 b0 40 59 00 00 00 58 00 00 00 00 05 5c 00 f0 37 0f 00 00 00 00 00 00 00 00 00 00 00 00 7a 3d 00 00 00 00 00 00 00 00 e6 8e 4b ba 6e 9e 4c 3d 00 00 00 00 00 00 00 00 0d 69 cc 3e 45 66 38 be fe 47 90 45 db 87 8d 44 d2 1b 15 46 00 cb ae 38 a4 77 9c ba e4 5f 9f b9 00 81 95 40 10 33 00 00 6a 03 00 00 00 00 00 00 00 00 ff
2026-09-18T14:29:02.0272507Z TX 43 4f 5a 03 52 45 01 0b 00 00 00 00 14 00 ea 04 34 11 d6 a7 b0 40 5a 00 00 00 59 00 00 00 00
2026-09-18T14:29:02.0414774Z RX 43 4f 5a 03 52 45 01 09 00 00 00 00 04 00 05 5c 00 f0 55 0f 00 00 00 00 00 00 00 00 00 00 00 00 7a 3d 00 00 00 00 00 00 00 00 4d 59 46 ba 5b 91 4d 3d 00 00 00 00 00 00 00 00 0d 69 cc 3e 45 66 38 be c8 4c 90 45 4c 34 8e 44 c6 33 15 46 c8 2c a3 ba 10 c9 2c ba b1 2e 17 3b 00 e3 95 40 10 33 00 00 6a 03 00 00 00 00 00 00 00 00 ff 0b 11 00 ea 04 34 11 d6 a7 b0 40 5a 00 00 00 59 00 00 00 00
2026-09-18T14:29:02.0725407Z RX 43 4f 5a 03 52 45 01 09 00 00 00 00 04 00 05 5c 00 f0 73 0f 00 00 00 00 00 00 00 00 00 00 00 00 7a 3d 00 00 00 00 00 00 00 00 bd 8e 38 ba dc 1a 4e 3d 00 00 00 00 00 00 00 00 0d 69 cc 3e 45 66 38 be 90 f6 8f 45 b4 32 91 44 0b 72 15 46 90 8d c5 ba 38 bd 9d 3a 64 81 82 3a 00 81 95 40 10 33 00 00 6a 03 00 00 00 00 00 00 00 00 ff
2026-09-18T14:29:02.0747511Z TX 43 4f 5a 03 52 45 01 0b 00 00 00 00 14 00 61 c3 d3 2b 35 d7 b0 40 5b 00 00 00 5a 00 00 00 00
2026-09-18T14:29:02.1057946Z RX 43 4f 5a 03 52 45 01 09 00 00 00 00 04 00 0b 11 00 61 c3 d3 2b 35 d7 b0 40 5b 00 00 00 5a 00 00 00 00 05 5c 00 f0 91 0f 00 00 00 00 00 00 00 00 00 00 00 00 7a 3d 00 00 00 00 00 00 00 00 ab 95 2e ba 10 13 4d 3d 00 00 00 00 00 00 00 00 0d 69 cc 3e 45 66 38 be 9a 83 8f 45 80 b3 8f 44 ac 63 15 46 a0 4d e6 b9 70 3f d2 39 39 9a 3f 3a 00 81 95 40 10 33 00 00 6a 03 00 00 00 00 00 00 00 00 ff
2026-09-18T14:29:02.1208608Z TX 43 4f 5a 03 52 45 01 0b 00 00 00 00 14 00 5f 98 4c 15 3c 05 b1 40 5c 00 00 00 5b 00 00 00 00
2026-09-18T14:29:02.1391307Z RX 43 4f 5a 03 52 45 01 09 00 00 00 00 04 00 05 5c 00 f0 af 0f 00 00 00 00 00 00 00 00 00 00 00 00 7a 3d 00 00 00 00 00 00 00 00 d8 ec 2d ba 9a 56 4d 3d 00 00 00 00 00 00 00 00 0d 69 cc 3e 45 66 38 be 50 6e 90 45 96 8b 92 44 70 74 15 46 40 62 34 b9 70 62 d2 39 f1 e7 16 ba 00 e3 95 40 10 33 00 00 6a 03 00 00 00 00 00 00 00 00 ff 0b 11 00 5f 98 4c 15 3c 05 b1 40 5c 00 00 00 5b 00 00 00 00
2026-09-18T14:29:02.1669769Z TX 43 4f 5a 03 52 45 01 0b 00 00 00 00 14 00 6a bc 74 93 48 33 b1 40 5d 00 00 00 5c 00 00 00 00
2026-09-18T14:29:02.1721857Z RX 43 4f 5a 03 52 45 01 09 00 00 00 00 04 00 05 5c 00 f0 cd 0f 00 00 00 00 00 00 00 00 00 00 00 00 7a 3d 00 00 00 00 00 00 00 00 d8 58 31 ba 7a 87 4d 3d 00 00 00 00 00 00 00 00 0d 69 cc 3e 45 66 38 be a6 6b 8f 45 22 42 8c 44 31 2a 15 46 c0 fc 7d ba 80 f2 0c 39 7e 33 a4 b9 00 e3 95 40 10 33 00 00 6a 03 00 00 00 00 00 00 00 00 ff 0b 11 00 6a bc 74 93 48 33 b1 40 5d 00 00 00 5c 00 00 00 00
2026-09-18T14:29:02.2052664Z RX 43 4f 5a 03 52 45 01 09 00 00 00 00 04 00 05 5c 00 f0 eb 0f 00 00 00 00 00 00 00 00 00 00 00 00 7a 3d 00 00 00 00 00 00 00 00 05 f6 2c ba 29 ad 4d 3d 00 00 00 00 00 00 00 00 0d 69 cc 3e 45 66 38 be ac 21 90 45 7f d4 8d 44 ee 46 15 46 f8 f6 24 3a 34 dd 9c 3a dc ed f5 39 00 e3 95 40 10 33 00 00 6a 03 00 00 00 00 00 00 00 00 ff 05 5c 00 f0 09 10 00 00 00 00 00 00 00 00 00 00 00 00 7a 3d 00 00 00 00 00 00 00 00 f0 9d 25 ba 33 70 4d 3d 00 00 00 00 00 00 00 00 0d 69 cc 3e 45 66 38 be f4 ba 90 45 6c 99 90 44 89 44 15 46 48 b7 a1 ba c0 cc 2e ba 29 8d 27 3b 00 e3 95 40 10 33 00 00 6a 03 00 00 00 00 00 00 00 00 ff
2026-09-18T14:29:02.2139212Z TX 43 4f 5a 03 52 45 01 0b 00 00 00 00 14 00 13 61 c3 d3 4b 62 b1 40 5e 00 00 00 5d 00 00 00 00
2026-09-18T14:29:02.2377413Z RX 43 4f 5a 03 52 45 01 09 00 00 00 00 04 00 0b 11 00 13 61 c3 d3 4b 62 b1 40 5e 00 00 00 5d 00 00 00 00 05 5c 00 f0 27 10 00 00 00 00 00 00 00 00 00 00 00 00 7a 3d 00 00 00 00 00 00 00 00 41 6c 12 ba 1a af 4d 3d 00 00 00 00 00 00 00 00 0d 69 cc 3e 45 66 38 be 34 43 90 45 93 ee 8c 44 0b 72 15 46 30 94 7c ba c0 c1 d1 39 e9 bf 80 3a 00 e3 95 40 10 33 00 00 6a 03 00 00 00 00 00 00 00 00 ff
2026-09-18T14:29:02.2610241Z TX 43 4f 5a 03 52 45 01 0b 00 00 00 00 14 00 19 e2 58 17 57 91 b1 40 5f 00 00 00 5e 00 00 00 00
2026-09-18T14:29:02.2714318Z RX 43 4f 5a 03 52 45 01 09 00 00 00 00 04 00 05 5c 00 f0 45 10 00 00 00 00 00 00 00 00 00 00 00 00 7a 3d 00 00 00 00 00 00 00 00 6f 81 0e ba 05 da 4c 3d 00 00 00 00 00 00 00 00 0d 69 cc 3e 45 66 38 be 08 d5 8f 45 a9 c6 8f 44 b2 57 15 46 c0 94 2c b9 50 27 d0 39 ea ad 4e 39 00 81 95 40 10 33 00 00 6a 03 00 00 00 00 00 00 00 00 ff 0b 11 00 19 e2 58 17 57 91 b1 40 5f 00 00 00 5e 00 00 00 00
2026-09-18T14:29:02.3037604Z RX 43 4f 5a 03 52 45 01 09 00 00 00 00 04 00 05 5c 00 f0 63 10 00 00 00 00 00 00 00 00 00 00 00 00 7a 3d 00 00 00 00 00 00 00 00 00 f8 0a ba 1f 29 4d 3d 00 00 00 00 00 00 00 00 0d 69 cc 3e 45 66 38 be a9 c6 8f 45 60 4e 8d 44 b2 57 15 46 20 93 c3 ba 80 af d1 b9 ec 52 3c 3a 00 81 95 40 10 33 00 00 6a 03 00 00 00 00 00 00 00 00 ff
2026-09-18T14:29:02.3078818Z TX 43 4f 5a 03 52 45 01 0b 00 00 00 00 14 00 07 ce 19 51 3a c0 b1 40 60 00 00 00 5f 00 00 00 00
2026-09-18T14:29:02.3368640Z RX 43 4f 5a 03 52 45 01 09 00 00 00 00 04 00 0b 11 00 07 ce 19 51 3a c0 b1 40 60 00 00 00 5f 00 00 00 00 05 5c 00 f0 81 10 00 00 00 00 00 00 00 00 00 00 00 00 7a 3d 00 00 00 00 00 00 00 00 2f d8 04 ba 31 80 4d 3d 00 00 00 00 00 00 00 00 0d 69 cc 3e 45 66 38 be 9f 39 90 45 94 cd 8e 44 54 49 15 46 80 c2 df 38 e0 de 0a 39 e8 1f 80 3a 00 81 95 40 10 33 00 00 6a 03 00 00 00 00 00 00 00 00 ff
2026-09-18T14:29:02.3541962Z TX 43 4f 5a 03 52 45 01 0b 00 00 00 00 14 00 3b 01 4d 84 9d ee b1 40 61 00 00 00 60 00 00 00 00
2026-09-18T14:29:02.3699274Z RX 43 4f 5a 03 52 45 01 09 00 00 00 00 04 00 05 5c 00 f0 9f 10 00 00 00 00 00 00 00 00 00 00 00 00 7a 3d 00 00 00 00 00 00 00 00 5d 7b fd b9 27 14 4d 3d 00 00 00 00 00 00 00 00 0d 69 cc 3e 45 66 38 be dc 66 8f 45 37 3b 8d 44 7f b7 15 46 40 23 df b9 b0 d8 d0 b9 8b bd 5f ba 00 81 95 40 10 33 00 00 6a 03 00 00 00 00 00 00 00 00 ff 0b 11 00 3b 01 4d 84 9d ee b1 40 61 00 00 00 60 00 00 00 00 05 0a 00 f3 8b 63 6c 11 01 00 00 00 2c
2026-09-18T14:29:02.4008386Z TX 43 4f 5a 03 52 45 01 0b 00 00 00 00 14 00 7b 14 ae 47 21 1d b2 40 62 00 00 00 61 00 00 00 00
2026-09-18T14:29:02.4025789Z RX 43 4f 5a 03 52 45 01 09 00 00 00 00 04 00 05 5c 00 f0 bd 10 00 00 00 00 00 00 00 00 00 00 00 00 7a 3d 00 00 00 00 00 00 00 00 ab 67 07 ba f5 15 4d 3d 00 00 00 00 00 00 00 00 0d 69 cc 3e 45 66 38 be ea 2d 91 45 c8 4c 90 44 b9 4b 15 46 c0 82 de b9 d0 1d 2e ba c0 ec ab b9 00 81 95 40 10 33 00 00 6a 03 00 00 00 00 00 00 00 00 ff 0b 11 00 7b 14 ae 47 21 1d b2 40 62 00 00 00 61 00 00 00 00
2026-09-18T14:29:02.4357849Z RX 43 4f 5a 03 52 45 01 09 00 00 00 00 04 00 05 5c 00 f0 db 10 00 00 00 00 00 00 00 00 00 00 00 00 7a 3d 00 00 00 00 00 00 00 00 e5 24 03 ba b2 ad 4c 3d 00 00 00 00 00 00 00 00 0d 69 cc 3e 45 66 38 be 12 62 8f 45 06 59 91 44 07 d9 15 46 80 fb dd b9 34 02 c0 3a f5 0b 80 3a 00 81 95 40 10 33 00 00 6a 03 00 00 00 00 00 00 00 00 ff
2026-09-18T14:29:02.4467028Z TX 43 4f 5a 03 52 45 01 0b 00 00 00 00 14 00 99 2a 18 95 24 4b b2 40 63 00 00 00 62 00 00 00 00
2026-09-18T14:29:02.4686812Z RX 43 4f 5a 03 52 45 01 09 00 00 00 00 04 00 05 5c 00 f0 f9 10 00 00 00 00 00 00 00 00 00 00 00 00 7a 3d 00 00 00 00 00 00 00 00 36 9a f8 b9 3f e0 4c 3d 00 00 00 00 00 00 00 00 0d 69 cc 3e 45 66 38 be 2e 8d 8f 45 fa 0d 8e 44 18 5a 15 46 e0 86 dd b9 30 e0 2d 3a aa f7 ec 39 00 81 95 40 10 33 00 00 6a 03 00 00 00 00 00 00 00 00 ff 0b 11 00 99 2a 18 95 24 4b b2 40 63 00 00 00 62 00 00 00 00
2026-09-18T14:29:02.4935085Z TX 43 4f 5a 03 52 45 01 0b 00 00 00 00 14 00 57 5b b1 bf 0c 7a b2 40 64 00 00 00 63 00 00 00 00
2026-09-18T14:29:02.5015593Z RX 43 4f 5a 03 52 45 01 09 00 00 00 00 04 00 05 5c 00 f0 17 11 00 00 00 00 00 00 00 00 00 00 00 00 7a 3d 00 00 00 00 00 00 00 00 74 c7 fc b9 65 5d 4c 3d 00 00 00 00 00 00 00 00 0d 69 cc 3e 45 66 38 be 31 e8 8f 45 f1 5f 90 44 5d 98 15 46 80 cc e6 38 a0 d2 0e b9 40 bf 48 39 00 81 95 40 10 33 00 00 6a 03 00 00 00 00 00 00 00 00 ff 0b 11 00 57 5b b1 bf 0c 7a b2 40 64 00 00 00 63 00 00 00 00 05 5c 00 f0 35 11 00 00 00 00 00 00 00 00 00 00 00 00 7a 3d 00 00 00 00 00 00 00 00 bf 43 fa b9 82 4e 4c 3d 00 00 00 00 00 00 00 00 0d 69 cc 3e 45 66 38 be 46 e1 90 45 d2 d9 8f 44 7d 5c 15 46 c0 52 25 b9 78 6d 2d 3a 9d ad d6 ba 00 81 95 40 10 33 00 00 6a 03 00 00 00 00 00 00 00 00 ff
2026-09-18T14:29:02.5348765Z RX 43 4f 5a 03 52 45 01 09 00 00 00 00 04 00 05 5c 00 f0 53 11 00 00 00 00 00 00 00 00 00 00 00 00 7a 3d 00 00 00 00 00 00 00 00 b7 ce 01 ba 01 40 4c 3d 00 00 00 00 00 00 00 00 0d 69 cc 3e 45 66 38 be a9 c6 8f 45 58 7f 91 44 5a 3d 15 46 80 bd 22 b9 50 77 ce 39 bd f8 7f 3a 00 81 95 40 10 33 00 00 6a 03 00 00 00 00 00 00 00 00 ff
2026-09-18T14:29:02.5396162Z TX 43 4f 5a 03 52 45 01 0b 00 00 00 00 14 00 b5 a6 79 c7 29 a8 b2 40 65 00 00 00 64 00 00 00 00
2026-09-18T14:29:02.5707956Z RX 43 4f 5a 03 52 45 01 09 00 00 00 00 04 00 0b 11 00 b5 a6 79 c7 29 a8 b2 40 65 00 00 00 64 00 00 00 00 05 5c 00 f0 71 11 00 00 00 00 00 00 00 00 00 00 00 00 7a 3d 00 00 00 00 00 00 00 00 98 e8 f8 b9 15 c8 4b 3d 00 00 00 00 00 00 00 00 0d 69 cc 3e 45 66 38 be d5 34 90 45 8a 40 8f 44 bc a6 15 46 00 56 e8 38 4c e3 9b 3a 3f fd 3a 3a 00 81 95 40 10 33 00 00 6a 03 00 00 00 00 00 00 00 00 ff
2026-09-18T14:29:02.5855727Z TX 43 4f 5a 03 52 45 01 0b 00 00 00 00 14 00 95 d4 09 68 f2 d5 b2 40 66 00 00 00 65 00 00 00 00
2026-09-18T14:29:02.6009461Z RX 43 4f 5a 03 52 45 01 09 00 00 00 00 04 00 0b 11 00 95 d4 09 68 f2 d5 b2 40 66 00 00 00 65 00 00 00 00 05 5c 00 f0 8f 11 00 00 00 00 00 00 00 00 00 00 00 00 7a 3d 00 00 00 00 00 00 00 00 8e c6 e9 b9 56 7b 4b 3d 00 00 00 00 00 00 00 00 0d 69 cc 3e 45 66 38 be 57 a0 8f 45 c8 4c 90 44 6a 80 15 46 00 2a 23 b9 40 24 d6 b9 b5 4a 3a 3a 00 e3 95 40 10 33 00 00 6a 03 00 00 00 00 00 00 00 00 ff
2026-09-18T14:29:02.6322244Z TX 43 4f 5a 03 52 45 01 0b 00 00 00 00 14 00 6e a3 01 bc 95 04 b3 40 67 00 00 00 66 00 00 00 00
2026-09-18T14:29:02.6336505Z RX 43 4f 5a 03 52 45 01 09 00 00 00 00 04 00 05 5c 00 f0 ad 11 00 00 00 00 00 00 00 00 00 00 00 00 7a 3d 00 00 00 00 00 00 00 00 f9 1d e2 b9 46 10 4c 3d 00 00 00 00 00 00 00 00 0d 69 cc 3e 45 66 38 be 88 c4 90 45 b4 32 91 44 ee 46 15 46 20 d4 dc b9 80 fc 2b 3a 46 82 1c ba 00 81 95 40 10 33 00 00 6a 03 00 00 00 00 00 00 00 00 ff 0b 11 00 6e a3 01 bc 95 04 b3 40 67 00 00 00 66 00 00 00 00
2026-09-18T14:29:02.6668117Z RX 43 4f 5a 03 52 45 01 09 00 00 00 00 04 00 05 5c 00 f0 cb 11 00 00 00 00 00 00 00 00 00 00 00 00 7a 3d 00 00 00 00 00 00 00 00 0f c7 ed b9 bd 7f 4b 3d 00 00 00 00 00 00 00 00 0d 69 cc 3e 45 66 38 be 61 2d 8f 45 c7 6d 8e 44 30 ec 15 46 00 37 21 b9 68 93 2b 3a 0a f0 97 b8 00 e3 95 40 10 33 00 00 6a 03 00 00 00 00 00 00 00 00 ff
2026-09-18T14:29:02.6803252Z TX 43 4f 5a 03 52 45 01 0b 00 00 00 00 14 00 ac ad d8 5f b6 34 b3 40 68 00 00 00 67 00 00 00 00
2026-09-18T14:29:02.6998798Z RX 43 4f 5a 03 52 45 01 09 00 00 00 00 04 00 05 5c 00 f0 e9 11 00 00 00 00 00 00 00 00 00 00 00 00 7a 3d 00 00 00 00 00 00 00 00 81 de fd b9 a2 e0 4a 3d 00 00 00 00 00 00 00 00 0d 69 cc 3e 45 66 38 be 08 d5 8f 45 8a 40 8f 44 b9 4b 15 46 f8 5a 9f ba e0 ff d6 b9 c1 1a 92 ba 00 e3 95 40 10 33 00 00 6a 03 00 00 00 00 00 00 00 00 ff 0b 11 00 ac ad d8 5f b6 34 b3 40 68 00 00 00 67 00 00 00 00
2026-09-18T14:29:02.7281002Z TX 43 4f 5a 03 52 45 01 0b 00 00 00 00 14 00 c6 6d 34 80 77 64 b3 40 69 00 00 00 68 00 00 00 00
2026-09-18T14:29:02.7332381Z RX 43 4f 5a 03 52 45 01 09 00 00 00 00 04 00 05 5c 00 f0 07 12 00 00 00 00 00 00 00 00 00 00 00 00 7a 3d 00 00 00 00 00 00 00 00 42 e9 00 ba 0c ad 4b 3d 00 00 00 00 00 00 00 00 0d 69 cc 3e 45 66 38 be 9a 62 91 45 0f 07 8f 44 e8 52 15 46 00 40 f4 38 b0 54 2b 3a ae 30 a2 3a 00 81 95 40 10 33 00 00 6a 03 00 00 00 00 00 00 00 00 ff 0b 11 00 c6 6d 34 80 77 64 b3 40 69 00 00 00 68 00 00 00 00
2026-09-18T14:29:02.7660792Z RX 43 4f 5a 03 52 45 01 09 00 00 00 00 04 00 05 5c 00 f0 25 12 00 00 00 00 00 00 00 00 00 00 00 00 7a 3d 00 00 00 00 00 00 00 00 67 28 f4 b9 4a 76 4c 3d 00 00 00 00 00 00 00 00 0d 69 cc 3e 45 66 38 be 5a fb 8f 45 2e 8d 8f 44 76 68 15 46 f0 5d 78 ba 78 2a 2b 3a 0f ad 1b ba 00 81 95 40 10 33 00 00 6a 03 00 00 00 00 00 00 00 00 ff
2026-09-18T14:29:02.7744783Z TX 43 4f 5a 03 52 45 01 0b 00 00 00 00 14 00 28 0f 0b b5 d6 92 b3 40 6a 00 00 00 69 00 00 00 00
2026-09-18T14:29:02.7989752Z RX 43 4f 5a 03 52 45 01 09 00 00 00 00 04 00 05 5c 00 f0 43 12 00 00 00 00 00 00 00 00 00 00 00 00 7a 3d 00 00 00 00 00 00 00 00 9d 5d f5 b9 d3 5a 4c 3d 00 00 00 00 00 00 00 00 0d 69 cc 3e 45 66 38 be b6 ae 8f 45 4b 55 8c 44 ee 46 15 46 e0 e9 31 ba 50 bf c9 39 4e e7 a1 3a 00 81 95 40 10 33 00 00 6a 03 00 00 00 00 00 00 00 00 ff 0b 11 00 28 0f 0b b5 d6 92 b3 40 6a 00 00 00 69 00 00 00 00
2026-09-18T14:29:02.8210299Z TX 43 4f 5a 03 52 45 01 0b 00 00 00 00 14 00 eb e2 36 1a 60 c1 b3 40 6b 00 00 00 6a 00 00 00 00
2026-09-18T14:29:02.8321449Z RX 43 4f 5a 03 52 45 01 09 00 00 00 00 04 00 05 5c 00 f0 61 12 00 00 00 00 00 00 00 00 00 00 00 00 7a 3d 00 00 00 00 00 00 00 00 28 da db b9 b3 8e 4b 3d 00 00 00 00 00 00 00 00 0d 69 cc 3e 45 66 38 be b3 53 8f 45 a8 e7 8d 44 db 6a 15 46 c0 42 18 b9 00 97 9a 3a a8 b1 42 39 00 81 95 40 10 33 00 00 6a 03 00 00 00 00 00 00 00 00 ff 0b 11 00 eb e2 36 1a 60 c1 b3 40 6b 00 00 00 6a 00 00 00 00 05 5c 00 f0 7f 12 00 00 00 00 00 00 00 00 00 00 00 00 7a 3d 00 00 00 00 00 00 00 00 3a 65 dc b9 d9 8b 4b 3d 00 00 00 00 00 00 00 00 0d 69 cc 3e 45 66 38 be 27 5b 90 45 0f 07 8f 44 de c5 15 46 80 62 17 b9 80 67 1e b9 38 54 a1 3a 00 81 95 40 10 33 00 00 6a 03 00 00 00 00 00 00 00 00 ff
2026-09-18T14:29:02.8648184Z RX 43 4f 5a 03 52 45 01 09 00 00 00 00 04 00 05 5c 00 f0 9d 12 00 00 00 00 00 00 00 00 00 00 00 00 7a 3d 00 00 00 00 00 00 00 00 42 ab c6 b9 c3 39 4b 3d 00 00 00 00 00 00 00 00 0d 69 cc 3e 45 66 38 be 83 0e 90 45 0f 07 8f 44 c8 8e 15 46 80 b9 76 ba 80 e5 d9 b9 74 60 e8 39 00 81 95 40 10 33 00 00 6a 03 00 00 00 00 00 00 00 00 ff 05 0a 00 f3 bc bc 58 de 02 00 00 00 45
2026-09-18T14:29:02.8680023Z TX 43 4f 5a 03 52 45 01 0b 00 00 00 00 14 00 e3 a5 9b c4 60 f0 b3 40 6c 00 00 00 6b 00 00 00 00
2026-09-18T14:29:02.8978231Z RX 43 4f 5a 03 52 45 01 09 00 00 00 00 04 00 0b 11 00 e3 a5 9b c4 60 f0 b3 40 6c 00 00 00 6b 00 00 00 00 05 5c 00 f0 bb 12 00 00 00 00 00 00 00 00 00 00 00 00 7a 3d 00 00 00 00 00 00 00 00 a6 48 c7 b9 dd cb 4b 3d 00 00 00 00 00 00 00 00 0d 69 cc 3e 45 66 38 be 17 18 90 45 fa 0d 8e 44 fb 2e 15 46 e0 68 d5 b9 b0 f0 29 3a 44 5c 93 ba 00 81 95 40 10 33 00 00 6a 03 00 00 00 00 00 00 00 00 ff
2026-09-18T14:29:02.9145658Z TX 43 4f 5a 03 52 45 01 0b 00 00 00 00 14 00 87 16 d9 ce 27 1f b4 40 6d 00 00 00 6c 00 00 00 00
2026-09-18T14:29:02.9307169Z RX 43 4f 5a 03 52 45 01 09 00 00 00 00 04 00 0b 11 00 87 16 d9 ce 27 1f b4 40 6d 00 00 00 6c 00 00 00 00 05 5c 00 f0 d9 12 00 00 00 00 00 00 00 00 00 00 00 00 7a 3d 00 00 00 00 00 00 00 00 f3 e6 de b9 c2 69 4c 3d 00 00 00 00 00 00 00 00 0d 69 cc 3e 45 66 38 be b8 09 90 45 c8 4c 90 44 3a 79 15 46 00 2b 03 39 c8 e5 6e 3a ba 43 43 39 00 e3 95 40 10 33 00 00 6a 03 00 00 00 00 00 00 00 00 ff
2026-09-18T14:29:02.9612202Z TX 43 4f 5a 03 52 45 01 0b 00 00 00 00 14 00 5a f5 b9 da 9a 4d b4 40 6e 00 00 00 6d 00 00 00 00
2026-09-18T14:29:02.9637236Z RX 43 4f 5a 03 52 45 01 09 00 00 00 00 04 00 05 5c 00 f0 f7 12 00 00 00 00 00 00 00 00 00 00 00 00 7a 3d 00 00 00 00 00 00 00 00 03 79 dc b9 40 04 4c 3d 00 00 00 00 00 00 00 00 0d 69 cc 3e 45 66 38 be 0a 30 90 45 e7 d2 90 44 bf 3f 15 46 20 ab cc 39 d0 e4 99 3a cb 46 9e b8 00 81 95 40 10 33 00 00 6a 03 00 00 00 00 00 00 00 00 ff 0b 11 00 5a f5 b9 da 9a 4d b4 40 6e 00 00 00 6d 00 00 00 00
2026-09-18T14:29:02.9968735Z RX 43 4f 5a 03 52 45 01 09 00 00 00 00 04 00 05 5c 00 f0 15 13 00 00 00 00 00 00 00 00 00 00 00 00 7a 3d 00 00 00 00 00 00 00 00 88 21 d1 b9 62 cc 4b 3d 00 00 00 00 00 00 00 00 0d 69 cc 3e 45 66 38 be 92 51 90 45 75 47 8e 44 92 93 15 46 80 1a 02 39 00 33 e0 38 1e 12 a1 3a 00 e3 95 40 10 33 00 00 6a 03 00 00 00 00 00 00 00 00 ff 05 0a 00 f3 ec 8e 1a 24 02 00 00 00 4e
2026-09-18T14:29:03.0072967Z TX 43 4f 5a 03 52 45 01 0b 00 00 00 00 14 00 0a d7 a3 70 bd 7b b4 40 6f 00 00 00 6e 00 00 00 00
2026-09-18T14:29:03.0297881Z RX 43 4f 5a 03 52 45 01 09 00 00 00 00 04 00 05 5c 00 f0 33 13 00 00 00 00 00 00 00 00 00 00 00 00 7a 3d 00 00 00 00 00 00 00 00 c1 59 c4 b9 f4 5d 4c 3d 00 00 00 00 00 00 00 00 0d 69 cc 3e 45 66 38 be b6 ae 8f 45 1a 73 90 44 6d 19 15 46 c0 1a 16 b9 20 1e 27 3a 99 29 a7 b8 00 e3 95 40 10 33 00 00 6a 03 00 00 00 00 00 00 00 00 ff 0b 11 00 0a d7 a3 70 bd 7b b4 40 6f 00 00 00 6e 00 00 00 00
2026-09-18T14:29:03.0547336Z TX 43 4f 5a 03 52 45 01 0b 00 00 00 00 14 00 6c 09 f9 a0 47 ab b4 40 70 00 00 00 6f 00 00 00 00
2026-09-18T14:29:03.0627448Z RX 43 4f 5a 03 52 45 01 09 00 00 00 00 04 00 05 5c 00 f0 51 13 00 00 00 00 00 00 00 00 00 00 00 00 7a 3d 00 00 00 00 00 00 00 00 34 6c c9 b9 1f 64 4c 3d 00 00 00 00 00 00 00 00 0d 69 cc 3e 45 66 38 be c5 f1 8f 45 9f 39 90 44 27 9d 15 46 40 8b 76 ba 30 72 35 ba e8 48 a5 b8 00 81 95 40 10 33 00 00 6a 03 00 00 00 00 00 00 00 00 ff 0b 11 00 6c 09 f9 a0 47 ab b4 40 70 00 00 00 6f 00 00 00 00
2026-09-18T14:29:03.0957308Z RX 43 4f 5a 03 52 45 01 09 00 00 00 00 04 00 05 5c 00 f0 6f 13 00 00 00 00 00 00 00 00 00 00 00 00 7a 3d 00 00 00 00 00 00 00 00 e7 1c c3 b9 be 4d 4c 3d 00 00 00 00 00 00 00 00 0d 69 cc 3e 45 66 38 be 86 69 90 45 4b 55 8c 44 5d 98 15 46 48 d6 9d ba 48 62 27 3a b1 bf a0 3a 00 81 95 40 10 33 00 00 6a 03 00 00 00 00 00 00 00 00 ff
2026-09-18T14:29:03.1015496Z TX 43 4f 5a 03 52 45 01 0b 00 00 00 00 14 00 4b c8 07 3d 1b da b4 40 71 00 00 00 70 00 00 00 00
2026-09-18T14:29:03.1288308Z RX 43 4f 5a 03 52 45 01 09 00 00 00 00 04 00 05 5c 00 f0 8d 13 00 00 00 00 00 00 00 00 00 00 00 00 7a 3d 00 00 00 00 00 00 00 00 6e b8 ac b9 d1 7c 4c 3d 00 00 00 00 00 00 00 00 0d 69 cc 3e 45 66 38 be 17 18 90 45 43 86 90 44 4d 55 15 46 20 56 d3 b9 80 5f dd 38 a2 fe e5 39 00 e3 95 40 10 33 00 00 6a 03 00 00 00 00 00 00 00 00 ff 0b 11 00 4b c8 07 3d 1b da b4 40 71 00 00 00 70 00 00 00 00 05 5c 00 f0 ab 13 00 00 00 00 00 00 00 00 00 00 00 00 7a 3d 00 00 00 00 00 00 00 00 47 c8 a0 b9 f4 6f 4b 3d 00 00 00 00 00 00 00 00 0d 69 cc 3e 45 66 38 be 57 a0 8f 45 6c 99 90 44 24 42 15 46 60 4e 2f ba 68 0a 99 3a 4f f5 9f 3a 00 81 95 40 10 33 00 00 6a 03 00 00 00 00 00 00 00 00 ff
2026-09-18T14:29:03.1482039Z TX 43 4f 5a 03 52 45 01 0b 00 00 00 00 14 00 3f 57 5b b1 bf 08 b5 40 72 00 00 00 71 00 00 00 00
2026-09-18T14:29:03.1617725Z RX 43 4f 5a 03 52 45 01 09 00 00 00 00 04 00 0b 11 00 3f 57 5b b1 bf 08 b5 40 72 00 00 00 71 00 00 00 00 05 5c 00 f0 c9 13 00 00 00 00 00 00 00 00 00 00 00 00 7a 3d 00 00 00 00 00 00 00 00 84 43 88 b9 1a 2a 4b 3d 00 00 00 00 00 00 00 00 0d 69 cc 3e 45 66 38 be 83 0e 90 45 be bf 90 44 9f 7b 15 46 10 6c 74 ba e0 0d e2 b9 ef ce 35 3a 00 e3 95 40 10 33 00 00 6a 03 00 00 00 00 00 00 00 00 ff
2026-09-18T14:29:03.1949382Z RX 43 4f 5a 03 52 45 01 09 00 00 00 00 04 00 05 5c 00 f0 e7 13 00 00 00 00 00 00 00 00 00 00 00 00 7a 3d 00 00 00 00 00 00 00 00 7c ef 72 b9 64 06 4b 3d 00 00 00 00 00 00 00 00 0d 69 cc 3e 45 66 38 be fb ec 8f 45 be bf 90 44 70 74 15 46 40 f5 d0 b9 58 fa 25 3a bf 9d 79 3a 00 e3 95 40 10 33 00 00 6a 03 00 00 00 00 00 00 00 00 ff
2026-09-18T14:29:03.1950162Z TX 43 4f 5a 03 52 45 01 0b 00 00 00 00 14 00 46 25 75 02 9a 37 b5 40 73 00 00 00 72 00 00 00 00
2026-09-18T14:29:03.2278307Z RX 43 4f 5a 03 52 45 01 09 00 00 00 00 04 00 0b 11 00 46 25 75 02 9a 37 b5 40 73 00 00 00 72 00 00 00 00 05 5c 00 f0 05 14 00 00 00 00 00 00 00 00 00 00 00 00 7a 3d 00 00 00 00 00 00 00 00 24 e6 59 b9 e0 f9 4a 3d 00 00 00 00 00 00 00 00 0d 69 cc 3e 45 66 38 be 0a 30 90 45 e6 f3 8e 44 fe 89 15 46 e0 3e 74 3a 00 7c d0 38 30 48 2e 39 00 81 95 40 10 33 00 00 6a 03 00 00 00 00 00 00 00 00 ff
2026-09-18T14:29:03.2405433Z TX 43 4f 5a 03 52 45 01 0b 00 00 00 00 14 00 ac 1c 5a 64 1b 65 b5 40 74 00 00 00 73 00 00 00 00
2026-09-18T14:29:03.2608118Z RX 43 4f 5a 03 52 45 01 09 00 00 00 00 04 00 0b 11 00 ac 1c 5a 64 1b 65 b5 40 74 00 00 00 73 00 00 00 00 05 5c 00 f0 23 14 00 00 00 00 00 00 00 00 00 00 00 00 7a 3d 00 00 00 00 00 00 00 00 01 49 4e b9 91 c3 4a 3d 00 00 00 00 00 00 00 00 0d 69 cc 3e 45 66 38 be e2 1c 90 45 f1 5f 90 44 7d 5c 15 46 b0 39 2e ba 00 14 37 ba 47 e0 c0 3a 00 e3 95 40 10 33 00 00 6a 03 00 00 00 00 00 00 00 00 ff
2026-09-18T14:29:03.2876893Z TX 43 4f 5a 03 52 45 01 0b 00 00 00 00 14 00 f5 4a 59 86 18 94 b5 40 75 00 00 00 74 00 00 00 00
2026-09-18T14:29:03.2942386Z RX 43 4f 5a 03 52 45 01 09 00 00 00 00 04 00 05 5c 00 f0 41 14 00 00 00 00 00 00 00 00 00 00 00 00 7a 3d 00 00 00 00 00 00 00 00 5b 1d 1c b9 55 51 4b 3d 00 00 00 00 00 00 00 00 0d 69 cc 3e 45 66 38 be e2 1c 90 45 b4 32 91 44 40 6d 15 46 40 6e 0d 39 60 62 e0 b9 a9 ba d2 b8 00 81 95 40 10 33 00 00 6a 03 00 00 00 00 00 00 00 00 ff 0b 11 00 f5 4a 59 86 18 94 b5 40 75 00 00 00 74 00 00 00 00
2026-09-18T14:29:03.3269333Z RX 43 4f 5a 03 52 45 01 09 00 00 00 00 04 00 05 5c 00 f0 5f 14 00 00 00 00 00 00 00 00 00 00 00 00 7a 3d 00 00 00 00 00 00 00 00 b3 6b 2b b9 07 0a 4b 3d 00 00 00 00 00 00 00 00 0d 69 cc 3e 45 66 38 be ee 04 90 45 b2 74 8d 44 5a 3d 15 46 e0 8d 73 ba 20 04 c1 39 66 e8 cf b8 00 81 95 40 10 33 00 00 6a 03 00 00 00 00 00 00 00 00 ff
2026-09-18T14:29:03.3337549Z TX 43 4f 5a 03 52 45 01 0b 00 00 00 00 14 00 a7 79 c7 29 4a c2 b5 40 76 00 00 00 75 00 00 00 00
2026-09-18T14:29:03.3598064Z RX 43 4f 5a 03 52 45 01 09 00 00 00 00 04 00 0b 11 00 a7 79 c7 29 4a c2 b5 40 76 00 00 00 75 00 00 00 00 05 5c 00 f0 7d 14 00 00 00 00 00 00 00 00 00 00 00 00 7a 3d 00 00 00 00 00 00 00 00 5b be 34 b9 f5 f1 4b 3d 00 00 00 00 00 00 00 00 0d 69 cc 3e 45 66 38 be 17 18 90 45 4c 34 8e 44 4d 55 15 46 e0 8b d2 39 20 22 2b b9 1c 86 bc b9 00 81 95 40 10 33 00 00 6a 03 00 00 00 00 00 00 00 00 ff
2026-09-18T14:29:03.3804408Z TX 43 4f 5a 03 52 45 01 0b 00 00 00 00 14 00 6d e7 fb a9 01 f1 b5 40 77 00 00 00 76 00 00 00 00
2026-09-18T14:29:03.3928448Z RX 43 4f 5a 03 52 45 01 09 00 00 00 00 04 00 05 5c 00 f0 9b 14 00 00 00 00 00 00 00 00 00 00 00 00 7a 3d 00 00 00 00 00 00 00 00 17 8c 3c b9 0f 96 4b 3d 00 00 00 00 00 00 00 00 0d 69 cc 3e 45 66 38 be 80 b3 8f 45 19 94 8e 44 92 93 15 46 c0 ed cf b9 68 d6 6b 3a 49 bc cc b8 00 81 95 40 10 33 00 00 6a 03 00 00 00 00 00 00 00 00 ff 0b 11 00 6d e7 fb a9 01 f1 b5 40 77 00 00 00 76 00 00 00 00
2026-09-18T14:29:03.4257610Z RX 43 4f 5a 03 52 45 01 09 00 00 00 00 04 00 05 5c 00 f0 b9 14 00 00 00 00 00 00 00 00 00 00 00 00 7a 3d 00 00 00 00 00 00 00 00 18 c7 43 b9 2f 4b 4b 3d 00 00 00 00 00 00 00 00 0d 69 cc 3e 45 66 38 be 05 7a 8f 45 e6 f3 8e 44 63 8c 15 46 60 05 73 ba 60 84 bf 39 eb 42 2c 39 00 81 95 40 10 33 00 00 6a 03 00 00 00 00 00 00 00 00 ff 05 5c 00 f0 d7 14 00 00 00 00 00 00 00 00 00 00 00 00 7a 3d 00 00 00 00 00 00 00 00 05 cf 30 b9 2b 92 4b 3d 00 00 00 00 00 00 00 00 0d 69 cc 3e 45 66 38 be 4d 13 90 45 c7 6d 8e 44 1e 4e 15 46 a0 2a d4 39 c0 0b d0 38 30 e3 ce b8 00 81 95 40 10 33 00 00 6a 03 00 00 00 00 00 00 00 00 ff
2026-09-18T14:29:03.4262141Z TX 43 4f 5a 03 52 45 01 0b 00 00 00 00 14 00 e1 7a 14 ae c7 1e b6 40 78 00 00 00 77 00 00 00 00
2026-09-18T14:29:03.4587748Z RX 43 4f 5a 03 52 45 01 09 00 00 00 00 04 00 0b 11 00 e1 7a 14 ae c7 1e b6 40 78 00 00 00 77 00 00 00 00 05 5c 00 f0 f5 14 00 00 00 00 00 00 00 00 00 00 00 00 7a 3d 00 00 00 00 00 00 00 00 58 91 3e b9 fc f7 4b 3d 00 00 00 00 00 00 00 00 0d 69 cc 3e 45 66 38 be 0d 8b 90 45 0f 07 8f 44 ac 63 15 46 40 55 72 ba a0 44 2f b9 16 5a cc b8 00 81 95 40 10 33 00 00 6a 03 00 00 00 00 00 00 00 00 ff
2026-09-18T14:29:03.4725139Z TX 43 4f 5a 03 52 45 01 0b 00 00 00 00 14 00 ef 38 45 47 12 4d b6 40 79 00 00 00 78 00 00 00 00
2026-09-18T14:29:03.4943505Z RX 43 4f 5a 03 52 45 01 09 00 00 00 00 04 00 0b 11 00 ef 38 45 47 12 4d b6 40 79 00 00 00 78 00 00 00 00 05 5c 00 f0 13 15 00 00 00 00 00 00 00 00 00 00 00 00 7a 3d 00 00 00 00 00 00 00 00 17 ec 3e b9 e5 f2 4b 3d 00 00 00 00 00 00 00 00 0d 69 cc 3e 45 66 38 be 31 e8 8f 45 56 c1 8d 44 86 ab 15 46 40 be 02 b9 80 76 2e b9 6d 47 cc b8 00 81 95 40 10 33 00 00 6a 03 00 00 00 00 00 00 00 00 ff
2026-09-18T14:29:03.5186935Z TX 43 4f 5a 03 52 45 01 0b 00 00 00 00 14 00 8f c2 f5 28 3c 7b b6 40 7a 00 00 00 79 00 00 00 00
2026-09-18T14:29:03.5247043Z RX 43 4f 5a 03 52 45 01 09 00 00 00 00 04 00 05 5c 00 f0 31 15 00 00 00 00 00 00 00 00 00 00 00 00 7a 3d 00 00 00 00 00 00 00 00 93 ef 2e b9 6a 13 4c 3d 00 00 00 00 00 00 00 00 0d 69 cc 3e 45 66 38 be 24 00 90 45 e6 f3 8e 44 34 85 15 46 a0 86 cc b9 98 25 6b 3a e7 58 2a 39 00 81 95 40 10 33 00 00 6a 03 00 00 00 00 00 00 00 00 ff 0b 11 00 8f c2 f5 28 3c 7b b6 40 7a 00 00 00 79 00 00 00 00
2026-09-18T14:29:03.5577483Z RX 43 4f 5a 03 52 45 01 09 00 00 00 00 04 00 05 5c 00 f0 4f 15 00 00 00 00 00 00 00 00 00 00 00 00 7a 3d 00 00 00 00 00 00 00 00 f2 81 1d b9 c6 15 4c 3d 00 00 00 00 00 00 00 00 0d 69 cc 3e 45 66 38 be a9 c6 8f 45 23 21 8e 44 1e 4e 15 46 00 6e 00 b9 40 a0 bd 39 a3 a7 77 3a 00 81 95 40 10 33 00 00 6a 03 00 00 00 00 00 00 00 00 ff
2026-09-18T14:29:03.5649456Z TX 43 4f 5a 03 52 45 01 0b 00 00 00 00 14 00 b5 37 f8 c2 74 a9 b6 40 7b 00 00 00 7a 00 00 00 00
2026-09-18T14:29:03.5908304Z RX 43 4f 5a 03 52 45 01 09 00 00 00 00 04 00 0b 11 00 b5 37 f8 c2 74 a9 b6 40 7b 00 00 00 7a 00 00 00 00 05 5c 00 f0 6d 15 00 00 00 00 00 00 00 00 00 00 00 00 7a 3d 00 00 00 00 00 00 00 00 f9 0e 15 b9 47 a0 4b 3d 00 00 00 00 00 00 00 00 0d 69 cc 3e 45 66 38 be fb ec 8f 45 62 0c 91 44 04 7e 15 46 00 0b 00 b9 e8 02 7d ba d1 f7 27 39 00 81 95 40 10 33 00 00 6a 03 00 00 00 00 00 00 00 00 ff
2026-09-18T14:29:03.6116360Z TX 43 4f 5a 03 52 45 01 0b 00 00 00 00 14 00 1d c9 e5 3f 14 d8 b6 40 7c 00 00 00 7b 00 00 00 00
2026-09-18T14:29:03.6238387Z RX 43 4f 5a 03 52 45 01 09 00 00 00 00 04 00 05 5c 00 f0 8b 15 00 00 00 00 00 00 00 00 00 00 00 00 7a 3d 00 00 00 00 00 00 00 00 d7 06 17 b9 0a 41 4b 3d 00 00 00 00 00 00 00 00 0d 69 cc 3e 45 66 38 be b6 ae 8f 45 04 9b 8d 44 4d 55 15 46 30 d6 70 ba 50 08 25 3a bc e1 bd b9 00 81 95 40 10 33 00 00 6a 03 00 00 00 00 00 00 00 00 ff 0b 11 00 1d c9 e5 3f 14 d8 b6 40 7c 00 00 00 7b 00 00 00 00
2026-09-18T14:29:03.6571159Z TX 43 4f 5a 03 52 45 01 0b 00 00 00 00 14 00 1e a7 e8 48 ae 05 b7 40 7d 00 00 00 7c 00 00 00 00
2026-09-18T14:29:03.6573058Z RX 43 4f 5a 03 52 45 01 09 00 00 00 00 04 00 05 5c 00 f0 a9 15 00 00 00 00 00 00 00 00 00 00 00 00 7a 3d 00 00 00 00 00 00 00 00 17 7e 17 b9 3d 2e 4b 3d 00 00 00 00 00 00 00 00 0d 69 cc 3e 45 66 38 be 76 26 90 45 9e 5a 8e 44 f8 95 15 46 28 ba 31 3a 6c b6 ba 3a f8 83 d3 b8 00 81 95 40 10 33 00 00 6a 03 00 00 00 00 00 00 00 00 ff
2026-09-18T14:29:03.6969238Z RX 43 4f 5a 03 52 45 01 09 00 00 00 00 04 00 0b 11 00 1e a7 e8 48 ae 05 b7 40 7d 00 00 00 7c 00 00 00 00 05 5c 00 f0 c7 15 00 00 00 00 00 00 00 00 00 00 00 00 7a 3d 00 00 00 00 00 00 00 00 84 ee 1a b9 a6 33 4b 3d 00 00 00 00 00 00 00 00 0d 69 cc 3e 45 66 38 be 21 a5 8f 45 80 b3 8f 44 a3 14 15 46 00 d1 fd b8 00 ab c1 38 ff de d2 b8 00 e3 95 40 10 33 00 00 6a 03 00 00 00 00 00 00 00 00 ff
2026-09-18T14:29:03.7036664Z TX 43 4f 5a 03 52 45 01 0b 00 00 00 00 14 00 9e ef a7 c6 1b 34 b7 40 7e 00 00 00 7d 00 00 00 00
2026-09-18T14:29:03.7229099Z RX 43 4f 5a 03 52 45 01 09 00 00 00 00 04 00 05 5c 00 f0 e5 15 00 00 00 00 00 00 00 00 00 00 00 00 7a 3d 00 00 00 00 00 00 00 00 af 62 1b b9 dd 27 4b 3d 00 00 00 00 00 00 00 00 0d 69 cc 3e 45 66 38 be b6 ae 8f 45 b3 53 8f 44 cf 82 15 46 00 2c fe b8 e8 da 38 ba 0b 1f 33 3a 00 81 95 40 10 33 00 00 6a 03 00 00 00 00 00 00 00 00 ff 0b 11 00 9e ef a7 c6 1b 34 b7 40 7e 00 00 00 7d 00 00 00 00
2026-09-18T14:29:03.7507008Z TX 43 4f 5a 03 52 45 01 0b 00 00 00 00 14 00 39 d6 c5 6d 34 63 b7 40 7f 00 00 00 7e 00 00 00 00
2026-09-18T14:29:03.7566007Z RX 43 4f 5a 03 52 45 01 09 00 00 00 00 04 00 05 5c 00 f0 03 16 00 00 00 00 00 00 00 00 00 00 00 00 7a 3d 00 00 00 00 00 00 00 00 95 e1 10 b9 6f 94 4a 3d 00 00 00 00 00 00 00 00 0d 69 cc 3e 45 66 38 be f1 5f 90 45 4e f2 91 44 d8 d1 15 46 50 3b 9b ba 20 a5 e5 b9 51 28 be b9 00 e3 95 40 10 33 00 00 6a 03 00 00 00 00 00 00 00 00 ff 0b 11 00 39 d6 c5 6d 34 63 b7 40 7f 00 00 00 7e 00 00 00 00 05 5c 00 f0 21 16 00 00 00 00 00 00 00 00 00 00 00 00 7a 3d 00 00 00 00 00 00 00 00 be 38 20 b9 7c 2b 4b 3d 00 00 00 00 00 00 00 00 0d 69 cc 3e 45 66 38 be f8 91 8f 45 1a 73 90 44 ee 46 15 46 00 5f 1b 39 e0 e2 bc 39 3d b4 67 ba 00 e3 95 40 10 33 00 00 6a 03 00 00 00 00 00 00 00 00 ff
2026-09-18T14:29:03.7888556Z RX 43 4f 5a 03 52 45 01 09 00 00 00 00 04 00 05 5c 00 f0 3f 16 00 00 00 00 00 00 00 00 00 00 00 00 7a 3d 00 00 00 00 00 00 00 00 fd e6 39 b9 fb 3c 4b 3d 00 00 00 00 00 00 00 00 0d 69 cc 3e 45 66 38 be 43 86 90 45 61 2d 8f 44 79 c3 15 46 78 93 bd ba 60 7b 34 b9 da 25 cd b8 00 e3 95 40 10 33 00 00 6a 03 00 00 00 00 00 00 00 00 ff
2026-09-18T14:29:03.7979282Z TX 43 4f 5a 03 52 45 01 0b 00 00 00 00 14 00 87 a7 57 ca 82 92 b7 40 80 00 00 00 7f 00 00 00 00
2026-09-18T14:29:03.8221197Z RX 43 4f 5a 03 52 45 01 09 00 00 00 00 04 00 0b 11 00 87 a7 57 ca 82 92 b7 40 80 00 00 00 7f 00 00 00 00 05 5c 00 f0 5d 16 00 00 00 00 00 00 00 00 00 00 00 00 7a 3d 00 00 00 00 00 00 00 00 fb 61 2e b9 68 93 4b 3d 00 00 00 00 00 00 00 00 0d 69 cc 3e 45 66 38 be fe 47 90 45 fb ec 8f 44 7a 01 15 46 30 c5 6e ba c0 1c e5 b9 7b 8f 33 3a 00 e3 95 40 10 33 00 00 6a 03 00 00 00 00 00 00 00 00 ff
2026-09-18T14:29:03.8447899Z TX 43 4f 5a 03 52 45 01 0b 00 00 00 00 14 00 81 04 c5 8f 61 c1 b7 40 81 00 00 00 80 00 00 00 00
2026-09-18T14:29:03.8547856Z RX 43 4f 5a 03 52 45 01 09 00 00 00 00 04 00 05 5c 00 f0 7b 16 00 00 00 00 00 00 00 00 00 00 00 00 7a 3d 00 00 00 00 00 00 00 00 3a 1d 0e b9 97 95 4b 3d 00 00 00 00 00 00 00 00 0d 69 cc 3e 45 66 38 be 73 cb 8f 45 10 e6 90 44 89 44 15 46 a0 4f 28 ba b0 d0 97 3a f1 e5 9d 3a 00 e3 95 40 10 33 00 00 6a 03 00 00 00 00 00 00 00 00 ff 0b 11 00 81 04 c5 8f 61 c1 b7 40 81 00 00 00 80 00 00 00 00
2026-09-18T14:29:03.8881657Z RX 43 4f 5a 03 52 45 01 09 00 00 00 00 04 00 05 0a 00 f3 bc bc 58 de 02 00 00 00 45 05 5c 00 f0 99 16 00 00 00 00 00 00 00 00 00 00 00 00 7a 3d 00 00 00 00 00 00 00 00 f9 0a d0 b8 1c 94 4b 3d 00 00 00 00 00 00 00 00 0d 69 cc 3e 45 66 38 be f1 5f 90 45 38 1a 8f 44 a9 08 15 46 40 9f 6d ba 28 40 39 ba 1a fd b8 ba 00 81 95 40 10 33 00 00 6a 03 00 00 00 00 00 00 00 00 ff
2026-09-18T14:29:03.8917649Z TX 43 4f 5a 03 52 45 01 0b 00 00 00 00 14 00 f7 06 5f 98 fc ef b7 40 82 00 00 00 81 00 00 00 00
2026-09-18T14:29:03.9209408Z RX 43 4f 5a 03 52 45 01 09 00 00 00 00 04 00 0b 11 00 f7 06 5f 98 fc ef b7 40 82 00 00 00 81 00 00 00 00 05 5c 00 f0 b7 16 00 00 00 00 00 00 00 00 00 00 00 00 7a 3d 00 00 00 00 00 00 00 00 00 0d e0 b8 70 09 4c 3d 00 00 00 00 00 00 00 00 0d 69 cc 3e 45 66 38 be 31 e8 8f 45 1a 73 90 44 7f b7 15 46 08 4b 99 ba 68 1a 38 ba 00 cc bf 3a 00 81 95 40 10 33 00 00 6a 03 00 00 00 00 00 00 00 00 ff
2026-09-18T14:29:03.9382910Z TX 43 4f 5a 03 52 45 01 0b 00 00 00 00 14 00 a7 e8 48 2e 9f 1e b8 40 83 00 00 00 82 00 00 00 00
2026-09-18T14:29:03.9542417Z RX 43 4f 5a 03 52 45 01 09 00 00 00 00 04 00 05 5c 00 f0 d5 16 00 00 00 00 00 00 00 00 00 00 00 00 7a 3d 00 00 00 00 00 00 00 00 c6 04 94 b8 e1 ef 4b 3d 00 00 00 00 00 00 00 00 0d 69 cc 3e 45 66 38 be 31 e8 8f 45 61 2d 8f 44 0b 72 15 46 40 6b 2a 39 00 57 c7 38 ee 5b bf 3a 00 81 95 40 10 33 00 00 6a 03 00 00 00 00 00 00 00 00 ff 0b 11 00 a7 e8 48 2e 9f 1e b8 40 83 00 00 00 82 00 00 00 00
2026-09-18T14:29:03.9853762Z TX 43 4f 5a 03 52 45 01 0b 00 00 00 00 14 00 1f f4 6c 56 dd 4d b8 40 84 00 00 00 83 00 00 00 00
2026-09-18T14:29:03.9880417Z RX 43 4f 5a 03 52 45 01 09 00 00 00 00 04 00 05 5c 00 f0 f3 16 00 00 00 00 00 00 00 00 00 00 00 00 7a 3d 00 00 00 00 00 00 00 00 12 76 10 b8 bc cc 4b 3d 00 00 00 00 00 00 00 00 0d 69 cc 3e 45 66 38 be 83 0e 90 45 74 68 8c 44 11 66 15 46 80 e9 c0 b9 c0 ba 69 3a 7c 60 30 3a 00 81 95 40 10 33 00 00 6a 03 00 00 00 00 00 00 00 00 ff
2026-09-18T14:29:04.0206570Z RX 43 4f 5a 03 52 45 01 09 00 00 00 00 04 00 05 0a 00 f3 ec 8e 1a 24 02 00 00 00 4d 0b 11 00 1f f4 6c 56 dd 4d b8 40 84 00 00 00 83 00 00 00 00 05 5c 00 f0 11 17 00 00 00 00 00 00 00 00 00 00 00 00 7a 3d 00 00 00 00 00 00 00 00 1a 59 88 b6 e3 c3 4b 3d 00 00 00 00 00 00 00 00 0d 69 cc 3e 45 66 38 be bb 64 90 45 19 94 8e 44 b2 57 15 46 80 52 d5 b8 b4 0a c5 ba 9d a4 2f 3a 00 81 95 40 10 33 00 00 6a 03 00 00 00 00 00 00 00 00 ff
2026-09-18T14:29:04.0309623Z TX 43 4f 5a 03 52 45 01 0b 00 00 00 00 14 00 ae 47 e1 7a 54 7b b8 40 85 00 00 00 84 00 00 00 00
2026-09-18T14:29:04.0531290Z RX 43 4f 5a 03 52 45 01 09 00 00 00 00 04 00 05 5c 00 f0 2f 17 00 00 00 00 00 00 00 00 00 00 00 00 7a 3d 00 00 00 00 00 00 00 00 4b d3 79 37 2c fb 4b 3d 00 00 00 00 00 00 00 00 0d 69 cc 3e 45 66 38 be 08 d5 8f 45 80 b3 8f 44 34 85 15 46 90 f8 25 ba 80 fb cb 38 e1 d2 18 39 00 81 95 40 10 33 00 00 6a 03 00 00 00 00 00 00 00 00 ff 0b 11 00 ae 47 e1 7a 54 7b b8 40 85 00 00 00 84 00 00 00 00 05 5c 00 f0 4d 17 00 00 00 00 00 00 00 00 00 00 00 00 7a 3d 00 00 00 00 00 00 00 00 53 07 5d 37 19 fb 4b 3d 00 00 00 00 00 00 00 00 0d 69 cc 3e 45 66 38 be 34 43 90 45 e6 f3 8e 44 6a 80 15 46 c0 4b 2e 39 50 a9 37 ba 55 fe 18 39 00 81 95 40 10 33 00 00 6a 03 00 00 00 00 00 00 00 00 ff
2026-09-18T14:29:04.0777158Z TX 43 4f 5a 03 52 45 01 0b 00 00 00 00 14 00 81 95 43 8b bc a9 b8 40 86 00 00 00 85 00 00 00 00
2026-09-18T14:29:04.0861845Z RX 43 4f 5a 03 52 45 01 09 00 00 00 00 04 00 0b 11 00 81 95 43 8b bc a9 b8 40 86 00 00 00 85 00 00 00 00 05 5c 00 f0 6b 17 00 00 00 00 00 00 00 00 00 00 00 00 7a 3d 00 00 00 00 00 00 00 00 cb 63 f5 37 ad 7f 4c 3d 00 00 00 00 00 00 00 00 0d 69 cc 3e 45 66 38 be 73 cb 8f 45 77 05 92 44 7f b7 15 46 00 5e d4 b8 e0 63 bf 39 02 d7 2e 3a 00 81 95 40 10 33 00 00 6a 03 00 00 00 00 00 00 00 00 ff
2026-09-18T14:29:04.1194220Z RX 43 4f 5a 03 52 45 01 09 00 00 00 00 04 00 05 5c 00 f0 89 17 00 00 00 00 00 00 00 00 00 00 00 00 7a 3d 00 00 00 00 00 00 00 00 2d 72 6d 38 78 13 4c 3d 00 00 00 00 00 00 00 00 0d 69 cc 3e 45 66 38 be 80 b3 8f 45 9f 39 90 44 60 31 15 46 70 bf 25 ba 20 ce 24 3a ea d2 bd 3a 00 81 95 40 10 33 00 00 6a 03 00 00 00 00 00 00 00 00 ff
2026-09-18T14:29:04.1236780Z TX 43 4f 5a 03 52 45 01 0b 00 00 00 00 14 00 34 80 b7 40 12 d8 b8 40 87 00 00 00 86 00 00 00 00
2026-09-18T14:29:04.1521011Z RX 43 4f 5a 03 52 45 01 09 00 00 00 00 04 00 0b 11 00 34 80 b7 40 12 d8 b8 40 87 00 00 00 86 00 00 00 00 05 5c 00 f0 a7 17 00 00 00 00 00 00 00 00 00 00 00 00 7a 3d 00 00 00 00 00 00 00 00 64 db b2 38 e3 d3 4b 3d 00 00 00 00 00 00 00 00 0d 69 cc 3e 45 66 38 be fb ec 8f 45 0f 07 8f 44 47 61 15 46 80 0b d0 b8 90 fe bc 39 83 07 12 39 00 81 95 40 10 33 00 00 6a 03 00 00 00 00 00 00 00 00 ff
2026-09-18T14:29:04.1698886Z TX 43 4f 5a 03 52 45 01 0b 00 00 00 00 14 00 de 93 87 85 7a 06 b9 40 88 00 00 00 87 00 00 00 00
2026-09-18T14:29:04.1860066Z RX 43 4f 5a 03 52 45 01 09 00 00 00 00 04 00 0b 11 00 de 93 87 85 7a 06 b9 40 88 00 00 00 87 00 00 00 00 05 5c 00 f0 c5 17 00 00 00 00 00 00 00 00 00 00 00 00 7a 3d 00 00 00 00 00 00 00 00 0d 95 a4 38 c2 96 4b 3d 00 00 00 00 00 00 00 00 0d 69 cc 3e 45 66 38 be 66 e3 8f 45 6a db 8c 44 cf 82 15 46 c0 04 98 ba a0 6d bc 39 93 8a fe b8 00 81 95 40 10 33 00 00 6a 03 00 00 00 00 00 00 00 00 ff
2026-09-18T14:29:04.2154364Z TX 43 4f 5a 03 52 45 01 0b 00 00 00 00 14 00 ce 88 d2 de 00 34 b9 40 89 00 00 00 88 00 00 00 00
2026-09-18T14:29:04.2182612Z RX 43 4f 5a 03 52 45 01 09 00 00 00 00 04 00 05 5c 00 f0 e3 17 00 00 00 00 00 00 00 00 00 00 00 00 7a 3d 00 00 00 00 00 00 00 00 9e d7 cb 38 42 34 4c 3d 00 00 00 00 00 00 00 00 0d 69 cc 3e 45 66 38 be 31 e8 8f 45 6b ba 8e 44 1e 4e 15 46 00 7b bc b9 e8 7d 69 3a 14 33 2d 3a 00 81 95 40 10 33 00 00 6a 03 00 00 00 00 00 00 00 00 ff 0b 11 00 ce 88 d2 de 00 34 b9 40 89 00 00 00 88 00 00 00 00
2026-09-18T14:29:04.2512426Z RX 43 4f 5a 03 52 45 01 09 00 00 00 00 04 00 05 5c 00 f0 01 18 00 00 00 00 00 00 00 00 00 00 00 00 7a 3d 00 00 00 00 00 00 00 00 e7 f7 f2 38 be a7 4c 3d 00 00 00 00 00 00 00 00 0d 69 cc 3e 45 66 38 be 17 18 90 45 0f 07 8f 44 c2 9a 15 46 00 ef c3 b8 c0 bc bc 38 0f 3d 71 3a 00 81 95 40 10 33 00 00 6a 03 00 00 00 00 00 00 00 00 ff
2026-09-18T14:29:04.2613461Z TX 43 4f 5a 03 52 45 01 0b 00 00 00 00 14 00 50 8d 97 6e a2 61 b9 40 8a 00 00 00 89 00 00 00 00
2026-09-18T14:29:04.2843250Z RX 43 4f 5a 03 52 45 01 09 00 00 00 00 04 00 05 5c 00 f0 1f 18 00 00 00 00 00 00 00 00 00 00 00 00 7a 3d 00 00 00 00 00 00 00 00 c5 53 f3 38 cb 2a 4d 3d 00 00 00 00 00 00 00 00 0d 69 cc 3e 45 66 38 be 34 43 90 45 b3 53 8f 44 99 87 15 46 38 bf 38 3a c0 2c bc 38 6a 31 6e ba 00 e3 95 40 10 33 00 00 6a 03 00 00 00 00 00 00 00 00 ff 0b 11 00 50 8d 97 6e a2 61 b9 40 8a 00 00 00 89 00 00 00 00
2026-09-18T14:29:04.3076202Z TX 43 4f 5a 03 52 45 01 0b 00 00 00 00 14 00 17 48 50 fc 18 90 b9 40 8b 00 00 00 8a 00 00 00 00
2026-09-18T14:29:04.3169074Z RX 43 4f 5a 03 52 45 01 09 00 00 00 00 04 00 05 5c 00 f0 3d 18 00 00 00 00 00 00 00 00 00 00 00 00 7a 3d 00 00 00 00 00 00 00 00 7f df e7 38 5f c7 4c 3d 00 00 00 00 00 00 00 00 0d 69 cc 3e 45 66 38 be 76 26 90 45 42 a7 8e 44 d5 76 15 46 a0 5d bd b9 28 df 22 3a 35 97 0f 39 00 81 95 40 10 33 00 00 6a 03 00 00 00 00 00 00 00 00 ff 0b 11 00 17 48 50 fc 18 90 b9 40 8b 00 00 00 8a 00 00 00 00
2026-09-18T14:29:04.3502988Z RX 43 4f 5a 03 52 45 01 09 00 00 00 00 04 00 05 5c 00 f0 5b 18 00 00 00 00 00 00 00 00 00 00 00 00 7a 3d 00 00 00 00 00 00 00 00 58 36 f1 38 c1 49 4c 3d 00 00 00 00 00 00 00 00 0d 69 cc 3e 45 66 38 be 90 f6 8f 45 05 7a 8f 44 d5 76 15 46 d0 24 24 ba 80 fd b7 38 d5 8f d0 39 00 81 95 40 10 33 00 00 6a 03 00 00 00 00 00 00 00 00 ff
2026-09-18T14:29:04.3524177Z TX 43 4f 5a 03 52 45 01 0b 00 00 00 00 14 00 b9 fc 87 f4 cb bc b9 40 8c 00 00 00 8b 00 00 00 00
2026-09-18T14:29:04.3831441Z RX 43 4f 5a 03 52 45 01 09 00 00 00 00 04 00 05 5c 00 f0 79 18 00 00 00 00 00 00 00 00 00 00 00 00 7a 3d 00 00 00 00 00 00 00 00 37 8c 13 39 57 cf 4c 3d 00 00 00 00 00 00 00 00 0d 69 cc 3e 45 66 38 be 92 51 90 45 4d 13 90 44 a3 14 15 46 70 1e 69 ba 40 fb 3a b9 fc e4 22 3b 00 e3 95 40 10 33 00 00 6a 03 00 00 00 00 00 00 00 00 ff 0b 11 00 b9 fc 87 f4 cb bc b9 40 8c 00 00 00 8b 00 00 00 00 05 0a 00 f3 8b 63 6c 11 01 00 00 00 2c 05 5c 00 f0 97 18 00 00 00 00 00 00 00 00 00 00 00 00 7a 3d 00 00 00 00 00 00 00 00 8c ad 5b 39 df 92 4c 3d 00 00 00 00 00 00 00 00 0d 69 cc 3e 45 66 38 be fb ec 8f 45 d2 d9 8f 44 4a bc 15 46 00 3c ba b9 d0 06 b9 39 ec bb 99 3a 00 81 95 40 10 33 00 00 6a 03 00 00 00 00 00 00 00 00 ff
2026-09-18T14:29:04.3978576Z TX 43 4f 5a 03 52 45 01 0b 00 00 00 00 14 00 e2 58 17 b7 61 ea b9 40 8d 00 00 00 8c 00 00 00 00
2026-09-18T14:29:04.4161535Z RX 43 4f 5a 03 52 45 01 09 00 00 00 00 04 00 0b 11 00 e2 58 17 b7 61 ea b9 40 8d 00 00 00 8c 00 00 00 00 05 5c 00 f0 b5 18 00 00 00 00 00 00 00 00 00 00 00 00 7a 3d 00 00 00 00 00 00 00 00 dc 7a 64 39 10 8c 4c 3d 00 00 00 00 00 00 00 00 0d 69 cc 3e 45 66 38 be f1 5f 90 45 8a 40 8f 44 2b 36 15 46 80 83 22 ba b0 07 b9 39 a2 ba 0c b9 00 81 95 40 10 33 00 00 6a 03 00 00 00 00 00 00 00 00 ff
2026-09-18T14:29:04.4440883Z TX 43 4f 5a 03 52 45 01 0b 00 00 00 00 14 00 8a b0 e1 e9 85 18 ba 40 8e 00 00 00 8d 00 00 00 00
2026-09-18T14:29:04.4493158Z RX 43 4f 5a 03 52 45 01 09 00 00 00 00 04 00 05 5c 00 f0 d3 18 00 00 00 00 00 00 00 00 00 00 00 00 7a 3d 00 00 00 00 00 00 00 00 06 6c 5e 39 81 8d 4c 3d 00 00 00 00 00 00 00 00 0d 69 cc 3e 45 66 38 be e2 1c 90 45 8a 40 8f 44 f8 95 15 46 40 29 3b 39 00 57 b5 38 32 e0 cb 39 00 81 95 40 10 33 00 00 6a 03 00 00 00 00 00 00 00 00 ff 0b 11 00 8a b0 e1 e9 85 18 ba 40 8e 00 00 00 8d 00 00 00 00
2026-09-18T14:29:04.4824919Z RX 43 4f 5a 03 52 45 01 09 00 00 00 00 04 00 05 5c 00 f0 f1 18 00 00 00 00 00 00 00 00 00 00 00 00 7a 3d 00 00 00 00 00 00 00 00 3e 38 67 39 84 4c 4c 3d 00 00 00 00 00 00 00 00 0d 69 cc 3e 45 66 38 be 92 51 90 45 2e 8d 8f 44 f8 95 15 46 80 75 3a 39 c8 04 3b ba b7 78 cb 39 00 81 95 40 10 33 00 00 6a 03 00 00 00 00 00 00 00 00 ff
2026-09-18T14:29:04.4907384Z TX 43 4f 5a 03 52 45 01 0b 00 00 00 00 14 00 c8 98 bb 96 20 47 ba 40 8f 00 00 00 8e 00 00 00 00
2026-09-18T14:29:04.5174172Z RX 43 4f 5a 03 52 45 01 09 00 00 00 00 04 00 0b 11 00 c8 98 bb 96 20 47 ba 40 8f 00 00 00 8e 00 00 00 00 05 5c 00 f0 0f 19 00 00 00 00 00 00 00 00 00 00 00 00 7a 3d 00 00 00 00 00 00 00 00 3b e0 7b 39 0e 91 4c 3d 00 00 00 00 00 00 00 00 0d 69 cc 3e 45 66 38 be 17 18 90 45 57 a0 8f 44 a6 6f 15 46 20 3a 68 ba b0 d5 b8 39 e2 6a d0 b9 00 81 95 40 10 33 00 00 6a 03 00 00 00 00 00 00 00 00 ff
2026-09-18T14:29:04.5376374Z TX 43 4f 5a 03 52 45 01 0b 00 00 00 00 14 00 65 19 e2 58 17 76 ba 40 90 00 00 00 8f 00 00 00 00
2026-09-18T14:29:04.5480359Z RX 43 4f 5a 03 52 45 01 09 00 00 00 00 04 00 05 5c 00 f0 2d 19 00 00 00 00 00 00 00 00 00 00 00 00 7a 3d 00 00 00 00 00 00 00 00 08 ee 63 39 36 f1 4b 3d 00 00 00 00 00 00 00 00 0d 69 cc 3e 45 66 38 be b6 ae 8f 45 2d ae 8d 44 db 6a 15 46 a8 5a b9 ba 68 36 67 3a c0 9f cb 39 00 81 95 40 10 33 00 00 6a 03 00 00 00 00 00 00 00 00 ff 0b 11 00 65 19 e2 58 17 76 ba 40 90 00 00 00 8f 00 00 00 00
2026-09-18T14:29:04.5811224Z RX 43 4f 5a 03 52 45 01 09 00 00 00 00 04 00 05 5c 00 f0 4b 19 00 00 00 00 00 00 00 00 00 00 00 00 7a 3d 00 00 00 00 00 00 00 00 2c 9f 75 39 c6 d2 4b 3d 00 00 00 00 00 00 00 00 0d 69 cc 3e 45 66 38 be 8d 9b 8f 45 db 87 8d 44 47 61 15 46 60 54 ec 39 e8 0a 67 3a be 20 d0 b9 00 81 95 40 10 33 00 00 6a 03 00 00 00 00 00 00 00 00 ff
2026-09-18T14:29:04.5849931Z TX 43 4f 5a 03 52 45 01 0b 00 00 00 00 14 00 c5 fe b2 7b 92 a5 ba 40 91 00 00 00 90 00 00 00 00
2026-09-18T14:29:04.6140979Z RX 43 4f 5a 03 52 45 01 09 00 00 00 00 04 00 0b 11 00 c5 fe b2 7b 92 a5 ba 40 91 00 00 00 90 00 00 00 00 05 5c 00 f0 69 19 00 00 00 00 00 00 00 00 00 00 00 00 7a 3d 00 00 00 00 00 00 00 00 96 a0 63 39 b4 c9 4b 3d 00 00 00 00 00 00 00 00 0d 69 cc 3e 45 66 38 be f1 5f 90 45 04 9b 8d 44 2d 91 15 46 80 b7 20 ba 10 18 b5 39 43 4c cf b9 00 e3 95 40 10 33 00 00 6a 03 00 00 00 00 00 00 00 00 ff
2026-09-18T14:29:04.6321961Z TX 43 4f 5a 03 52 45 01 0b 00 00 00 00 14 00 17 b7 d1 00 be d4 ba 40 92 00 00 00 91 00 00 00 00
2026-09-18T14:29:04.6470368Z RX 43 4f 5a 03 52 45 01 09 00 00 00 00 04 00 05 5c 00 f0 87 19 00 00 00 00 00 00 00 00 00 00 00 00 7a 3d 00 00 00 00 00 00 00 00 0a 25 56 39 ad af 4b 3d 00 00 00 00 00 00 00 00 0d 69 cc 3e 45 66 38 be 5a fb 8f 45 9e 5a 8e 44 eb ad 15 46 20 a7 ec 39 f0 bc 95 3a 29 64 0b b9 00 e3 95 40 10 33 00 00 6a 03 00 00 00 00 00 00 00 00 ff 0b 11 00 17 b7 d1 00 be d4 ba 40 92 00 00 00 91 00 00 00 00
2026-09-18T14:29:04.6798274Z TX 43 4f 5a 03 52 45 01 0b 00 00 00 00 14 00 fa ed eb c0 69 04 bb 40 93 00 00 00 92 00 00 00 00
2026-09-18T14:29:04.6807716Z RX 43 4f 5a 03 52 45 01 09 00 00 00 00 04 00 05 5c 00 f0 a5 19 00 00 00 00 00 00 00 00 00 00 00 00 7a 3d 00 00 00 00 00 00 00 00 f1 fa 5e 39 68 42 4c 3d 00 00 00 00 00 00 00 00 0d 69 cc 3e 45 66 38 be 5c 56 90 45 94 cd 8e 44 d5 76 15 46 e0 1b b6 b9 00 04 ef b9 1d c1 05 39 00 81 95 40 10 33 00 00 6a 03 00 00 00 00 00 00 00 00 ff 05 5c 00 f0 c3 19 00 00 00 00 00 00 00 00 00 00 00 00 7a 3d 00 00 00 00 00 00 00 00 68 71 57 39 e4 6d 4c 3d 00 00 00 00 00 00 00 00 0d 69 cc 3e 45 66 38 be 27 5b 90 45 4d 13 90 44 b2 57 15 46 e0 b3 b5 b9 80 67 b3 39 13 db 2b ba 00 e3 95 40 10 33 00 00 6a 03 00 00 00 00 00 00 00 00 ff
2026-09-18T14:29:04.7129195Z RX 43 4f 5a 03 52 45 01 09 00 00 00 00 04 00 0b 11 00 fa ed eb c0 69 04 bb 40 93 00 00 00 92 00 00 00 00 05 5c 00 f0 e1 19 00 00 00 00 00 00 00 00 00 00 00 00 7a 3d 00 00 00 00 00 00 00 00 69 b9 4d 39 1a 2b 4c 3d 00 00 00 00 00 00 00 00 0d 69 cc 3e 45 66 38 be df c1 8f 45 e7 d2 90 44 e2 5e 15 46 d0 4c 20 ba 00 d2 9f 38 a0 59 07 39 00 81 95 40 10 33 00 00 6a 03 00 00 00 00 00 00 00 00 ff
2026-09-18T14:29:04.7266116Z TX 43 4f 5a 03 52 45 01 0b 00 00 00 00 14 00 8c b9 6b 09 29 33 bb 40 94 00 00 00 93 00 00 00 00
2026-09-18T14:29:04.7461454Z RX 43 4f 5a 03 52 45 01 09 00 00 00 00 04 00 0b 11 00 8c b9 6b 09 29 33 bb 40 94 00 00 00 93 00 00 00 00 05 5c 00 f0 ff 19 00 00 00 00 00 00 00 00 00 00 00 00 7a 3d 00 00 00 00 00 00 00 00 f8 01 5e 39 ae d0 4b 3d 00 00 00 00 00 00 00 00 0d 69 cc 3e 45 66 38 be 48 5d 8f 45 1a 73 90 44 ac 63 15 46 80 9f ed 39 50 06 1f 3a e8 d9 05 39 00 81 95 40 10 33 00 00 6a 03 00 00 00 00 00 00 00 00 ff
2026-09-18T14:29:04.7733733Z TX 43 4f 5a 03 52 45 01 0b 00 00 00 00 14 00 b0 03 e7 8c e8 61 bb 40 95 00 00 00 94 00 00 00 00
2026-09-18T14:29:04.7804029Z RX 43 4f 5a 03 52 45 01 09 00 00 00 00 04 00 05 5c 00 f0 1d 1a 00 00 00 00 00 00 00 00 00 00 00 00 7a 3d 00 00 00 00 00 00 00 00 13 8a 50 39 6d 76 4b 3d 00 00 00 00 00 00 00 00 0d 69 cc 3e 45 66 38 be 83 0e 90 45 2e 8d 8f 44 3a 79 15 46 80 89 43 39 30 18 b2 39 c4 86 cc 39 00 81 95 40 10 33 00 00 6a 03 00 00 00 00 00 00 00 00 ff 0b 11 00 b0 03 e7 8c e8 61 bb 40 95 00 00 00 94 00 00 00 00
2026-09-18T14:29:04.8122207Z RX 43 4f 5a 03 52 45 01 09 00 00 00 00 04 00 05 5c 00 f0 3b 1a 00 00 00 00 00 00 00 00 00 00 00 00 7a 3d 00 00 00 00 00 00 00 00 27 dd 5a 39 38 8f 4b 3d 00 00 00 00 00 00 00 00 0d 69 cc 3e 45 66 38 be 2e 8d 8f 45 05 7a 8f 44 31 2a 15 46 70 14 20 ba 00 b3 4a b9 c6 ee 2b ba 00 81 95 40 10 33 00 00 6a 03 00 00 00 00 00 00 00 00 ff
2026-09-18T14:29:04.8199410Z TX 43 4f 5a 03 52 45 01 0b 00 00 00 00 14 00 26 53 05 a3 52 90 bb 40 96 00 00 00 95 00 00 00 00
2026-09-18T14:29:04.8449544Z RX 43 4f 5a 03 52 45 01 09 00 00 00 00 04 00 0b 11 00 26 53 05 a3 52 90 bb 40 96 00 00 00 95 00 00 00 00 05 5c 00 f0 59 1a 00 00 00 00 00 00 00 00 00 00 00 00 7a 3d 00 00 00 00 00 00 00 00 e5 b3 63 39 64 9a 4b 3d 00 00 00 00 00 00 00 00 0d 69 cc 3e 45 66 38 be f1 5f 90 45 c8 4c 90 44 6c db 15 46 40 10 a4 3a d0 b9 b1 39 1f cd 6e 3a 00 81 95 40 10 33 00 00 6a 03 00 00 00 00 00 00 00 00 ff
2026-09-18T14:29:04.8652724Z TX 43 4f 5a 03 52 45 01 0b 00 00 00 00 14 00 ff 21 fd f6 a5 bd bb 40 97 00 00 00 96 00 00 00 00
2026-09-18T14:29:04.8788265Z RX 43 4f 5a 03 52 45 01 09 00 00 00 00 04 00 05 5c 00 f0 77 1a 00 00 00 00 00 00 00 00 00 00 00 00 7a 3d 00 00 00 00 00 00 00 00 69 07 68 39 f7 6a 4b 3d 00 00 00 00 00 00 00 00 0d 69 cc 3e 45 66 38 be 76 26 90 45 57 a0 8f 44 04 7e 15 46 90 d2 b8 ba 90 c6 b0 39 17 72 cb 39 00 81 95 40 10 33 00 00 6a 03 00 00 00 00 00 00 00 00 ff 05 0a 00 f3 bc bc 58 de 02 00 00 00 45 0b 11 00 ff 21 fd f6 a5 bd bb 40 97 00 00 00 96 00 00 00 00
2026-09-18T14:29:04.9110743Z TX 43 4f 5a 03 52 45 01 0b 00 00 00 00 14 00 26 e4 83 9e 6d eb bb 40 98 00 00 00 97 00 00 00 00
2026-09-18T14:29:04.9113619Z RX 43 4f 5a 03 52 45 01 09 00 00 00 00 04 00 05 5c 00 f0 95 1a 00 00 00 00 00 00 00 00 00 00 00 00 7a 3d 00 00 00 00 00 00 00 00 90 ff 87 39 be 7f 4b 3d 00 00 00 00 00 00 00 00 0d 69 cc 3e 45 66 38 be 3e d0 8f 45 fb ec 8f 44 2d 91 15 46 00 80 45 39 f0 26 b1 39 ca 4a 29 3a 00 81 95 40 10 33 00 00 6a 03 00 00 00 00 00 00 00 00 ff
2026-09-18T14:29:04.9442250Z RX 43 4f 5a 03 52 45 01 09 00 00 00 00 04 00 0b 11 00 26 e4 83 9e 6d eb bb 40 98 00 00 00 97 00 00 00 00 05 5c 00 f0 b3 1a 00 00 00 00 00 00 00 00 00 00 00 00 7a 3d 00 00 00 00 00 00 00 00 e7 5a 89 39 97 97 4b 3d 00 00 00 00 00 00 00 00 0d 69 cc 3e 45 66 38 be 34 43 90 45 a9 c6 8f 44 70 74 15 46 80 e8 44 39 c0 7e 3e ba 0f 7b c9 39 00 81 95 40 10 33 00 00 6a 03 00 00 00 00 00 00 00 00 ff
2026-09-18T14:29:04.9574818Z TX 43 4f 5a 03 52 45 01 0b 00 00 00 00 14 00 27 c2 86 a7 e7 19 bc 40 99 00 00 00 98 00 00 00 00
2026-09-18T14:29:04.9773195Z RX 43 4f 5a 03 52 45 01 09 00 00 00 00 04 00 05 5c 00 f0 d1 1a 00 00 00 00 00 00 00 00 00 00 00 00 7a 3d 00 00 00 00 00 00 00 00 dc 88 9c 39 18 e4 4b 3d 00 00 00 00 00 00 00 00 0d 69 cc 3e 45 66 38 be d8 8f 90 45 6b ba 8e 44 54 49 15 46 80 84 65 ba 68 a9 1e 3a 17 d6 6c 3a 00 81 95 40 10 33 00 00 6a 03 00 00 00 00 00 00 00 00 ff 0b 11 00 27 c2 86 a7 e7 19 bc 40 99 00 00 00 98 00 00 00 00
2026-09-18T14:29:05.0042675Z TX 43 4f 5a 03 52 45 01 0b 00 00 00 00 14 00 68 91 ed 7c af 48 bc 40 9a 00 00 00 99 00 00 00 00
2026-09-18T14:29:05.0114864Z RX 43 4f 5a 03 52 45 01 09 00 00 00 00 04 00 05 5c 00 f0 ef 1a 00 00 00 00 00 00 00 00 00 00 00 00 7a 3d 00 00 00 00 00 00 00 00 69 00 a6 39 5d 67 4b 3d 00 00 00 00 00 00 00 00 0d 69 cc 3e 45 66 38 be 24 00 90 45 dc 66 8f 44 73 cf 15 46 c0 3a 46 39 f0 c1 63 3a fc 2d ff 3a 00 81 95 40 10 33 00 00 6a 03 00 00 00 00 00 00 00 00 ff 05 0a 00 f3 ec 8e 1a 24 02 00 00 00 4e 0b 11 00 68 91 ed 7c af 48 bc 40 9a 00 00 00 99 00 00 00 00 05 5c 00 f0 0d 1b 00 00 00 00 00 00 00 00 00 00 00 00 7a 3d 00 00 00 00 00 00 00 00 35 fe c1 39 1c 6e 4b 3d 00 00 00 00 00 00 00 00 0d 69 cc 3e 45 66 38 be 9a 83 8f 45 95 ac 90 44 a8 ca 15 46 00 be a0 b8 40 78 1d 3a 95 0b ba 3a 00 81 95 40 10 33 00 00 6a 03 00 00 00 00 00 00 00 00 ff
2026-09-18T14:29:05.0431517Z RX 43 4f 5a 03 52 45 01 09 00 00 00 00 04 00 05 5c 00 f0 2b 1b 00 00 00 00 00 00 00 00 00 00 00 00 7a 3d 00 00 00 00 00 00 00 00 86 ef d3 39 b8 a5 4b 3d 00 00 00 00 00 00 00 00 0d 69 cc 3e 45 66 38 be 5f b1 90 45 80 b3 8f 44 83 50 15 46 88 0d 3d 3a 30 87 f3 b9 a3 cb 25 3a 00 81 95 40 10 33 00 00 6a 03 00 00 00 00 00 00 00 00 ff
2026-09-18T14:29:05.0504512Z TX 43 4f 5a 03 52 45 01 0b 00 00 00 00 14 00 b1 50 6b 9a c7 76 bc 40 9b 00 00 00 9a 00 00 00 00
2026-09-18T14:29:05.0764900Z RX 43 4f 5a 03 52 45 01 09 00 00 00 00 04 00 0b 11 00 b1 50 6b 9a c7 76 bc 40 9b 00 00 00 9a 00 00 00 00 05 5c 00 f0 49 1b 00 00 00 00 00 00 00 00 00 00 00 00 7a 3d 00 00 00 00 00 00 00 00 5a 76 df 39 10 3e 4c 3d 00 00 00 00 00 00 00 00 0d 69 cc 3e 45 66 38 be ae 7c 90 45 75 47 8e 44 cf 82 15 46 70 b7 1f ba d0 bd af 39 fe c0 69 3a 00 81 95 40 10 33 00 00 6a 03 00 00 00 00 00 00 00 00 ff
2026-09-18T14:29:05.0955688Z TX 43 4f 5a 03 52 45 01 0b 00 00 00 00 14 00 ec 2f bb 27 0f a4 bc 40 9c 00 00 00 9b 00 00 00 00
2026-09-18T14:29:05.1093291Z RX 43 4f 5a 03 52 45 01 09 00 00 00 00 04 00 0b 11 00 ec 2f bb 27 0f a4 bc 40 9c 00 00 00 9b 00 00 00 00 05 5c 00 f0 67 1b 00 00 00 00 00 00 00 00 00 00 00 00 7a 3d 00 00 00 00 00 00 00 00 8b b9 e8 39 6d 48 4c 3d 00 00 00 00 00 00 00 00 0d 69 cc 3e 45 66 38 be 2e 8d 8f 45 e6 f3 8e 44 54 49 15 46 00 98 46 39 c0 bc 8f 38 81 d6 24 3a 00 81 95 40 10 33 00 00 6a 03 00 00 00 00 00 00 00 00 ff
2026-09-18T14:29:05.1409016Z TX 43 4f 5a 03 52 45 01 0b 00 00 00 00 14 00 e2 e9 95 b2 4c d1 bc 40 9d 00 00 00 9c 00 00 00 00
2026-09-18T14:29:05.1426018Z RX 43 4f 5a 03 52 45 01 09 00 00 00 00 04 00 05 5c 00 f0 85 1b 00 00 00 00 00 00 00 00 00 00 00 00 7a 3d 00 00 00 00 00 00 00 00 96 87 ea 39 37 4b 4c 3d 00 00 00 00 00 00 00 00 0d 69 cc 3e 45 66 38 be fe 47 90 45 7f d4 8d 44 24 42 15 46 00 f8 a1 b8 c0 a2 8d 38 cc 2e 76 ba 00 81 95 40 10 33 00 00 6a 03 00 00 00 00 00 00 00 00 ff 0b 11 00 e2 e9 95 b2 4c d1 bc 40 9d 00 00 00 9c 00 00 00 00
2026-09-18T14:29:05.1752947Z RX 43 4f 5a 03 52 45 01 09 00 00 00 00 04 00 05 5c 00 f0 a3 1b 00 00 00 00 00 00 00 00 00 00 00 00 7a 3d 00 00 00 00 00 00 00 00 40 7e dd 39 76 63 4c 3d 00 00 00 00 00 00 00 00 0d 69 cc 3e 45 66 38 be c5 f1 8f 45 8a 40 8f 44 af be 15 46 c0 06 ef 39 70 8c 3f ba 23 5b 25 3a 00 81 95 40 10 33 00 00 6a 03 00 00 00 00 00 00 00 00 ff
2026-09-18T14:29:05.1870529Z TX 43 4f 5a 03 52 45 01 0b 00 00 00 00 14 00 dd 24 06 81 85 ff bc 40 9e 00 00 00 9d 00 00 00 00
2026-09-18T14:29:05.2085065Z RX 43 4f 5a 03 52 45 01 09 00 00 00 00 04 00 05 5c 00 f0 c1 1b 00 00 00 00 00 00 00 00 00 00 00 00 7a 3d 00 00 00 00 00 00 00 00 ca 45 e5 39 53 30 4c 3d 00 00 00 00 00 00 00 00 0d 69 cc 3e 45 66 38 be fb ec 8f 45 2e 8d 8f 44 79 c3 15 46 00 1b 44 39 50 52 63 3a 06 37 9d ba 00 81 95 40 10 33 00 00 6a 03 00 00 00 00 00 00 00 00 ff 0b 11 00 dd 24 06 81 85 ff bc 40 9e 00 00 00 9d 00 00 00 00
2026-09-18T14:29:05.2336219Z TX 43 4f 5a 03 52 45 01 0b 00 00 00 00 14 00 d3 de e0 0b 03 2e bd 40 9f 00 00 00 9e 00 00 00 00
2026-09-18T14:29:05.2413178Z RX 43 4f 5a 03 52 45 01 09 00 00 00 00 04 00 05 5c 00 f0 df 1b 00 00 00 00 00 00 00 00 00 00 00 00 7a 3d 00 00 00 00 00 00 00 00 00 57 cf 39 a0 35 4c 3d 00 00 00 00 00 00 00 00 0d 69 cc 3e 45 66 38 be b1 d7 90 45 7f d4 8d 44 e2 5e 15 46 80 86 b4 b9 90 31 f3 b9 c1 3b e8 38 00 81 95 40 10 33 00 00 6a 03 00 00 00 00 00 00 00 00 ff 0b 11 00 d3 de e0 0b 03 2e bd 40 9f 00 00 00 9e 00 00 00 00
2026-09-18T14:29:05.2744893Z RX 43 4f 5a 03 52 45 01 09 00 00 00 00 04 00 05 5c 00 f0 fd 1b 00 00 00 00 00 00 00 00 00 00 00 00 7a 3d 00 00 00 00 00 00 00 00 38 2b d7 39 d9 1b 4d 3d 00 00 00 00 00 00 00 00 0d 69 cc 3e 45 66 38 be 5f b1 90 45 76 26 90 44 18 5a 15 46 30 34 65 ba 80 c8 91 38 2c 51 c2 39 00 81 95 40 10 33 00 00 6a 03 00 00 00 00 00 00 00 00 ff
2026-09-18T14:29:05.2797492Z TX 43 4f 5a 03 52 45 01 0b 00 00 00 00 14 00 74 b5 15 fb 2b 5c bd 40 a0 00 00 00 9f 00 00 00 00
2026-09-18T14:29:05.3082080Z RX 43 4f 5a 03 52 45 01 09 00 00 00 00 04 00 05 5c 00 f0 1b 1c 00 00 00 00 00 00 00 00 00 00 00 00 7a 3d 00 00 00 00 00 00 00 00 86 07 d9 39 e0 b2 4c 3d 00 00 00 00 00 00 00 00 0d 69 cc 3e 45 66 38 be 14 bd 8f 45 24 00 90 44 47 61 15 46 40 c2 47 39 4c 10 b7 3a 89 e2 30 ba 00 81 95 40 10 33 00 00 6a 03 00 00 00 00 00 00 00 00 ff 0b 11 00 74 b5 15 fb 2b 5c bd 40 a0 00 00 00 9f 00 00 00 00 05 5c 00 f0 39 1c 00 00 00 00 00 00 00 00 00 00 00 00 7a 3d 00 00 00 00 00 00 00 00 58 2e d7 39 83 93 4c 3d 00 00 00 00 00 00 00 00 0d 69 cc 3e 45 66 38 be dc 66 8f 45 0f 07 8f 44 31 2a 15 46 70 27 95 ba 88 3f 1c 3a 41 5b e5 38 00 81 95 40 10 33 00 00 6a 03 00 00 00 00 00 00 00 00 ff
2026-09-18T14:29:05.3254025Z TX 43 4f 5a 03 52 45 01 0b 00 00 00 00 14 00 65 19 e2 58 f7 89 bd 40 a1 00 00 00 a0 00 00 00 00
2026-09-18T14:29:05.3404852Z RX 43 4f 5a 03 52 45 01 09 00 00 00 00 04 00 0b 11 00 65 19 e2 58 f7 89 bd 40 a1 00 00 00 a0 00 00 00 00 05 5c 00 f0 57 1c 00 00 00 00 00 00 00 00 00 00 00 00 7a 3d 00 00 00 00 00 00 00 00 52 ac cb 39 03 18 4c 3d 00 00 00 00 00 00 00 00 0d 69 cc 3e 45 66 38 be 08 d5 8f 45 d0 1b 8c 44 3a 79 15 46 a0 c9 f0 39 00 ae 55 b9 e0 ad 01 bb 00 81 95 40 10 33 00 00 6a 03 00 00 00 00 00 00 00 00 ff
2026-09-18T14:29:05.3730303Z TX 43 4f 5a 03 52 45 01 0b 00 00 00 00 14 00 1c 7c 61 32 65 b9 bd 40 a2 00 00 00 a1 00 00 00 00
2026-09-18T14:29:05.3734531Z RX 43 4f 5a 03 52 45 01 09 00 00 00 00 04 00 05 5c 00 f0 75 1c 00 00 00 00 00 00 00 00 00 00 00 00 7a 3d 00 00 00 00 00 00 00 00 4f 39 c0 39 5d 4e 4c 3d 00 00 00 00 00 00 00 00 0d 69 cc 3e 45 66 38 be 5a fb 8f 45 23 21 8e 44 7d 5c 15 46 80 ab 98 b8 f0 39 f5 b9 9b 50 6b 3a 00 e3 95 40 10 33 00 00 6a 03 00 00 00 00 00 00 00 00 ff
2026-09-18T14:29:05.4063158Z RX 43 4f 5a 03 52 45 01 09 00 00 00 00 04 00 0b 11 00 1c 7c 61 32 65 b9 bd 40 a2 00 00 00 a1 00 00 00 00 05 5c 00 f0 93 1c 00 00 00 00 00 00 00 00 00 00 00 00 7a 3d 00 00 00 00 00 00 00 00 dc ff c9 39 07 fe 4b 3d 00 00 00 00 00 00 00 00 0d 69 cc 3e 45 66 38 be 4d 13 90 45 23 21 8e 44 b9 4b 15 46 50 84 1e ba a8 09 1c 3a ff d8 1c b9 00 e3 95 40 10 33 00 00 6a 03 00 00 00 00 00 00 00 00 ff
2026-09-18T14:29:05.4195426Z TX 43 4f 5a 03 52 45 01 0b 00 00 00 00 14 00 57 5b b1 bf fc e7 bd 40 a3 00 00 00 a2 00 00 00 00
2026-09-18T14:29:05.4395007Z RX 43 4f 5a 03 52 45 01 09 00 00 00 00 04 00 0b 11 00 57 5b b1 bf fc e7 bd 40 a3 00 00 00 a2 00 00 00 00 05 5c 00 f0 b1 1c 00 00 00 00 00 00 00 00 00 00 00 00 7a 3d 00 00 00 00 00 00 00 00 e1 79 c4 39 a8 1e 4c 3d 00 00 00 00 00 00 00 00 0d 69 cc 3e 45 66 38 be a2 94 90 45 22 42 8c 44 eb ad 15 46 40 e7 1d ba 40 7b 81 38 e2 b3 be ba 00 e3 95 40 10 33 00 00 6a 03 00 00 00 00 00 00 00 00 ff
2026-09-18T14:29:05.4663399Z TX 43 4f 5a 03 52 45 01 0b 00 00 00 00 14 00 c4 b1 2e 6e b3 16 be 40 a4 00 00 00 a3 00 00 00 00
2026-09-18T14:29:05.4724492Z RX 43 4f 5a 03 52 45 01 09 00 00 00 00 04 00 05 5c 00 f0 cf 1c 00 00 00 00 00 00 00 00 00 00 00 00 7a 3d 00 00 00 00 00 00 00 00 4f d8 b3 39 c0 e1 4b 3d 00 00 00 00 00 00 00 00 0d 69 cc 3e 45 66 38 be 9f 39 90 45 10 e6 90 44 6a 80 15 46 00 b8 af b9 00 f5 7f 38 ff 93 c5 39 00 e3 95 40 10 33 00 00 6a 03 00 00 00 00 00 00 00 00 ff 0b 11 00 c4 b1 2e 6e b3 16 be 40 a4 00 00 00 a3 00 00 00 00
2026-09-18T14:29:05.5055690Z RX 43 4f 5a 03 52 45 01 09 00 00 00 00 04 00 05 5c 00 f0 ed 1c 00 00 00 00 00 00 00 00 00 00 00 00 7a 3d 00 00 00 00 00 00 00 00 21 71 c2 39 1b 0f 4c 3d 00 00 00 00 00 00 00 00 0d 69 cc 3e 45 66 38 be 83 0e 90 45 6c 99 90 44 11 66 15 46 80 15 8f b8 d8 f0 60 3a f0 ca 97 3a 80 18 94 40 10 33 00 00 6a 03 00 00 00 00 00 00 00 00 ff
2026-09-18T14:29:05.5127744Z TX 43 4f 5a 03 52 45 01 0b 00 00 00 00 14 00 24 b9 fc 87 24 45 be 40 a5 00 00 00 a4 00 00 00 00
2026-09-18T14:29:05.5401825Z RX 43 4f 5a 03 52 45 01 09 00 00 00 00 04 00 0b 11 00 24 b9 fc 87 24 45 be 40 a5 00 00 00 a4 00 00 00 00 05 5c 00 f0 0b 1d 00 00 00 00 00 00 00 00 00 00 00 00 7a 3d 00 00 00 00 00 00 00 00 2c 3e d0 39 1d 88 4c 3d 00 00 00 00 00 00 00 00 0d 69 cc 3e 45 66 38 be cb a7 90 45 04 9b 8d 44 70 74 15 46 80 35 8f b8 60 34 58 b9 ea f9 d7 b9 00 81 95 40 10 33 00 00 6a 03 00 00 00 00 00 00 00 00 ff
2026-09-18T14:29:05.5591952Z TX 43 4f 5a 03 52 45 01 0b 00 00 00 00 14 00 83 c0 ca a1 b5 73 be 40 a6 00 00 00 a5 00 00 00 00
2026-09-18T14:29:05.5714890Z RX 43 4f 5a 03 52 45 01 09 00 00 00 00 04 00 05 5c 00 f0 29 1d 00 00 00 00 00 00 00 00 00 00 00 00 7a 3d 00 00 00 00 00 00 00 00 73 23 b8 39 3c b0 4c 3d 00 00 00 00 00 00 00 00 0d 69 cc 3e 45 66 38 be d2 d9 8f 45 8a 40 8f 44 7d 5c 15 46 60 6b ae b9 00 91 77 38 46 db 73 ba 00 e3 95 40 10 33 00 00 6a 03 00 00 00 00 00 00 00 00 ff 0b 11 00 83 c0 ca a1 b5 73 be 40 a6 00 00 00 a5 00 00 00 00
2026-09-18T14:29:05.6046117Z RX 43 4f 5a 03 52 45 01 09 00 00 00 00 04 00 05 5c 00 f0 47 1d 00 00 00 00 00 00 00 00 00 00 00 00 7a 3d 00 00 00 00 00 00 00 00 86 a5 b5 39 73 5f 4c 3d 00 00 00 00 00 00 00 00 0d 69 cc 3e 45 66 38 be 48 5d 8f 45 61 2d 8f 44 1e 4e 15 46 00 04 8b b8 80 d8 7b 38 a8 bc f1 38 00 81 95 40 10 33 00 00 6a 03 00 00 00 00 00 00 00 00 ff
2026-09-18T14:29:05.6053462Z TX 43 4f 5a 03 52 45 01 0b 00 00 00 00 14 00 0c 93 a9 82 c1 a1 be 40 a7 00 00 00 a6 00 00 00 00
2026-09-18T14:29:05.6374761Z RX 43 4f 5a 03 52 45 01 09 00 00 00 00 04 00 05 5c 00 f0 65 1d 00 00 00 00 00 00 00 00 00 00 00 00 7a 3d 00 00 00 00 00 00 00 00 f1 5a b8 39 34 af 4c 3d 00 00 00 00 00 00 00 00 0d 69 cc 3e 45 66 38 be be bf 90 45 8b 1f 91 44 c2 9a 15 46 e0 11 ae b9 80 31 77 38 c3 8f 6b 3a 00 81 95 40 10 33 00 00 6a 03 00 00 00 00 00 00 00 00 ff 0b 11 00 0c 93 a9 82 c1 a1 be 40 a7 00 00 00 a6 00 00 00 00 05 5c 00 f0 83 1d 00 00 00 00 00 00 00 00 00 00 00 00 7a 3d 00 00 00 00 00 00 00 00 32 80 bf 39 23 b5 4c 3d 00 00 00 00 00 00 00 00 0d 69 cc 3e 45 66 38 be 79 81 90 45 38 1a 8f 44 4d 55 15 46 00 83 88 b8 b0 da aa 39 e0 31 74 ba 00 81 95 40 10 33 00 00 6a 03 00 00 00 00 00 00 00 00 ff
2026-09-18T14:29:05.6528413Z TX 43 4f 5a 03 52 45 01 0b 00 00 00 00 14 00 d3 bc e3 14 3d d1 be 40 a8 00 00 00 a7 00 00 00 00
2026-09-18T14:29:05.6705682Z RX 43 4f 5a 03 52 45 01 09 00 00 00 00 04 00 0b 11 00 d3 bc e3 14 3d d1 be 40 a8 00 00 00 a7 00 00 00 00 05 5c 00 f0 a1 1d 00 00 00 00 00 00 00 00 00 00 00 00 7a 3d 00 00 00 00 00 00 00 00 d2 37 bf 39 bc ae 4c 3d 00 00 00 00 00 00 00 00 0d 69 cc 3e 45 66 38 be 14 bd 8f 45 4d 13 90 44 cf 82 15 46 e8 b1 b6 ba 50 9a 1a 3a 2e 37 ee 38 00 81 95 40 10 33 00 00 6a 03 00 00 00 00 00 00 00 00 ff
2026-09-18T14:29:05.6999811Z TX 43 4f 5a 03 52 45 01 0b 00 00 00 00 14 00 a9 13 d0 44 58 00 bf 40 a9 00 00 00 a8 00 00 00 00
2026-09-18T14:29:05.7038570Z RX 43 4f 5a 03 52 45 01 09 00 00 00 00 04 00 05 5c 00 f0 bf 1d 00 00 00 00 00 00 00 00 00 00 00 00 7a 3d 00 00 00 00 00 00 00 00 89 b3 bc 39 c9 0f 4d 3d 00 00 00 00 00 00 00 00 0d 69 cc 3e 45 66 38 be cb a7 90 45 37 3b 8d 44 47 61 15 46 b0 05 61 ba 08 6d 1a 3a 40 44 ef 38 00 81 95 40 10 33 00 00 6a 03 00 00 00 00 00 00 00 00 ff 0b 11 00 a9 13 d0 44 58 00 bf 40 a9 00 00 00 a8 00 00 00 00
2026-09-18T14:29:05.7371764Z RX 43 4f 5a 03 52 45 01 09 00 00 00 00 04 00 05 5c 00 f0 dd 1d 00 00 00 00 00 00 00 00 00 00 00 00 7a 3d 00 00 00 00 00 00 00 00 61 e4 b6 39 0c 89 4c 3d 00 00 00 00 00 00 00 00 0d 69 cc 3e 45 66 38 be 80 b3 8f 45 8a 40 8f 44 34 85 15 46 80 93 58 39 40 1c 5c b9 b0 4e 2f ba 00 81 95 40 10 33 00 00 6a 03 00 00 00 00 00 00 00 00 ff
2026-09-18T14:29:05.7456140Z TX 43 4f 5a 03 52 45 01 0b 00 00 00 00 14 00 32 55 30 2a e9 2d bf 40 aa 00 00 00 a9 00 00 00 00
2026-09-18T14:29:05.7696765Z RX 43 4f 5a 03 52 45 01 09 00 00 00 00 04 00 0b 11 00 32 55 30 2a e9 2d bf 40 aa 00 00 00 a9 00 00 00 00 05 5c 00 f0 fb 1d 00 00 00 00 00 00 00 00 00 00 00 00 7a 3d 00 00 00 00 00 00 00 00 ae 9a b9 39 da ba 4c 3d 00 00 00 00 00 00 00 00 0d 69 cc 3e 45 66 38 be a9 c6 8f 45 dc 66 8f 44 11 66 15 46 70 a6 60 ba 50 d6 a8 39 66 81 6b 3a 00 81 95 40 10 33 00 00 6a 03 00 00 00 00 00 00 00 00 ff
2026-09-18T14:29:05.7927787Z TX 43 4f 5a 03 52 45 01 0b 00 00 00 00 14 00 96 21 8e 75 51 5d bf 40 ab 00 00 00 aa 00 00 00 00
2026-09-18T14:29:05.8052191Z RX 43 4f 5a 03 52 45 01 09 00 00 00 00 04 00 05 5c 00 f0 19 1e 00 00 00 00 00 00 00 00 00 00 00 00 7a 3d 00 00 00 00 00 00 00 00 04 a3 cc 39 3a a9 4c 3d 00 00 00 00 00 00 00 00 0d 69 cc 3e 45 66 38 be a6 6b 8f 45 81 92 91 44 15 ff 14 46 80 cc f8 39 60 b8 f9 b9 d7 cd b9 3a 00 81 95 40 10 33 00 00 6a 03 00 00 00 00 00 00 00 00 ff 0b 11 00 96 21 8e 75 51 5d bf 40 ab 00 00 00 aa 00 00 00 00
2026-09-18T14:29:05.8363608Z RX 43 4f 5a 03 52 45 01 09 00 00 00 00 04 00 05 5c 00 f0 37 1e 00 00 00 00 00 00 00 00 00 00 00 00 7a 3d 00 00 00 00 00 00 00 00 68 e4 db 39 29 aa 4c 3d 00 00 00 00 00 00 00 00 0d 69 cc 3e 45 66 38 be df c1 8f 45 a9 c6 8f 44 47 61 15 46 80 d8 58 39 80 0c 6b 38 b8 a8 e3 38 00 81 95 40 10 33 00 00 6a 03 00 00 00 00 00 00 00 00 ff
2026-09-18T14:29:05.8389035Z TX 43 4f 5a 03 52 45 01 0b 00 00 00 00 14 00 9a 08 1b 9e 4e 8b bf 40 ac 00 00 00 ab 00 00 00 00
2026-09-18T14:29:05.8683754Z RX 43 4f 5a 03 52 45 01 09 00 00 00 00 04 00 0b 11 00 9a 08 1b 9e 4e 8b bf 40 ac 00 00 00 ab 00 00 00 00 05 5c 00 f0 55 1e 00 00 00 00 00 00 00 00 00 00 00 00 7a 3d 00 00 00 00 00 00 00 00 4b 7d de 39 a2 fd 4c 3d 00 00 00 00 00 00 00 00 0d 69 cc 3e 45 66 38 be ee 04 90 45 9f 39 90 44 47 61 15 46 90 71 60 ba 50 6f a8 39 ac 64 b9 3a 00 81 95 40 10 33 00 00 6a 03 00 00 00 00 00 00 00 00 ff 05 0a 00 f3 bc bc 58 de 02 00 00 00 45
2026-09-18T14:29:05.8854405Z TX 43 4f 5a 03 52 45 01 0b 00 00 00 00 14 00 8b fd 65 f7 f4 b9 bf 40 ad 00 00 00 ac 00 00 00 00
2026-09-18T14:29:05.9017418Z RX 43 4f 5a 03 52 45 01 09 00 00 00 00 04 00 05 5c 00 f0 73 1e 00 00 00 00 00 00 00 00 00 00 00 00 7a 3d 00 00 00 00 00 00 00 00 ba 16 f8 39 49 cc 4c 3d 00 00 00 00 00 00 00 00 0d 69 cc 3e 45 66 38 be 64 88 8f 45 ef a1 8c 44 43 c8 15 46 c0 be 5a 39 50 25 f9 b9 89 23 24 3a 00 e3 95 40 10 33 00 00 6a 03 00 00 00 00 00 00 00 00 ff 0b 11 00 8b fd 65 f7 f4 b9 bf 40 ad 00 00 00 ac 00 00 00 00
2026-09-18T14:29:05.9314512Z TX 43 4f 5a 03 52 45 01 0b 00 00 00 00 14 00 06 81 95 43 0b e8 bf 40 ae 00 00 00 ad 00 00 00 00
2026-09-18T14:29:05.9346852Z RX 43 4f 5a 03 52 45 01 09 00 00 00 00 04 00 05 5c 00 f0 91 1e 00 00 00 00 00 00 00 00 00 00 00 00 7a 3d 00 00 00 00 00 00 00 00 b9 2a f3 39 e3 b4 4c 3d 00 00 00 00 00 00 00 00 0d 69 cc 3e 45 66 38 be 9f 39 90 45 76 26 90 44 a6 6f 15 46 40 96 a9 b9 10 d1 f8 b9 bf 69 24 b9 00 81 95 40 10 33 00 00 6a 03 00 00 00 00 00 00 00 00 ff 0b 11 00 06 81 95 43 0b e8 bf 40 ae 00 00 00 ad 00 00 00 00 05 5c 00 f0 af 1e 00 00 00 00 00 00 00 00 00 00 00 00 7a 3d 00 00 00 00 00 00 00 00 42 dd fd 39 73 0d 4d 3d 00 00 00 00 00 00 00 00 0d 69 cc 3e 45 66 38 be 31 e8 8f 45 e5 14 8d 44 7d 5c 15 46 00 b4 6c b8 20 95 f7 b9 12 6d 96 3a 00 81 95 40 10 33 00 00 6a 03 00 00 00 00 00 00 00 00 ff
2026-09-18T14:29:05.9685473Z RX 43 4f 5a 03 52 45 01 09 00 00 00 00 04 00 05 5c 00 f0 cd 1e 00 00 00 00 00 00 00 00 00 00 00 00 7a 3d 00 00 00 00 00 00 00 00 cf 66 02 3a 3f ea 4c 3d 00 00 00 00 00 00 00 00 0d 69 cc 3e 45 66 38 be 4d 13 90 45 76 26 90 44 8c 9f 15 46 00 e8 6f b8 d0 18 aa 39 80 a9 27 b9 00 81 95 40 10 33 00 00 6a 03 00 00 00 00 00 00 00 00 ff
2026-09-18T14:29:05.9784196Z TX 43 4f 5a 03 52 45 01 0b 00 00 00 00 14 00 8a 8e e4 f2 7f 0b c0 40 af 00 00 00 ae 00 00 00 00
2026-09-18T14:29:06.0003364Z RX 43 4f 5a 03 52 45 01 09 00 00 00 00 04 00 0b 11 00 8a 8e e4 f2 7f 0b c0 40 af 00 00 00 ae 00 00 00 00 05 5c 00 f0 eb 1e 00 00 00 00 00 00 00 00 00 00 00 00 7a 3d 00 00 00 00 00 00 00 00 2b 27 02 3a 5e d1 4c 3d 00 00 00 00 00 00 00 00 0d 69 cc 3e 45 66 38 be 86 69 90 45 f1 5f 90 44 47 61 15 46 a0 38 f9 39 a0 b2 f7 b9 32 91 27 b9 00 81 95 40 10 33 00 00 6a 03 00 00 00 00 00 00 00 00 ff
2026-09-18T14:29:06.0251930Z TX 43 4f 5a 03 52 45 01 0b 00 00 00 00 14 00 8b fd 65 f7 dc 22 c0 40 b0 00 00 00 af 00 00 00 00
2026-09-18T14:29:06.0352973Z RX 43 4f 5a 03 52 45 01 09 00 00 00 00 04 00 05 0a 00 f3 ec 8e 1a 24 02 00 00 00 4d 05 5c 00 f0 09 1f 00 00 00 00 00 00 00 00 00 00 00 00 7a 3d 00 00 00 00 00 00 00 00 91 29 01 3a 85 f3 4c 3d 00 00 00 00 00 00 00 00 0d 69 cc 3e 45 66 38 be a9 c6 8f 45 c8 4c 90 44 40 6d 15 46 98 d7 41 3a 00 db 7c 38 8e 85 d5 38 00 81 95 40 10 33 00 00 6a 03 00 00 00 00 00 00 00 00 ff 0b 11 00 8b fd 65 f7 dc 22 c0 40 b0 00 00 00 af 00 00 00 00
2026-09-18T14:29:06.0662248Z RX 43 4f 5a 03 52 45 01 09 00 00 00 00 04 00 05 5c 00 f0 27 1f 00 00 00 00 00 00 00 00 00 00 00 00 7a 3d 00 00 00 00 00 00 00 00 17 5f 03 3a ed d8 4c 3d 00 00 00 00 00 00 00 00 0d 69 cc 3e 45 66 38 be 66 e3 8f 45 2e 8d 8f 44 f5 3a 15 46 c0 0d 1b ba a0 5d 57 b9 26 f4 bd 39 00 81 95 40 10 33 00 00 6a 03 00 00 00 00 00 00 00 00 ff
2026-09-18T14:29:06.0720151Z TX 43 4f 5a 03 52 45 01 0b 00 00 00 00 14 00 5b 42 3e e8 41 3a c0 40 b1 00 00 00 b0 00 00 00 00
2026-09-18T14:29:06.0993455Z RX 43 4f 5a 03 52 45 01 09 00 00 00 00 04 00 0b 11 00 5b 42 3e e8 41 3a c0 40 b1 00 00 00 b0 00 00 00 00 05 5c 00 f0 45 1f 00 00 00 00 00 00 00 00 00 00 00 00 7a 3d 00 00 00 00 00 00 00 00 54 f9 04 3a 61 b9 4c 3d 00 00 00 00 00 00 00 00 0d 69 cc 3e 45 66 38 be ec a9 8f 45 42 a7 8e 44 11 66 15 46 a0 dd 92 ba 50 d4 ab 39 9a 99 28 b9 00 e3 95 40 10 33 00 00 6a 03 00 00 00 00 00 00 00 00 ff
2026-09-18T14:29:06.1188175Z TX 43 4f 5a 03 52 45 01 0b 00 00 00 00 14 00 7f fb 3a 70 ae 51 c0 40 b2 00 00 00 b1 00 00 00 00
2026-09-18T14:29:06.1322783Z RX 43 4f 5a 03 52 45 01 09 00 00 00 00 04 00 05 5c 00 f0 63 1f 00 00 00 00 00 00 00 00 00 00 00 00 7a 3d 00 00 00 00 00 00 00 00 fb 75 05 3a 9d 7f 4c 3d 00 00 00 00 00 00 00 00 0d 69 cc 3e 45 66 38 be 64 88 8f 45 7e f5 8b 44 7d 5c 15 46 00 6d 67 b8 e0 06 58 b9 e6 5b d2 38 00 81 95 40 10 33 00 00 6a 03 00 00 00 00 00 00 00 00 ff 0b 11 00 7f fb 3a 70 ae 51 c0 40 b2 00 00 00 b1 00 00 00 00
2026-09-18T14:29:06.1653932Z RX 43 4f 5a 03 52 45 01 09 00 00 00 00 04 00 05 5c 00 f0 81 1f 00 00 00 00 00 00 00 00 00 00 00 00 7a 3d 00 00 00 00 00 00 00 00 4d 9a 02 3a 93 b3 4c 3d 00 00 00 00 00 00 00 00 0d 69 cc 3e 45 66 38 be a2 94 90 45 6b ba 8e 44 14 c1 15 46 a0 60 5f ba 38 50 83 ba 7d 78 d4 38 00 81 95 40 10 33 00 00 6a 03 00 00 00 00 00 00 00 00 ff
2026-09-18T14:29:06.1657490Z TX 43 4f 5a 03 52 45 01 0b 00 00 00 00 14 00 a3 01 bc 05 02 69 c0 40 b3 00 00 00 b2 00 00 00 00
2026-09-18T14:29:06.1985194Z RX 43 4f 5a 03 52 45 01 09 00 00 00 00 04 00 0b 11 00 a3 01 bc 05 02 69 c0 40 b3 00 00 00 b2 00 00 00 00 05 5c 00 f0 9f 1f 00 00 00 00 00 00 00 00 00 00 00 00 7a 3d 00 00 00 00 00 00 00 00 ee 10 06 3a d7 5d 4c 3d 00 00 00 00 00 00 00 00 0d 69 cc 3e 45 66 38 be 40 2b 90 45 56 c1 8d 44 70 74 15 46 40 22 5f 39 40 80 85 38 29 38 23 3a 00 81 95 40 10 33 00 00 6a 03 00 00 00 00 00 00 00 00 ff
2026-09-18T14:29:06.2114917Z TX 43 4f 5a 03 52 45 01 0b 00 00 00 00 14 00 1b 0d e0 2d 00 80 c0 40 b4 00 00 00 b3 00 00 00 00
2026-09-18T14:29:06.2314590Z RX 43 4f 5a 03 52 45 01 09 00 00 00 00 04 00 05 5c 00 f0 bd 1f 00 00 00 00 00 00 00 00 00 00 00 00 7a 3d 00 00 00 00 00 00 00 00 ae 49 07 3a fa 99 4c 3d 00 00 00 00 00 00 00 00 0d 69 cc 3e 45 66 38 be df c1 8f 45 0e 28 8d 44 cf 82 15 46 00 0a 5d b8 80 72 88 38 60 72 29 b9 00 e3 95 40 10 33 00 00 6a 03 00 00 00 00 00 00 00 00 ff 0b 11 00 1b 0d e0 2d 00 80 c0 40 b4 00 00 00 b3 00 00 00 00 05 5c 00 f0 db 1f 00 00 00 00 00 00 00 00 00 00 00 00 7a 3d 00 00 00 00 00 00 00 00 28 1c 0b 3a ab 33 4c 3d 00 00 00 00 00 00 00 00 0d 69 cc 3e 45 66 38 be a2 94 90 45 96 8b 92 44 6a 80 15 46 00 9b 5f 39 00 cc 53 b9 b4 3e 67 3a 00 e3 95 40 10 33 00 00 6a 03 00 00 00 00 00 00 00 00 ff
2026-09-18T14:29:06.2581305Z TX 43 4f 5a 03 52 45 01 0b 00 00 00 00 14 00 23 4a 7b 83 47 97 c0 40 b5 00 00 00 b4 00 00 00 00
2026-09-18T14:29:06.2649392Z RX 43 4f 5a 03 52 45 01 09 00 00 00 00 04 00 0b 11 00 23 4a 7b 83 47 97 c0 40 b5 00 00 00 b4 00 00 00 00 05 5c 00 f0 f9 1f 00 00 00 00 00 00 00 00 00 00 00 00 7a 3d 00 00 00 00 00 00 00 00 63 75 0a 3a 57 62 4c 3d 00 00 00 00 00 00 00 00 0d 69 cc 3e 45 66 38 be a9 c6 8f 45 94 cd 8e 44 b9 4b 15 46 10 4b 19 ba 80 83 f4 b9 50 4e 9e ba 00 81 95 40 10 33 00 00 6a 03 00 00 00 00 00 00 00 00 ff
2026-09-18T14:29:06.2973436Z RX 43 4f 5a 03 52 45 01 09 00 00 00 00 04 00 05 5c 00 f0 17 20 00 00 00 00 00 00 00 00 00 00 00 00 7a 3d 00 00 00 00 00 00 00 00 95 e0 03 3a 9b b2 4c 3d 00 00 00 00 00 00 00 00 0d 69 cc 3e 45 66 38 be b6 ae 8f 45 a7 08 8c 44 2b 36 15 46 80 7d 60 39 d8 58 62 3a 8b 2f 28 b9 00 e3 95 40 10 33 00 00 6a 03 00 00 00 00 00 00 00 00 ff
2026-09-18T14:29:06.3039931Z TX 43 4f 5a 03 52 45 01 0b 00 00 00 00 14 00 c4 b1 2e 6e 33 ae c0 40 b6 00 00 00 b5 00 00 00 00
2026-09-18T14:29:06.3305488Z RX 43 4f 5a 03 52 45 01 09 00 00 00 00 04 00 0b 11 00 c4 b1 2e 6e 33 ae c0 40 b6 00 00 00 b5 00 00 00 00 05 5c 00 f0 35 20 00 00 00 00 00 00 00 00 00 00 00 00 7a 3d 00 00 00 00 00 00 00 00 e3 73 08 3a c9 02 4c 3d 00 00 00 00 00 00 00 00 0d 69 cc 3e 45 66 38 be 54 45 8f 45 38 1a 8f 44 9f 7b 15 46 00 a8 5c b8 40 25 85 38 9d 7d 67 3a 00 81 95 40 10 33 00 00 6a 03 00 00 00 00 00 00 00 00 ff
2026-09-18T14:29:06.3497000Z TX 43 4f 5a 03 52 45 01 0b 00 00 00 00 14 00 28 7e 8c b9 13 c5 c0 40 b7 00 00 00 b6 00 00 00 00
2026-09-18T14:29:06.3634669Z RX 43 4f 5a 03 52 45 01 09 00 00 00 00 04 00 05 5c 00 f0 53 20 00 00 00 00 00 00 00 00 00 00 00 00 7a 3d 00 00 00 00 00 00 00 00 82 c0 0d 3a 28 39 4c 3d 00 00 00 00 00 00 00 00 0d 69 cc 3e 45 66 38 be 6f f4 90 45 10 e6 90 44 eb ad 15 46 00 53 5a b8 00 d1 ac 39 f9 0b bc 39 00 81 95 40 10 33 00 00 6a 03 00 00 00 00 00 00 00 00 ff 0b 11 00 28 7e 8c b9 13 c5 c0 40 b7 00 00 00 b6 00 00 00 00 05 0a 00 f3 8b 63 6c 11 01 00 00 00 2c
2026-09-18T14:29:06.3961324Z TX 43 4f 5a 03 52 45 01 0b 00 00 00 00 14 00 68 91 ed 7c 47 dc c0 40 b8 00 00 00 b7 00 00 00 00
2026-09-18T14:29:06.3964997Z RX 43 4f 5a 03 52 45 01 09 00 00 00 00 04 00 05 5c 00 f0 71 20 00 00 00 00 00 00 00 00 00 00 00 00 7a 3d 00 00 00 00 00 00 00 00 f8 4c 10 3a 8f a0 4c 3d 00 00 00 00 00 00 00 00 0d 69 cc 3e 45 66 38 be ac 21 90 45 39 f9 90 44 9c e2 15 46 60 88 5e ba 84 20 83 ba cd 93 bb 39 00 81 95 40 10 33 00 00 6a 03 00 00 00 00 00 00 00 00 ff
2026-09-18T14:29:06.4300248Z RX 43 4f 5a 03 52 45 01 09 00 00 00 00 04 00 0b 11 00 68 91 ed 7c 47 dc c0 40 b8 00 00 00 b7 00 00 00 00 05 5c 00 f0 8f 20 00 00 00 00 00 00 00 00 00 00 00 00 7a 3d 00 00 00 00 00 00 00 00 9a 10 17 3a 8e e3 4c 3d 00 00 00 00 00 00 00 00 0d 69 cc 3e 45 66 38 be ac 21 90 45 c6 8e 8c 44 93 d1 14 46 a0 3d a5 b9 60 ad f3 b9 0e 25 66 3a 00 81 95 40 10 33 00 00 6a 03 00 00 00 00 00 00 00 00 ff
2026-09-18T14:29:06.4413148Z TX 43 4f 5a 03 52 45 01 0b 00 00 00 00 14 00 f4 6c 56 7d c6 f2 c0 40 b9 00 00 00 b8 00 00 00 00
2026-09-18T14:29:06.4625964Z RX 43 4f 5a 03 52 45 01 09 00 00 00 00 04 00 05 5c 00 f0 ad 20 00 00 00 00 00 00 00 00 00 00 00 00 7a 3d 00 00 00 00 00 00 00 00 dc 60 16 3a aa c1 4c 3d 00 00 00 00 00 00 00 00 0d 69 cc 3e 45 66 38 be df c1 8f 45 23 21 8e 44 9f 7b 15 46 e0 4d a5 b9 a0 68 ae 39 cf ba 34 ba 00 81 95 40 10 33 00 00 6a 03 00 00 00 00 00 00 00 00 ff 0b 11 00 f4 6c 56 7d c6 f2 c0 40 b9 00 00 00 b8 00 00 00 00
2026-09-18T14:29:06.4893344Z TX 43 4f 5a 03 52 45 01 0b 00 00 00 00 14 00 64 cc 5d 4b e0 0a c1 40 ba 00 00 00 b9 00 00 00 00
2026-09-18T14:29:06.4956159Z RX 43 4f 5a 03 52 45 01 09 00 00 00 00 04 00 05 5c 00 f0 cb 20 00 00 00 00 00 00 00 00 00 00 00 00 7a 3d 00 00 00 00 00 00 00 00 52 df 10 3a 2c d6 4c 3d 00 00 00 00 00 00 00 00 0d 69 cc 3e 45 66 38 be fb ec 8f 45 19 94 8e 44 31 2a 15 46 30 df 17 ba c0 71 ae 39 f0 38 34 ba 00 81 95 40 10 33 00 00 6a 03 00 00 00 00 00 00 00 00 ff 0b 11 00 64 cc 5d 4b e0 0a c1 40 ba 00 00 00 b9 00 00 00 00
2026-09-18T14:29:06.5285797Z RX 43 4f 5a 03 52 45 01 09 00 00 00 00 04 00 05 5c 00 f0 e9 20 00 00 00 00 00 00 00 00 00 00 00 00 7a 3d 00 00 00 00 00 00 00 00 89 f4 10 3a 0e 6a 4c 3d 00 00 00 00 00 00 00 00 0d 69 cc 3e 45 66 38 be dc 66 8f 45 8a 40 8f 44 4d 55 15 46 00 81 40 b8 b4 26 eb ba 4b 99 95 3a 00 81 95 40 10 33 00 00 6a 03 00 00 00 00 00 00 00 00 ff
2026-09-18T14:29:06.5352931Z TX 43 4f 5a 03 52 45 01 0b 00 00 00 00 14 00 48 bf 7d 1d d8 21 c1 40 bb 00 00 00 ba 00 00 00 00
2026-09-18T14:29:06.5645872Z RX 43 4f 5a 03 52 45 01 09 00 00 00 00 04 00 05 5c 00 f0 07 21 00 00 00 00 00 00 00 00 00 00 00 00 7a 3d 00 00 00 00 00 00 00 00 84 57 17 3a 83 9f 4c 3d 00 00 00 00 00 00 00 00 0d 69 cc 3e 45 66 38 be ce 02 91 45 04 9b 8d 44 d5 76 15 46 40 15 fe 39 a0 4f f1 b9 e2 47 ba 39 00 81 95 40 10 33 00 00 6a 03 00 00 00 00 00 00 00 00 ff 0b 11 00 48 bf 7d 1d d8 21 c1 40 bb 00 00 00 ba 00 00 00 00 05 5c 00 f0 25 21 00 00 00 00 00 00 00 00 00 00 00 00 7a 3d 00 00 00 00 00 00 00 00 4a 3a 1c 3a 24 32 4d 3d 00 00 00 00 00 00 00 00 0d 69 cc 3e 45 66 38 be 3e d0 8f 45 9f 39 90 44 40 6d 15 46 00 ed 49 b8 c0 ea 49 b9 7b 61 b9 39 00 81 95 40 10 33 00 00 6a 03 00 00 00 00 00 00 00 00 ff
2026-09-18T14:29:06.5825927Z TX 43 4f 5a 03 52 45 01 0b 00 00 00 00 14 00 27 31 08 ac 7c 39 c1 40 bc 00 00 00 bb 00 00 00 00
2026-09-18T14:29:06.5946877Z RX 43 4f 5a 03 52 45 01 09 00 00 00 00 04 00 0b 11 00 27 31 08 ac 7c 39 c1 40 bc 00 00 00 bb 00 00 00 00 05 5c 00 f0 43 21 00 00 00 00 00 00 00 00 00 00 00 00 7a 3d 00 00 00 00 00 00 00 00 62 03 1d 3a 72 f9 4c 3d 00 00 00 00 00 00 00 00 0d 69 cc 3e 45 66 38 be 36 9e 90 45 81 92 91 44 9c 20 15 46 80 b6 5d ba 08 6c c7 ba 68 b3 e1 b9 00 e3 95 40 10 33 00 00 6a 03 00 00 00 00 00 00 00 00 ff
2026-09-18T14:29:06.6275395Z RX 43 4f 5a 03 52 45 01 09 00 00 00 00 04 00 05 5c 00 f0 61 21 00 00 00 00 00 00 00 00 00 00 00 00 7a 3d 00 00 00 00 00 00 00 00 59 d4 1a 3a 9e 8c 4c 3d 00 00 00 00 00 00 00 00 0d 69 cc 3e 45 66 38 be cf 7e 8f 45 aa a5 91 44 50 b0 15 46 38 61 91 ba a0 ed 1f 3a 7e 4f 21 3a 00 81 95 40 10 33 00 00 6a 03 00 00 00 00 00 00 00 00 ff
2026-09-18T14:29:06.6298323Z TX 43 4f 5a 03 52 45 01 0b 00 00 00 00 14 00 b6 f3 fd d4 18 51 c1 40 bd 00 00 00 bc 00 00 00 00
2026-09-18T14:29:06.6606575Z RX 43 4f 5a 03 52 45 01 09 00 00 00 00 04 00 0b 11 00 b6 f3 fd d4 18 51 c1 40 bd 00 00 00 bc 00 00 00 00 05 5c 00 f0 7f 21 00 00 00 00 00 00 00 00 00 00 00 00 7a 3d 00 00 00 00 00 00 00 00 99 54 1f 3a 93 b8 4d 3d 00 00 00 00 00 00 00 00 0d 69 cc 3e 45 66 38 be 77 05 92 45 e7 d2 90 44 d2 1b 15 46 90 ad 16 ba b1 90 91 bb 07 44 9f ba 00 81 95 40 10 33 00 00 6a 03 00 00 00 00 00 00 00 00 ff
2026-09-18T14:29:06.6750225Z TX 43 4f 5a 03 52 45 01 0b 00 00 00 00 14 00 a2 45 b6 f3 b5 67 c1 40 be 00 00 00 bd 00 00 00 00
2026-09-18T14:29:06.6937009Z RX 43 4f 5a 03 52 45 01 09 00 00 00 00 04 00 0b 11 00 a2 45 b6 f3 b5 67 c1 40 be 00 00 00 bd 00 00 00 00 05 5c 00 f0 9d 21 00 00 00 00 00 00 00 00 00 00 00 00 7a 3d 00 00 00 00 00 00 00 00 56 e3 10 3a 4b 2f 4e 3d 00 00 00 00 00 00 00 00 0d 69 cc 3e 45 66 38 be 97 28 8f 45 e7 d2 90 44 f0 25 17 46 20 e5 a0 b9 c8 ca 9f 3b d0 b5 78 ba 00 e3 95 40 10 33 00 00 6a 03 00 00 00 00 00 00 00 00 ff
2026-09-18T14:29:06.7210005Z TX 43 4f 5a 03 52 45 01 0b 00 00 00 00 14 00 d5 78 e9 26 c9 7e c1 40 bf 00 00 00 be 00 00 00 00
2026-09-18T14:29:06.7265313Z RX 43 4f 5a 03 52 45 01 09 00 00 00 00 04 00 05 5c 00 f0 bb 21 00 00 00 00 00 00 00 00 00 00 00 00 7a 3d 00 00 00 00 00 00 00 00 45 eb 14 3a b1 f7 4c 3d 00 00 00 00 00 00 00 00 0d 69 cc 3e 45 66 38 be dd 45 91 45 6f 36 96 44 fc 6c 14 46 b8 50 46 3a 28 36 c7 ba 5a e8 d9 3a 00 81 95 40 10 33 00 00 6a 03 00 00 00 00 00 00 00 00 ff 0b 11 00 d5 78 e9 26 c9 7e c1 40 bf 00 00 00 be 00 00 00 00
2026-09-18T14:29:06.7594076Z RX 43 4f 5a 03 52 45 01 09 00 00 00 00 04 00 05 5c 00 f0 d9 21 00 00 00 00 00 00 00 00 00 00 00 00 7a 3d 00 00 00 00 00 00 00 00 f9 08 1c 3a bb ba 4e 3d 00 00 00 00 00 00 00 00 0d 69 cc 3e 45 66 38 be c8 4c 90 45 95 ac 90 44 1e 4e 15 46 30 8d 16 ba 04 18 ff 3a a1 33 21 3a 00 81 95 40 10 33 00 00 6a 03 00 00 00 00 00 00 00 00 ff
2026-09-18T14:29:06.7672845Z TX 43 4f 5a 03 52 45 01 0b 00 00 00 00 14 00 6a de 71 8a d6 95 c1 40 c0 00 00 00 bf 00 00 00 00
2026-09-18T14:29:06.7932416Z RX 43 4f 5a 03 52 45 01 09 00 00 00 00 04 00 05 5c 00 f0 f7 21 00 00 00 00 00 00 00 00 00 00 00 00 7a 3d 00 00 00 00 00 00 00 00 8f e7 20 3a e7 33 4d 3d 00 00 00 00 00 00 00 00 0d 69 cc 3e 45 66 38 be d2 d9 8f 45 2d ae 8d 44 f1 a1 15 46 80 3d 16 ba c0 92 47 b9 f1 dc 32 b9 00 81 95 40 10 33 00 00 6a 03 00 00 00 00 00 00 00 00 ff 0b 11 00 6a de 71 8a d6 95 c1 40 c0 00 00 00 bf 00 00 00 00
2026-09-18T14:29:06.8134974Z TX 43 4f 5a 03 52 45 01 0b 00 00 00 00 14 00 38 67 44 69 ef ac c1 40 c1 00 00 00 c0 00 00 00 00
2026-09-18T14:29:06.8257315Z RX 43 4f 5a 03 52 45 01 09 00 00 00 00 04 00 05 5c 00 f0 15 22 00 00 00 00 00 00 00 00 00 00 00 00 7a 3d 00 00 00 00 00 00 00 00 76 90 20 3a de d6 4d 3d 00 00 00 00 00 00 00 00 0d 69 cc 3e 45 66 38 be 92 51 90 45 57 a0 8f 44 24 42 15 46 60 d3 15 ba 80 cc c6 ba 81 58 e2 b9 00 81 95 40 10 33 00 00 6a 03 00 00 00 00 00 00 00 00 ff 0b 11 00 38 67 44 69 ef ac c1 40 c1 00 00 00 c0 00 00 00 00
2026-09-18T14:29:06.8587889Z RX 43 4f 5a 03 52 45 01 09 00 00 00 00 04 00 05 5c 00 f0 33 22 00 00 00 00 00 00 00 00 00 00 00 00 7a 3d 00 00 00 00 00 00 00 00 6e e2 1c 3a 83 fe 4e 3d 00 00 00 00 00 00 00 00 0d 69 cc 3e 45 66 38 be 52 c9 90 45 b3 53 8f 44 67 25 15 46 20 34 15 ba 90 8b 80 ba a6 52 35 ba 00 81 95 40 10 33 00 00 6a 03 00 00 00 00 00 00 00 00 ff 05 5c 00 f0 51 22 00 00 00 00 00 00 00 00 00 00 00 00 7a 3d 00 00 00 00 00 00 00 00 02 55 1a 3a a6 cf 4e 3d 00 00 00 00 00 00 00 00 0d 69 cc 3e 45 66 38 be 2e 8d 8f 45 6c 99 90 44 c8 8e 15 46 10 bc 86 3a fc 0d ff 3a a0 d9 65 3a 00 81 95 40 10 33 00 00 6a 03 00 00 00 00 00 00 00 00 ff
2026-09-18T14:29:06.8610259Z TX 43 4f 5a 03 52 45 01 0b 00 00 00 00 14 00 9e 5e 29 cb b0 c4 c1 40 c2 00 00 00 c1 00 00 00 00
2026-09-18T14:29:06.8917457Z RX 43 4f 5a 03 52 45 01 09 00 00 00 00 04 00 0b 11 00 9e 5e 29 cb b0 c4 c1 40 c2 00 00 00 c1 00 00 00 00 05 0a 00 f3 bc bc 58 de 02 00 00 00 45 05 5c 00 f0 6f 22 00 00 00 00 00 00 00 00 00 00 00 00 7a 3d 00 00 00 00 00 00 00 00 4e 2d 22 3a 54 a7 4d 3d 00 00 00 00 00 00 00 00 0d 69 cc 3e 45 66 38 be b8 09 90 45 76 26 90 44 4a bc 15 46 c0 2b 5b ba 40 ef 45 b9 46 a3 20 3a 00 81 95 40 10 33 00 00 6a 03 00 00 00 00 00 00 00 00 ff
2026-09-18T14:29:06.9071721Z TX 43 4f 5a 03 52 45 01 0b 00 00 00 00 14 00 93 a9 82 51 c1 db c1 40 c3 00 00 00 c2 00 00 00 00
2026-09-18T14:29:06.9246253Z RX 43 4f 5a 03 52 45 01 09 00 00 00 00 04 00 0b 11 00 93 a9 82 51 c1 db c1 40 c3 00 00 00 c2 00 00 00 00 05 5c 00 f0 8d 22 00 00 00 00 00 00 00 00 00 00 00 00 7a 3d 00 00 00 00 00 00 00 00 5d f1 22 3a 3b 58 4e 3d 00 00 00 00 00 00 00 00 0d 69 cc 3e 45 66 38 be 98 07 91 45 0f 07 8f 44 40 6d 15 46 40 54 9e b9 98 a2 a3 ba 88 e1 35 ba 00 81 95 40 10 33 00 00 6a 03 00 00 00 00 00 00 00 00 ff
2026-09-18T14:29:06.9531937Z TX 43 4f 5a 03 52 45 01 0b 00 00 00 00 14 00 ef 38 45 47 ca f2 c1 40 c4 00 00 00 c3 00 00 00 00
2026-09-18T14:29:06.9580829Z RX 43 4f 5a 03 52 45 01 09 00 00 00 00 04 00 05 5c 00 f0 ab 22 00 00 00 00 00 00 00 00 00 00 00 00 7a 3d 00 00 00 00 00 00 00 00 ef 15 24 3a 78 55 4f 3d 00 00 00 00 00 00 00 00 0d 69 cc 3e 45 66 38 be 62 0c 91 45 75 47 8e 44 fe 89 15 46 80 4c 9d b9 84 60 96 3a 31 f7 b6 3a 00 e3 95 40 10 33 00 00 6a 03 00 00 00 00 00 00 00 00 ff 0b 11 00 ef 38 45 47 ca f2 c1 40 c4 00 00 00 c3 00 00 00 00
2026-09-18T14:29:06.9905605Z RX 43 4f 5a 03 52 45 01 09 00 00 00 00 04 00 05 5c 00 f0 c9 22 00 00 00 00 00 00 00 00 00 00 00 00 7a 3d 00 00 00 00 00 00 00 00 5b c1 2d 3a 7f 6e 4e 3d 00 00 00 00 00 00 00 00 0d 69 cc 3e 45 66 38 be d2 d9 8f 45 6b ba 8e 44 a6 6f 15 46 60 09 9d b9 10 ef 65 3a e5 bc b4 38 00 e3 95 40 10 33 00 00 6a 03 00 00 00 00 00 00 00 00 ff
2026-09-18T14:29:06.9989838Z TX 43 4f 5a 03 52 45 01 0b 00 00 00 00 14 00 b3 0c 71 ac b3 09 c2 40 c5 00 00 00 c4 00 00 00 00
2026-09-18T14:29:07.0238121Z RX 43 4f 5a 03 52 45 01 09 00 00 00 00 04 00 0b 11 00 b3 0c 71 ac b3 09 c2 40 c5 00 00 00 c4 00 00 00 00 05 5c 00 f0 e7 22 00 00 00 00 00 00 00 00 00 00 00 00 7a 3d 00 00 00 00 00 00 00 00 06 d5 31 3a 4f 81 4f 3d 00 00 00 00 00 00 00 00 0d 69 cc 3e 45 66 38 be da ea 90 45 62 0c 91 44 3e 12 15 46 c0 27 73 39 90 c6 ed b9 3a 32 1f 3a 00 e3 95 40 10 33 00 00 6a 03 00 00 00 00 00 00 00 00 ff 05 0a 00 f3 ec 8e 1a 24 02 00 00 00 4e
2026-09-18T14:29:07.0457087Z TX 43 4f 5a 03 52 45 01 0b 00 00 00 00 14 00 84 0d 4f af 1c 21 c2 40 c6 00 00 00 c5 00 00 00 00
2026-09-18T14:29:07.0572468Z RX 43 4f 5a 03 52 45 01 09 00 00 00 00 04 00 05 5c 00 f0 05 23 00 00 00 00 00 00 00 00 00 00 00 00 7a 3d 00 00 00 00 00 00 00 00 6f 08 35 3a 50 24 4f 3d 00 00 00 00 00 00 00 00 0d 69 cc 3e 45 66 38 be 8d 9b 8f 45 43 86 90 44 0b 72 15 46 20 38 9d b9 f0 3f 20 3a 0f 60 af 38 00 e3 95 40 10 33 00 00 6a 03 00 00 00 00 00 00 00 00 ff 0b 11 00 84 0d 4f af 1c 21 c2 40 c6 00 00 00 c5 00 00 00 00
2026-09-18T14:29:07.0902311Z RX 43 4f 5a 03 52 45 01 09 00 00 00 00 04 00 05 5c 00 f0 23 23 00 00 00 00 00 00 00 00 00 00 00 00 7a 3d 00 00 00 00 00 00 00 00 8b a1 34 3a f8 b1 4e 3d 00 00 00 00 00 00 00 00 0d 69 cc 3e 45 66 38 be d5 34 90 45 36 5c 8b 44 ac 63 15 46 70 c2 59 ba 00 85 a2 38 ce 09 e6 b9 00 e3 95 40 10 33 00 00 6a 03 00 00 00 00 00 00 00 00 ff
2026-09-18T14:29:07.0912956Z TX 43 4f 5a 03 52 45 01 0b 00 00 00 00 14 00 7d 3f 35 5e ea 37 c2 40 c7 00 00 00 c6 00 00 00 00
2026-09-18T14:29:07.1225677Z RX 43 4f 5a 03 52 45 01 09 00 00 00 00 04 00 0b 11 00 7d 3f 35 5e ea 37 c2 40 c7 00 00 00 c6 00 00 00 00 05 5c 00 f0 41 23 00 00 00 00 00 00 00 00 00 00 00 00 7a 3d 00 00 00 00 00 00 00 00 ed 9a 34 3a 69 3e 4f 3d 00 00 00 00 00 00 00 00 0d 69 cc 3e 45 66 38 be 95 ac 90 45 75 47 8e 44 74 0d 15 46 f0 65 13 ba ec 2e a4 ba 05 b4 af 38 00 81 95 40 10 33 00 00 6a 03 00 00 00 00 00 00 00 00 ff
2026-09-18T14:29:07.1376732Z TX 43 4f 5a 03 52 45 01 0b 00 00 00 00 14 00 ed 9e 3c 2c 0c 4f c2 40 c8 00 00 00 c7 00 00 00 00
2026-09-18T14:29:07.1558608Z RX 43 4f 5a 03 52 45 01 09 00 00 00 00 04 00 05 5c 00 f0 5f 23 00 00 00 00 00 00 00 00 00 00 00 00 7a 3d 00 00 00 00 00 00 00 00 c0 9a 31 3a 43 55 4f 3d 00 00 00 00 00 00 00 00 0d 69 cc 3e 45 66 38 be 80 b3 8f 45 d1 fa 8d 44 9c e2 15 46 40 55 aa 3a 5e c3 67 3b a8 1a a0 ba 00 81 95 40 10 33 00 00 6a 03 00 00 00 00 00 00 00 00 ff 0b 11 00 ed 9e 3c 2c 0c 4f c2 40 c8 00 00 00 c7 00 00 00 00
2026-09-18T14:29:07.1848948Z TX 43 4f 5a 03 52 45 01 0b 00 00 00 00 14 00 d3 bc e3 14 a5 66 c2 40 c9 00 00 00 c8 00 00 00 00
2026-09-18T14:29:07.1889566Z RX 43 4f 5a 03 52 45 01 09 00 00 00 00 04 00 05 5c 00 f0 7d 23 00 00 00 00 00 00 00 00 00 00 00 00 7a 3d 00 00 00 00 00 00 00 00 ff e7 2a 3a 5f a0 4d 3d 00 00 00 00 00 00 00 00 0d 69 cc 3e 45 66 38 be 87 e5 8e 45 7d 16 8a 44 22 25 14 46 20 5f 9d b9 00 fb 87 38 3e 87 36 b9 00 81 95 40 10 33 00 00 6a 03 00 00 00 00 00 00 00 00 ff 0b 11 00 d3 bc e3 14 a5 66 c2 40 c9 00 00 00 c8 00 00 00 00 05 5c 00 f0 9b 23 00 00 00 00 00 00 00 00 00 00 00 00 7a 3d 00 00 00 00 00 00 00 00 cc ef 27 3a 0c 74 4e 3d 00 00 00 00 00 00 00 00 0d 69 cc 3e 45 66 38 be 66 e3 8f 45 b6 f0 94 44 47 61 15 46 e0 c2 9c b9 08 0f 3e ba e6 6d 35 b9 00 81 95 40 10 33 00 00 6a 03 00 00 00 00 00 00 00 00 ff
2026-09-18T14:29:07.2218612Z RX 43 4f 5a 03 52 45 01 09 00 00 00 00 04 00 05 5c 00 f0 b9 23 00 00 00 00 00 00 00 00 00 00 00 00 7a 3d 00 00 00 00 00 00 00 00 40 08 2c 3a 50 58 4d 3d 00 00 00 00 00 00 00 00 0d 69 cc 3e 45 66 38 be 69 3e 90 45 44 65 92 44 14 c1 15 46 00 69 06 b8 58 f0 0f 3b 6c 7d b6 39 00 81 95 40 10 33 00 00 6a 03 00 00 00 00 00 00 00 00 ff
2026-09-18T14:29:07.2312515Z TX 43 4f 5a 03 52 45 01 0b 00 00 00 00 14 00 22 6c 78 7a c5 7d c2 40 ca 00 00 00 c9 00 00 00 00
2026-09-18T14:29:07.2548663Z RX 43 4f 5a 03 52 45 01 09 00 00 00 00 04 00 0b 11 00 22 6c 78 7a c5 7d c2 40 ca 00 00 00 c9 00 00 00 00 05 5c 00 f0 d7 23 00 00 00 00 00 00 00 00 00 00 00 00 7a 3d 00 00 00 00 00 00 00 00 02 07 2c 3a 34 55 4d 3d 00 00 00 00 00 00 00 00 0d 69 cc 3e 45 66 38 be 43 86 90 45 fa 0d 8e 44 db 6a 15 46 c0 20 87 3a ac b4 82 ba de 33 7b ba 00 81 95 40 10 33 00 00 6a 03 00 00 00 00 00 00 00 00 ff
2026-09-18T14:29:07.2774160Z TX 43 4f 5a 03 52 45 01 0b 00 00 00 00 14 00 96 21 8e 75 e9 94 c2 40 cb 00 00 00 ca 00 00 00 00
2026-09-18T14:29:07.2882208Z RX 43 4f 5a 03 52 45 01 09 00 00 00 00 04 00 05 5c 00 f0 f5 23 00 00 00 00 00 00 00 00 00 00 00 00 7a 3d 00 00 00 00 00 00 00 00 29 9a 24 3a 21 d5 4d 3d 00 00 00 00 00 00 00 00 0d 69 cc 3e 45 66 38 be d5 34 90 45 dc 66 8f 44 c6 33 15 46 c0 47 9e b9 18 32 94 3a 6f 32 34 b9 00 81 95 40 10 33 00 00 6a 03 00 00 00 00 00 00 00 00 ff 0b 11 00 96 21 8e 75 e9 94 c2 40 cb 00 00 00 ca 00 00 00 00
2026-09-18T14:29:07.3206997Z RX 43 4f 5a 03 52 45 01 09 00 00 00 00 04 00 05 5c 00 f0 13 24 00 00 00 00 00 00 00 00 00 00 00 00 7a 3d 00 00 00 00 00 00 00 00 1b 32 2a 3a 60 ae 4d 3d 00 00 00 00 00 00 00 00 0d 69 cc 3e 45 66 38 be 69 3e 90 45 c8 4c 90 44 b2 57 15 46 e0 ae 14 ba 40 88 87 38 3d 2d fb 3a 00 81 95 40 10 33 00 00 6a 03 00 00 00 00 00 00 00 00 ff
2026-09-18T14:29:07.3238322Z TX 43 4f 5a 03 52 45 01 0b 00 00 00 00 14 00 df 4f 8d 97 1e ac c2 40 cc 00 00 00 cb 00 00 00 00
2026-09-18T14:29:07.3570222Z RX 43 4f 5a 03 52 45 01 09 00 00 00 00 04 00 0b 11 00 df 4f 8d 97 1e ac c2 40 cc 00 00 00 cb 00 00 00 00 05 5c 00 f0 31 24 00 00 00 00 00 00 00 00 00 00 00 00 7a 3d 00 00 00 00 00 00 00 00 5e 79 33 3a 22 83 4d 3d 00 00 00 00 00 00 00 00 0d 69 cc 3e 45 66 38 be fe 47 90 45 05 7a 8f 44 96 2c 15 46 78 97 48 3a c0 63 82 38 d9 d0 e5 b9 00 81 95 40 10 33 00 00 6a 03 00 00 00 00 00 00 00 00 ff
2026-09-18T14:29:07.3704375Z TX 43 4f 5a 03 52 45 01 0b 00 00 00 00 14 00 d8 f0 f4 4a 69 c3 c2 40 cd 00 00 00 cc 00 00 00 00
2026-09-18T14:29:07.3871426Z RX 43 4f 5a 03 52 45 01 09 00 00 00 00 04 00 05 0a 00 f3 8b 63 6c 11 01 00 00 00 2c 05 5c 00 f0 4f 24 00 00 00 00 00 00 00 00 00 00 00 00 7a 3d 00 00 00 00 00 00 00 00 39 5c 30 3a 2d ae 4d 3d 00 00 00 00 00 00 00 00 0d 69 cc 3e 45 66 38 be c8 4c 90 45 76 26 90 44 18 5a 15 46 a8 e1 47 3a 90 b4 c8 ba 45 b2 b5 39 00 81 95 40 10 33 00 00 6a 03 00 00 00 00 00 00 00 00 ff 0b 11 00 d8 f0 f4 4a 69 c3 c2 40 cd 00 00 00 cc 00 00 00 00
2026-09-18T14:29:07.4168005Z TX 43 4f 5a 03 52 45 01 0b 00 00 00 00 14 00 48 e1 7a 14 ae da c2 40 ce 00 00 00 cd 00 00 00 00
2026-09-18T14:29:07.4196274Z RX 43 4f 5a 03 52 45 01 09 00 00 00 00 04 00 05 5c 00 f0 6d 24 00 00 00 00 00 00 00 00 00 00 00 00 7a 3d 00 00 00 00 00 00 00 00 88 f8 2f 3a 77 84 4d 3d 00 00 00 00 00 00 00 00 0d 69 cc 3e 45 66 38 be fb ec 8f 45 e6 f3 8e 44 a6 6f 15 46 00 1d 19 b8 10 34 ae 39 ef 12 37 ba 00 81 95 40 10 33 00 00 6a 03 00 00 00 00 00 00 00 00 ff 0b 11 00 48 e1 7a 14 ae da c2 40 ce 00 00 00 cd 00 00 00 00
2026-09-18T14:29:07.4526652Z RX 43 4f 5a 03 52 45 01 09 00 00 00 00 04 00 05 5c 00 f0 8b 24 00 00 00 00 00 00 00 00 00 00 00 00 7a 3d 00 00 00 00 00 00 00 00 8d 46 29 3a 66 b5 4c 3d 00 00 00 00 00 00 00 00 0d 69 cc 3e 45 66 38 be a2 94 90 45 b3 53 8f 44 6a 80 15 46 c0 89 70 39 48 16 62 3a 20 19 b8 38 00 81 95 40 10 33 00 00 6a 03 00 00 00 00 00 00 00 00 ff
2026-09-18T14:29:07.4627315Z TX 43 4f 5a 03 52 45 01 0b 00 00 00 00 14 00 48 e1 7a 14 9e f1 c2 40 cf 00 00 00 ce 00 00 00 00
2026-09-18T14:29:07.4856982Z RX 43 4f 5a 03 52 45 01 09 00 00 00 00 04 00 05 5c 00 f0 a9 24 00 00 00 00 00 00 00 00 00 00 00 00 7a 3d 00 00 00 00 00 00 00 00 49 c4 2a 3a 66 dc 4c 3d 00 00 00 00 00 00 00 00 0d 69 cc 3e 45 66 38 be 9a 83 8f 45 b4 32 91 44 02 23 15 46 f0 c4 01 3a 6c db a5 ba ec ba b6 39 00 81 95 40 10 33 00 00 6a 03 00 00 00 00 00 00 00 00 ff 0b 11 00 48 e1 7a 14 9e f1 c2 40 cf 00 00 00 ce 00 00 00 00 05 5c 00 f0 c7 24 00 00 00 00 00 00 00 00 00 00 00 00 7a 3d 00 00 00 00 00 00 00 00 df 1b 2e 3a 90 96 4d 3d 00 00 00 00 00 00 00 00 0d 69 cc 3e 45 66 38 be 5c 56 90 45 94 cd 8e 44 3a 79 15 46 c0 c7 9f b9 f8 f8 1c 3a d0 8a b4 38 00 81 95 40 10 33 00 00 6a 03 00 00 00 00 00 00 00 00 ff
2026-09-18T14:29:07.5105389Z TX 43 4f 5a 03 52 45 01 0b 00 00 00 00 14 00 46 b6 f3 fd 6c 09 c3 40 d0 00 00 00 cf 00 00 00 00
2026-09-18T14:29:07.5186650Z RX 43 4f 5a 03 52 45 01 09 00 00 00 00 04 00 0b 11 00 46 b6 f3 fd 6c 09 c3 40 d0 00 00 00 cf 00 00 00 00 05 5c 00 f0 e5 24 00 00 00 00 00 00 00 00 00 00 00 00 7a 3d 00 00 00 00 00 00 00 00 6a df 2b 3a 7d f1 4c 3d 00 00 00 00 00 00 00 00 0d 69 cc 3e 45 66 38 be 31 e8 8f 45 9e 5a 8e 44 d2 1b 15 46 d8 44 90 ba e0 bd 54 b9 3a 3e 64 3a 00 e3 95 40 10 33 00 00 6a 03 00 00 00 00 00 00 00 00 ff
2026-09-18T14:29:07.5515128Z RX 43 4f 5a 03 52 45 01 09 00 00 00 00 04 00 05 5c 00 f0 03 25 00 00 00 00 00 00 00 00 00 00 00 00 7a 3d 00 00 00 00 00 00 00 00 b9 43 36 3a 48 8e 4d 3d 00 00 00 00 00 00 00 00 0d 69 cc 3e 45 66 38 be 34 43 90 45 75 47 8e 44 99 87 15 46 b0 5b 14 ba e0 7a 50 b9 4b e3 93 3a 00 81 95 40 10 33 00 00 6a 03 00 00 00 00 00 00 00 00 ff
2026-09-18T14:29:07.5572230Z TX 43 4f 5a 03 52 45 01 0b 00 00 00 00 14 00 cb a1 45 b6 db 20 c3 40 d1 00 00 00 d0 00 00 00 00
2026-09-18T14:29:07.5846954Z RX 43 4f 5a 03 52 45 01 09 00 00 00 00 04 00 0b 11 00 cb a1 45 b6 db 20 c3 40 d1 00 00 00 d0 00 00 00 00 05 5c 00 f0 21 25 00 00 00 00 00 00 00 00 00 00 00 00 7a 3d 00 00 00 00 00 00 00 00 81 23 3f 3a 7a 9c 4d 3d 00 00 00 00 00 00 00 00 0d 69 cc 3e 45 66 38 be 48 5d 8f 45 c8 4c 90 44 34 85 15 46 d0 a8 59 ba 40 7b d9 3a ac ff a7 38 00 e3 95 40 10 33 00 00 6a 03 00 00 00 00 00 00 00 00 ff
2026-09-18T14:29:07.6046848Z TX 43 4f 5a 03 52 45 01 0b 00 00 00 00 14 00 49 9d 80 26 9a 38 c3 40 d2 00 00 00 d1 00 00 00 00
2026-09-18T14:29:07.6175991Z RX 43 4f 5a 03 52 45 01 09 00 00 00 00 04 00 05 5c 00 f0 3f 25 00 00 00 00 00 00 00 00 00 00 00 00 7a 3d 00 00 00 00 00 00 00 00 3a 14 3f 3a 8c 2a 4d 3d 00 00 00 00 00 00 00 00 0d 69 cc 3e 45 66 38 be 9f 39 90 45 8a 40 8f 44 fb 2e 15 46 f0 93 03 3a 60 6f 57 b9 fb f1 e7 b9 00 81 95 40 10 33 00 00 6a 03 00 00 00 00 00 00 00 00 ff 0b 11 00 49 9d 80 26 9a 38 c3 40 d2 00 00 00 d1 00 00 00 00
2026-09-18T14:29:07.6507711Z TX 43 4f 5a 03 52 45 01 0b 00 00 00 00 14 00 85 eb 51 b8 a6 4f c3 40 d3 00 00 00 d2 00 00 00 00
2026-09-18T14:29:07.6509225Z RX 43 4f 5a 03 52 45 01 09 00 00 00 00 04 00 05 5c 00 f0 5d 25 00 00 00 00 00 00 00 00 00 00 00 00 7a 3d 00 00 00 00 00 00 00 00 5c e8 3d 3a 5e bb 4d 3d 00 00 00 00 00 00 00 00 0d 69 cc 3e 45 66 38 be 40 2b 90 45 a9 c6 8f 44 31 2a 15 46 60 a8 13 ba 8c 2e a6 ba c8 7f 3d b9 00 81 95 40 10 33 00 00 6a 03 00 00 00 00 00 00 00 00 ff
2026-09-18T14:29:07.6838175Z RX 43 4f 5a 03 52 45 01 09 00 00 00 00 04 00 0b 11 00 85 eb 51 b8 a6 4f c3 40 d3 00 00 00 d2 00 00 00 00 05 5c 00 f0 7b 25 00 00 00 00 00 00 00 00 00 00 00 00 7a 3d 00 00 00 00 00 00 00 00 b6 9f 3b 3a 4c 88 4d 3d 00 00 00 00 00 00 00 00 0d 69 cc 3e 45 66 38 be c2 96 8f 45 23 21 8e 44 fe 89 15 46 00 86 9a b9 70 dc 61 3a be a7 3c b9 00 81 95 40 10 33 00 00 6a 03 00 00 00 00 00 00 00 00 ff
2026-09-18T14:29:07.6974433Z TX 43 4f 5a 03 52 45 01 0b 00 00 00 00 14 00 7a 36 ab 3e ef 66 c3 40 d4 00 00 00 d3 00 00 00 00
2026-09-18T14:29:07.7168073Z RX 43 4f 5a 03 52 45 01 09 00 00 00 00 04 00 05 5c 00 f0 99 25 00 00 00 00 00 00 00 00 00 00 00 00 7a 3d 00 00 00 00 00 00 00 00 f0 6e 3d 3a 1c 89 4d 3d 00 00 00 00 00 00 00 00 0d 69 cc 3e 45 66 38 be ae 7c 90 45 18 b5 8c 44 47 61 15 46 20 f4 12 ba 80 2b 82 38 e1 37 1e 3a 00 81 95 40 10 33 00 00 6a 03 00 00 00 00 00 00 00 00 ff 0b 11 00 7a 36 ab 3e ef 66 c3 40 d4 00 00 00 d3 00 00 00 00
2026-09-18T14:29:07.7424672Z TX 43 4f 5a 03 52 45 01 0b 00 00 00 00 14 00 75 02 9a 08 73 7d c3 40 d5 00 00 00 d4 00 00 00 00
2026-09-18T14:29:07.7497992Z RX 43 4f 5a 03 52 45 01 09 00 00 00 00 04 00 05 5c 00 f0 b7 25 00 00 00 00 00 00 00 00 00 00 00 00 7a 3d 00 00 00 00 00 00 00 00 e8 3b 40 3a f3 20 4d 3d 00 00 00 00 00 00 00 00 0d 69 cc 3e 45 66 38 be 70 70 8f 45 f0 80 8e 44 1e 4e 15 46 00 54 e6 b7 c0 7a 93 3a a6 e1 1d 3a 00 81 95 40 10 33 00 00 6a 03 00 00 00 00 00 00 00 00 ff 0b 11 00 75 02 9a 08 73 7d c3 40 d5 00 00 00 d4 00 00 00 00
2026-09-18T14:29:07.7827839Z RX 43 4f 5a 03 52 45 01 09 00 00 00 00 04 00 05 5c 00 f0 d5 25 00 00 00 00 00 00 00 00 00 00 00 00 7a 3d 00 00 00 00 00 00 00 00 52 da 46 3a 64 74 4d 3d 00 00 00 00 00 00 00 00 0d 69 cc 3e 45 66 38 be 39 f9 90 45 8a 40 8f 44 34 85 15 46 00 f4 de b7 50 cb 1a 3a 92 45 1d 3a 00 81 95 40 10 33 00 00 6a 03 00 00 00 00 00 00 00 00 ff
2026-09-18T14:29:07.7891137Z TX 43 4f 5a 03 52 45 01 0b 00 00 00 00 14 00 c2 17 26 53 dd 94 c3 40 d6 00 00 00 d5 00 00 00 00
2026-09-18T14:29:07.8159406Z RX 43 4f 5a 03 52 45 01 09 00 00 00 00 04 00 05 5c 00 f0 f3 25 00 00 00 00 00 00 00 00 00 00 00 00 7a 3d 00 00 00 00 00 00 00 00 80 e8 44 3a c8 6e 4d 3d 00 00 00 00 00 00 00 00 0d 69 cc 3e 45 66 38 be 86 69 90 45 dd 45 91 44 cf 82 15 46 68 97 49 3a e0 32 5b b9 da fb 14 bb 00 81 95 40 10 33 00 00 6a 03 00 00 00 00 00 00 00 00 ff 0b 11 00 c2 17 26 53 dd 94 c3 40 d6 00 00 00 d5 00 00 00 00 05 5c 00 f0 11 26 00 00 00 00 00 00 00 00 00 00 00 00 7a 3d 00 00 00 00 00 00 00 00 4b 0b 3d 3a 02 7a 4d 3d 00 00 00 00 00 00 00 00 0d 69 cc 3e 45 66 38 be cf 7e 8f 45 6c 99 90 44 89 44 15 46 00 ca fc b7 00 a4 a9 39 8e d2 b5 3a 00 e3 95 40 10 33 00 00 6a 03 00 00 00 00 00 00 00 00 ff
2026-09-18T14:29:07.8354992Z TX 43 4f 5a 03 52 45 01 0b 00 00 00 00 14 00 21 1f f4 6c f6 ab c3 40 d7 00 00 00 d6 00 00 00 00
2026-09-18T14:29:07.8489916Z RX 43 4f 5a 03 52 45 01 09 00 00 00 00 04 00 0b 11 00 21 1f f4 6c f6 ab c3 40 d7 00 00 00 d6 00 00 00 00 05 5c 00 f0 2f 26 00 00 00 00 00 00 00 00 00 00 00 00 7a 3d 00 00 00 00 00 00 00 00 23 f4 4c 3a 2e 01 4d 3d 00 00 00 00 00 00 00 00 0d 69 cc 3e 45 66 38 be 70 70 8f 45 76 26 90 44 ee 46 15 46 00 0a fc b7 60 08 1a 3a 41 33 61 3a 00 e3 95 40 10 33 00 00 6a 03 00 00 00 00 00 00 00 00 ff
2026-09-18T14:29:07.8819323Z RX 43 4f 5a 03 52 45 01 09 00 00 00 00 04 00 05 5c 00 f0 4d 26 00 00 00 00 00 00 00 00 00 00 00 00 7a 3d 00 00 00 00 00 00 00 00 f2 55 4e 3a 9b e9 4c 3d 00 00 00 00 00 00 00 00 0d 69 cc 3e 45 66 38 be ee 04 90 45 dc 66 8f 44 3d d4 15 46 00 f0 f7 b7 90 a1 42 ba 0d d6 9c 38 00 81 95 40 10 33 00 00 6a 03 00 00 00 00 00 00 00 00 ff
2026-09-18T14:29:07.8823139Z TX 43 4f 5a 03 52 45 01 0b 00 00 00 00 14 00 91 ed 7c 3f 5d c3 c3 40 d8 00 00 00 d7 00 00 00 00
2026-09-18T14:29:07.9160028Z RX 43 4f 5a 03 52 45 01 09 00 00 00 00 04 00 0b 11 00 91 ed 7c 3f 5d c3 c3 40 d8 00 00 00 d7 00 00 00 00 05 5c 00 f0 6b 26 00 00 00 00 00 00 00 00 00 00 00 00 7a 3d 00 00 00 00 00 00 00 00 96 92 51 3a 73 9a 4c 3d 00 00 00 00 00 00 00 00 0d 69 cc 3e 45 66 38 be 31 e8 8f 45 05 7a 8f 44 8f fa 15 46 00 86 77 39 10 01 60 3a e9 97 af 39 00 e3 95 40 10 33 00 00 6a 03 00 00 00 00 00 00 00 00 ff
2026-09-18T14:29:07.9289835Z TX 43 4f 5a 03 52 45 01 0b 00 00 00 00 14 00 43 1c eb e2 b6 da c3 40 d9 00 00 00 d8 00 00 00 00
2026-09-18T14:29:07.9481789Z RX 43 4f 5a 03 52 45 01 09 00 00 00 00 04 00 0b 11 00 43 1c eb e2 b6 da c3 40 d9 00 00 00 d8 00 00 00 00 05 5c 00 f0 89 26 00 00 00 00 00 00 00 00 00 00 00 00 7a 3d 00 00 00 00 00 00 00 00 64 50 53 3a de 0a 4d 3d 00 00 00 00 00 00 00 00 0d 69 cc 3e 45 66 38 be e7 d2 90 45 8b 1f 91 44 cf 82 15 46 60 85 9b b9 e0 85 a8 39 56 5f 45 b9 00 81 95 40 10 33 00 00 6a 03 00 00 00 00 00 00 00 00 ff
2026-09-18T14:29:07.9747115Z TX 43 4f 5a 03 52 45 01 0b 00 00 00 00 14 00 db f9 7e 6a 8c f1 c3 40 da 00 00 00 d9 00 00 00 00
2026-09-18T14:29:07.9810458Z RX 43 4f 5a 03 52 45 01 09 00 00 00 00 04 00 05 5c 00 f0 a7 26 00 00 00 00 00 00 00 00 00 00 00 00 7a 3d 00 00 00 00 00 00 00 00 39 4f 54 3a 5b 92 4c 3d 00 00 00 00 00 00 00 00 0d 69 cc 3e 45 66 38 be 76 26 90 45 db 87 8d 44 4a bc 15 46 68 4b 8f ba a0 9e 5e b9 1e bd 45 b9 00 81 95 40 10 33 00 00 6a 03 00 00 00 00 00 00 00 00 ff 0b 11 00 db f9 7e 6a 8c f1 c3 40 da 00 00 00 d9 00 00 00 00
2026-09-18T14:29:08.0140729Z RX 43 4f 5a 03 52 45 01 09 00 00 00 00 04 00 05 5c 00 f0 c5 26 00 00 00 00 00 00 00 00 00 00 00 00 7a 3d 00 00 00 00 00 00 00 00 cd 96 51 3a a9 ff 4c 3d 00 00 00 00 00 00 00 00 0d 69 cc 3e 45 66 38 be ee 04 90 45 b3 53 8f 44 5a 3d 15 46 40 9e 99 b9 a8 6b 42 ba 3f 73 9a 38 00 e3 95 40 10 33 00 00 6a 03 00 00 00 00 00 00 00 00 ff
2026-09-18T14:29:08.0205502Z TX 43 4f 5a 03 52 45 01 0b 00 00 00 00 14 00 d2 00 de 02 71 08 c4 40 db 00 00 00 da 00 00 00 00
2026-09-18T14:29:08.0471759Z RX 43 4f 5a 03 52 45 01 09 00 00 00 00 04 00 0b 11 00 d2 00 de 02 71 08 c4 40 db 00 00 00 da 00 00 00 00 05 5c 00 f0 e3 26 00 00 00 00 00 00 00 00 00 00 00 00 7a 3d 00 00 00 00 00 00 00 00 74 88 4b 3a c0 51 4d 3d 00 00 00 00 00 00 00 00 0d 69 cc 3e 45 66 38 be 0a 30 90 45 38 1a 8f 44 90 38 15 46 00 05 99 b9 a0 48 fb 3a c3 3a ea b9 00 81 95 40 10 33 00 00 6a 03 00 00 00 00 00 00 00 00 ff 05 0a 00 f3 ec 8e 1a 24 02 00 00 00 4d
2026-09-18T14:29:08.0667481Z TX 43 4f 5a 03 52 45 01 0b 00 00 00 00 14 00 86 5a d3 bc 8b 1f c4 40 dc 00 00 00 db 00 00 00 00
2026-09-18T14:29:08.0801858Z RX 43 4f 5a 03 52 45 01 09 00 00 00 00 04 00 05 5c 00 f0 01 27 00 00 00 00 00 00 00 00 00 00 00 00 7a 3d 00 00 00 00 00 00 00 00 52 96 4a 3a ba bc 4c 3d 00 00 00 00 00 00 00 00 0d 69 cc 3e 45 66 38 be 2b 32 8f 45 60 4e 8d 44 c6 33 15 46 c0 64 04 3a 20 2c a6 39 7e 9e 9f 38 00 81 95 40 10 33 00 00 6a 03 00 00 00 00 00 00 00 00 ff 0b 11 00 86 5a d3 bc 8b 1f c4 40 dc 00 00 00 db 00 00 00 00
2026-09-18T14:29:08.1132999Z RX 43 4f 5a 03 52 45 01 09 00 00 00 00 04 00 05 5c 00 f0 1f 27 00 00 00 00 00 00 00 00 00 00 00 00 7a 3d 00 00 00 00 00 00 00 00 fb b8 4c 3a 15 31 4c 3d 00 00 00 00 00 00 00 00 0d 69 cc 3e 45 66 38 be 27 5b 90 45 10 e6 90 44 d5 76 15 46 a0 b5 99 b9 68 71 18 3a 80 db 92 3a 00 81 95 40 10 33 00 00 6a 03 00 00 00 00 00 00 00 00 ff 05 5c 00 f0 3d 27 00 00 00 00 00 00 00 00 00 00 00 00 7a 3d 00 00 00 00 00 00 00 00 bd 2f 52 3a 91 53 4d 3d 00 00 00 00 00 00 00 00 0d 69 cc 3e 45 66 38 be 1a 73 90 45 7f d4 8d 44 04 7e 15 46 00 4a e7 b7 80 14 4e 38 c6 73 eb b9 00 81 95 40 10 33 00 00 6a 03 00 00 00 00 00 00 00 00 ff
2026-09-18T14:29:08.1137783Z TX 43 4f 5a 03 52 45 01 0b 00 00 00 00 14 00 36 ab 3e 57 1b 37 c4 40 dd 00 00 00 dc 00 00 00 00
2026-09-18T14:29:08.1459775Z RX 43 4f 5a 03 52 45 01 09 00 00 00 00 04 00 0b 11 00 36 ab 3e 57 1b 37 c4 40 dd 00 00 00 dc 00 00 00 00 05 5c 00 f0 5b 27 00 00 00 00 00 00 00 00 00 00 00 00 7a 3d 00 00 00 00 00 00 00 00 95 12 52 3a ff bb 4d 3d 00 00 00 00 00 00 00 00 0d 69 cc 3e 45 66 38 be 2a b6 90 45 95 ac 90 44 ee 46 15 46 f0 36 04 3a 60 16 fd b9 d5 1c 9a 38 00 81 95 40 10 33 00 00 6a 03 00 00 00 00 00 00 00 00 ff
2026-09-18T14:29:08.1604668Z TX 43 4f 5a 03 52 45 01 0b 00 00 00 00 14 00 eb 73 b5 15 6b 4e c4 40 de 00 00 00 dd 00 00 00 00
2026-09-18T14:29:08.1791804Z RX 43 4f 5a 03 52 45 01 09 00 00 00 00 04 00 0b 11 00 eb 73 b5 15 6b 4e c4 40 de 00 00 00 dd 00 00 00 00 05 5c 00 f0 79 27 00 00 00 00 00 00 00 00 00 00 00 00 7a 3d 00 00 00 00 00 00 00 00 a9 f4 51 3a a9 14 4e 3d 00 00 00 00 00 00 00 00 0d 69 cc 3e 45 66 38 be 92 51 90 45 37 3b 8d 44 6a 80 15 46 00 f0 ef b7 d8 5c 18 3a 2b 96 a1 ba 00 81 95 40 10 33 00 00 6a 03 00 00 00 00 00 00 00 00 ff
2026-09-18T14:29:08.2070089Z TX 43 4f 5a 03 52 45 01 0b 00 00 00 00 14 00 97 90 0f 7a ae 65 c4 40 df 00 00 00 de 00 00 00 00
2026-09-18T14:29:08.2122241Z RX 43 4f 5a 03 52 45 01 09 00 00 00 00 04 00 05 5c 00 f0 97 27 00 00 00 00 00 00 00 00 00 00 00 00 7a 3d 00 00 00 00 00 00 00 00 d8 fd 42 3a 58 23 4e 3d 00 00 00 00 00 00 00 00 0d 69 cc 3e 45 66 38 be d2 d9 8f 45 d2 d9 8f 44 15 ff 14 46 40 9e 12 ba 00 8d 45 38 6c a6 e8 b9 00 81 95 40 10 33 00 00 6a 03 00 00 00 00 00 00 00 00 ff 0b 11 00 97 90 0f 7a ae 65 c4 40 df 00 00 00 de 00 00 00 00
2026-09-18T14:29:08.2451095Z RX 43 4f 5a 03 52 45 01 09 00 00 00 00 04 00 05 5c 00 f0 b5 27 00 00 00 00 00 00 00 00 00 00 00 00 7a 3d 00 00 00 00 00 00 00 00 5a eb 42 3a 1d 75 4d 3d 00 00 00 00 00 00 00 00 0d 69 cc 3e 45 66 38 be 3e d0 8f 45 05 7a 8f 44 40 6d 15 46 18 f4 49 3a 70 3a 44 ba 72 23 c3 ba 00 e3 95 40 10 33 00 00 6a 03 00 00 00 00 00 00 00 00 ff
2026-09-18T14:29:08.2534618Z TX 43 4f 5a 03 52 45 01 0b 00 00 00 00 14 00 35 5e ba 49 ec 7c c4 40 e0 00 00 00 df 00 00 00 00
2026-09-18T14:29:08.2780482Z RX 43 4f 5a 03 52 45 01 09 00 00 00 00 04 00 0b 11 00 35 5e ba 49 ec 7c c4 40 e0 00 00 00 df 00 00 00 00 05 5c 00 f0 d3 27 00 00 00 00 00 00 00 00 00 00 00 00 7a 3d 00 00 00 00 00 00 00 00 22 ea 3c 3a 10 6b 4d 3d 00 00 00 00 00 00 00 00 0d 69 cc 3e 45 66 38 be 76 26 90 45 0f 07 8f 44 cc 27 15 46 00 f1 99 b9 a0 b0 62 b9 9c b7 a9 38 00 81 95 40 10 33 00 00 6a 03 00 00 00 00 00 00 00 00 ff
2026-09-18T14:29:08.3000970Z TX 43 4f 5a 03 52 45 01 0b 00 00 00 00 14 00 6a bc 74 93 20 94 c4 40 e1 00 00 00 e0 00 00 00 00
2026-09-18T14:29:08.3122357Z RX 43 4f 5a 03 52 45 01 09 00 00 00 00 04 00 05 5c 00 f0 f1 27 00 00 00 00 00 00 00 00 00 00 00 00 7a 3d 00 00 00 00 00 00 00 00 01 85 39 3a 6e 9b 4d 3d 00 00 00 00 00 00 00 00 0d 69 cc 3e 45 66 38 be 3e d0 8f 45 39 f9 90 44 70 74 15 46 60 d5 12 ba d0 52 a6 39 c9 d8 3b b9 00 81 95 40 10 33 00 00 6a 03 00 00 00 00 00 00 00 00 ff 0b 11 00 6a bc 74 93 20 94 c4 40 e1 00 00 00 e0 00 00 00 00
2026-09-18T14:29:08.3439678Z RX 43 4f 5a 03 52 45 01 09 00 00 00 00 04 00 05 5c 00 f0 0f 28 00 00 00 00 00 00 00 00 00 00 00 00 7a 3d 00 00 00 00 00 00 00 00 b8 f6 3a 3a 67 60 4d 3d 00 00 00 00 00 00 00 00 0d 69 cc 3e 45 66 38 be 0a 30 90 45 6a db 8c 44 7d 5c 15 46 60 e1 98 b9 30 7a a5 39 05 60 1e 3a 00 81 95 40 10 33 00 00 6a 03 00 00 00 00 00 00 00 00 ff
2026-09-18T14:29:08.3470198Z TX 43 4f 5a 03 52 45 01 0b 00 00 00 00 14 00 5f 29 cb 10 b7 ab c4 40 e2 00 00 00 e1 00 00 00 00
2026-09-18T14:29:08.3776148Z RX 43 4f 5a 03 52 45 01 09 00 00 00 00 04 00 0b 11 00 5f 29 cb 10 b7 ab c4 40 e2 00 00 00 e1 00 00 00 00 05 5c 00 f0 2d 28 00 00 00 00 00 00 00 00 00 00 00 00 7a 3d 00 00 00 00 00 00 00 00 5d 7c 40 3a 09 da 4c 3d 00 00 00 00 00 00 00 00 0d 69 cc 3e 45 66 38 be ec a9 8f 45 61 2d 8f 44 b5 b2 15 46 30 d1 11 ba e0 aa 5d 3a e8 aa b5 3a 00 81 95 40 10 33 00 00 6a 03 00 00 00 00 00 00 00 00 ff 05 0a 00 f3 8b 63 6c 11 01 00 00 00 2c
2026-09-18T14:29:08.3926596Z TX 43 4f 5a 03 52 45 01 0b 00 00 00 00 14 00 73 68 91 ed 8c c2 c4 40 e3 00 00 00 e2 00 00 00 00
2026-09-18T14:29:08.4099163Z RX 43 4f 5a 03 52 45 01 09 00 00 00 00 04 00 05 5c 00 f0 4b 28 00 00 00 00 00 00 00 00 00 00 00 00 7a 3d 00 00 00 00 00 00 00 00 f6 1a 48 3a e7 25 4d 3d 00 00 00 00 00 00 00 00 0d 69 cc 3e 45 66 38 be f4 ba 90 45 8b 1f 91 44 3a 79 15 46 80 51 05 3a f0 0a 45 ba 41 7b a1 38 00 81 95 40 10 33 00 00 6a 03 00 00 00 00 00 00 00 00 ff 0b 11 00 73 68 91 ed 8c c2 c4 40 e3 00 00 00 e2 00 00 00 00
2026-09-18T14:29:08.4386095Z TX 43 4f 5a 03 52 45 01 0b 00 00 00 00 14 00 db f9 7e 6a 74 d9 c4 40 e4 00 00 00 e3 00 00 00 00
2026-09-18T14:29:08.4434039Z RX 43 4f 5a 03 52 45 01 09 00 00 00 00 04 00 05 5c 00 f0 69 28 00 00 00 00 00 00 00 00 00 00 00 00 7a 3d 00 00 00 00 00 00 00 00 b1 46 47 3a 0d 03 4d 3d 00 00 00 00 00 00 00 00 0d 69 cc 3e 45 66 38 be 0a 30 90 45 61 2d 8f 44 fe 89 15 46 d0 fe 87 3a 00 6a fd b9 45 e9 40 b9 00 81 95 40 10 33 00 00 6a 03 00 00 00 00 00 00 00 00 ff 0b 11 00 db f9 7e 6a 74 d9 c4 40 e4 00 00 00 e3 00 00 00 00 05 5c 00 f0 87 28 00 00 00 00 00 00 00 00 00 00 00 00 7a 3d 00 00 00 00 00 00 00 00 7b 1b 43 3a 17 98 4c 3d 00 00 00 00 00 00 00 00 0d 69 cc 3e 45 66 38 be fb ec 8f 45 04 9b 8d 44 c8 8e 15 46 50 7e 12 ba f0 4d 18 3a 7a d2 38 ba 00 81 95 40 10 33 00 00 6a 03 00 00 00 00 00 00 00 00 ff
2026-09-18T14:29:08.4762257Z RX 43 4f 5a 03 52 45 01 09 00 00 00 00 04 00 05 5c 00 f0 a5 28 00 00 00 00 00 00 00 00 00 00 00 00 7a 3d 00 00 00 00 00 00 00 00 66 3d 48 3a 23 69 4c 3d 00 00 00 00 00 00 00 00 0d 69 cc 3e 45 66 38 be 70 70 8f 45 57 a0 8f 44 b0 fc 14 46 80 0c 7b 39 50 d8 fd b9 01 cd f9 3a 00 81 95 40 10 33 00 00 6a 03 00 00 00 00 00 00 00 00 ff
2026-09-18T14:29:08.4839106Z TX 43 4f 5a 03 52 45 01 0b 00 00 00 00 14 00 8b 6c e7 fb 29 f0 c4 40 e5 00 00 00 e4 00 00 00 00
2026-09-18T14:29:08.5102584Z RX 43 4f 5a 03 52 45 01 09 00 00 00 00 04 00 0b 11 00 8b 6c e7 fb 29 f0 c4 40 e5 00 00 00 e4 00 00 00 00 05 5c 00 f0 c3 28 00 00 00 00 00 00 00 00 00 00 00 00 7a 3d 00 00 00 00 00 00 00 00 98 af 50 3a 5a 12 4d 3d 00 00 00 00 00 00 00 00 0d 69 cc 3e 45 66 38 be 27 5b 90 45 a6 29 8a 44 e6 35 14 46 e0 f8 99 b9 a0 e2 63 b9 92 c5 af 39 00 81 95 40 10 33 00 00 6a 03 00 00 00 00 00 00 00 00 ff
2026-09-18T14:29:08.5309350Z TX 43 4f 5a 03 52 45 01 0b 00 00 00 00 14 00 5a 64 3b df af 07 c5 40 e6 00 00 00 e5 00 00 00 00
2026-09-18T14:29:08.5420844Z RX 43 4f 5a 03 52 45 01 09 00 00 00 00 04 00 05 5c 00 f0 e1 28 00 00 00 00 00 00 00 00 00 00 00 00 7a 3d 00 00 00 00 00 00 00 00 0f 5f 58 3a cc 26 4d 3d 00 00 00 00 00 00 00 00 0d 69 cc 3e 45 66 38 be 2b 32 8f 45 89 61 8d 44 9f 7b 15 46 e8 03 4a 3a 28 7e fa 3a e9 aa 1b 3a 00 81 95 40 10 33 00 00 6a 03 00 00 00 00 00 00 00 00 ff 0b 11 00 5a 64 3b df af 07 c5 40 e6 00 00 00 e5 00 00 00 00
2026-09-18T14:29:08.5749111Z RX 43 4f 5a 03 52 45 01 09 00 00 00 00 04 00 05 5c 00 f0 ff 28 00 00 00 00 00 00 00 00 00 00 00 00 7a 3d 00 00 00 00 00 00 00 00 4f 60 56 3a 00 49 4c 3d 00 00 00 00 00 00 00 00 0d 69 cc 3e 45 66 38 be 0a 30 90 45 40 e9 8a 44 6f 36 16 46 00 c5 79 39 70 3d a8 ba a7 98 3a ba 00 81 95 40 10 33 00 00 6a 03 00 00 00 00 00 00 00 00 ff
2026-09-18T14:29:08.5770856Z TX 43 4f 5a 03 52 45 01 0b 00 00 00 00 14 00 ef 38 45 47 c2 1e c5 40 e7 00 00 00 e6 00 00 00 00
2026-09-18T14:29:08.6081290Z RX 43 4f 5a 03 52 45 01 09 00 00 00 00 04 00 0b 11 00 ef 38 45 47 c2 1e c5 40 e7 00 00 00 e6 00 00 00 00 05 5c 00 f0 1d 29 00 00 00 00 00 00 00 00 00 00 00 00 7a 3d 00 00 00 00 00 00 00 00 59 1b 58 3a 44 aa 4c 3d 00 00 00 00 00 00 00 00 0d 69 cc 3e 45 66 38 be 17 18 90 45 46 23 96 44 ab 25 16 46 c0 3c 58 ba 60 82 a5 39 fb 67 ae 39 00 81 95 40 10 33 00 00 6a 03 00 00 00 00 00 00 00 00 ff
2026-09-18T14:29:08.6240409Z TX 43 4f 5a 03 52 45 01 0b 00 00 00 00 14 00 9f 3c 2c d4 4a 36 c5 40 e8 00 00 00 e7 00 00 00 00
2026-09-18T14:29:08.6410639Z RX 43 4f 5a 03 52 45 01 09 00 00 00 00 04 00 05 5c 00 f0 3b 29 00 00 00 00 00 00 00 00 00 00 00 00 7a 3d 00 00 00 00 00 00 00 00 12 33 5a 3a 20 f2 4b 3d 00 00 00 00 00 00 00 00 0d 69 cc 3e 45 66 38 be 90 f6 8f 45 49 97 88 44 dc a8 14 46 40 85 57 ba c0 94 66 b9 39 2b 94 38 00 e3 95 40 10 33 00 00 6a 03 00 00 00 00 00 00 00 00 ff 0b 11 00 9f 3c 2c d4 4a 36 c5 40 e8 00 00 00 e7 00 00 00 00
2026-09-18T14:29:08.6712452Z TX 43 4f 5a 03 52 45 01 0b 00 00 00 00 14 00 ec c0 39 23 d2 4d c5 40 e9 00 00 00 e8 00 00 00 00
2026-09-18T14:29:08.6751553Z RX 43 4f 5a 03 52 45 01 09 00 00 00 00 04 00 05 5c 00 f0 59 29 00 00 00 00 00 00 00 00 00 00 00 00 7a 3d 00 00 00 00 00 00 00 00 5c cd 5a 3a 9f 6c 4e 3d 00 00 00 00 00 00 00 00 0d 69 cc 3e 45 66 38 be 20 29 91 45 67 3e 87 44 47 61 15 46 a0 f4 97 b9 bc e1 07 bb 8c e9 ad 39 00 e3 95 40 10 33 00 00 6a 03 00 00 00 00 00 00 00 00 ff 0b 11 00 ec c0 39 23 d2 4d c5 40 e9 00 00 00 e8 00 00 00 00
2026-09-18T14:29:08.7071342Z RX 43 4f 5a 03 52 45 01 09 00 00 00 00 04 00 05 5c 00 f0 77 29 00 00 00 00 00 00 00 00 00 00 00 00 7a 3d 00 00 00 00 00 00 00 00 22 a8 5a 3a 8b bc 4c 3d 00 00 00 00 00 00 00 00 0d 69 cc 3e 45 66 38 be a1 b5 8e 45 5c fb 98 44 7a 01 15 46 00 b8 bb b7 da ed 65 3b ed fb a1 ba 00 e3 95 40 10 33 00 00 6a 03 00 00 00 00 00 00 00 00 ff
2026-09-18T14:29:08.7176499Z TX 43 4f 5a 03 52 45 01 0b 00 00 00 00 14 00 dd 24 06 81 1d 65 c5 40 ea 00 00 00 e9 00 00 00 00
2026-09-18T14:29:08.7402273Z RX 43 4f 5a 03 52 45 01 09 00 00 00 00 04 00 05 5c 00 f0 95 29 00 00 00 00 00 00 00 00 00 00 00 00 7a 3d 00 00 00 00 00 00 00 00 aa bb 53 3a 47 38 4c 3d 00 00 00 00 00 00 00 00 0d 69 cc 3e 45 66 38 be f1 5f 90 45 66 88 98 44 f0 63 16 46 b8 1a 4b 3a 1c da ed ba 0f 7c 45 b9 00 81 95 40 10 33 00 00 6a 03 00 00 00 00 00 00 00 00 ff 0b 11 00 dd 24 06 81 1d 65 c5 40 ea 00 00 00 e9 00 00 00 00 05 5c 00 f0 b3 29 00 00 00 00 00 00 00 00 00 00 00 00 7a 3d 00 00 00 00 00 00 00 00 1b fc 53 3a 6a 30 4d 3d 00 00 00 00 00 00 00 00 0d 69 cc 3e 45 66 38 be ec 88 91 45 6a db 8c 44 2c 53 16 46 80 ab 7e 39 44 72 a7 ba 30 13 1c 3a 00 81 95 40 10 33 00 00 6a 03 00 00 00 00 00 00 00 00 ff
2026-09-18T14:29:08.7648260Z TX 43 4f 5a 03 52 45 01 0b 00 00 00 00 14 00 e5 f2 1f d2 8f 7c c5 40 eb 00 00 00 ea 00 00 00 00
2026-09-18T14:29:08.7731173Z RX 43 4f 5a 03 52 45 01 09 00 00 00 00 04 00 0b 11 00 e5 f2 1f d2 8f 7c c5 40 eb 00 00 00 ea 00 00 00 00 05 5c 00 f0 d1 29 00 00 00 00 00 00 00 00 00 00 00 00 7a 3d 00 00 00 00 00 00 00 00 94 ea 5a 3a 25 dc 4d 3d 00 00 00 00 00 00 00 00 0d 69 cc 3e 45 66 38 be d5 34 90 45 bd e0 8e 44 4d 55 15 46 80 bf 97 b9 c0 0c fb b9 c3 e4 ad 39 00 e3 95 40 10 33 00 00 6a 03 00 00 00 00 00 00 00 00 ff
2026-09-18T14:29:08.8060755Z RX 43 4f 5a 03 52 45 01 09 00 00 00 00 04 00 05 5c 00 f0 ef 29 00 00 00 00 00 00 00 00 00 00 00 00 7a 3d 00 00 00 00 00 00 00 00 6e ea 58 3a 1e f9 4c 3d 00 00 00 00 00 00 00 00 0d 69 cc 3e 45 66 38 be 4d 13 90 45 3a d8 92 44 42 8a 16 46 a8 28 4b 3a e8 da 5f 3a de 63 47 b9 00 81 95 40 10 33 00 00 6a 03 00 00 00 00 00 00 00 00 ff
2026-09-18T14:29:08.8121857Z TX 43 4f 5a 03 52 45 01 0b 00 00 00 00 14 00 fe d4 78 e9 3e 94 c5 40 ec 00 00 00 eb 00 00 00 00
2026-09-18T14:29:08.8390132Z RX 43 4f 5a 03 52 45 01 09 00 00 00 00 04 00 0b 11 00 fe d4 78 e9 3e 94 c5 40 ec 00 00 00 eb 00 00 00 00 05 5c 00 f0 0d 2a 00 00 00 00 00 00 00 00 00 00 00 00 7a 3d 00 00 00 00 00 00 00 00 40 85 59 3a 40 9f 4d 3d 00 00 00 00 00 00 00 00 0d 69 cc 3e 45 66 38 be c6 d0 91 45 4c 34 8e 44 22 c6 16 46 90 6e 05 3a 0c 5a 19 bb 3d ee a1 ba 00 81 95 40 10 33 00 00 6a 03 00 00 00 00 00 00 00 00 ff
2026-09-18T14:29:08.8588002Z TX 43 4f 5a 03 52 45 01 0b 00 00 00 00 14 00 d5 e7 6a 2b ae ab c5 40 ed 00 00 00 ec 00 00 00 00
2026-09-18T14:29:08.8718384Z RX 43 4f 5a 03 52 45 01 09 00 00 00 00 04 00 05 5c 00 f0 2b 2a 00 00 00 00 00 00 00 00 00 00 00 00 7a 3d 00 00 00 00 00 00 00 00 f1 54 52 3a f6 9d 4d 3d 00 00 00 00 00 00 00 00 0d 69 cc 3e 45 66 38 be c1 1a 91 45 0d 72 9e 44 d3 fa 16 46 50 ed 04 3a 70 89 d8 3a 5e 75 eb b9 00 81 95 40 10 33 00 00 6a 03 00 00 00 00 00 00 00 00 ff 0b 11 00 d5 e7 6a 2b ae ab c5 40 ed 00 00 00 ec 00 00 00 00
2026-09-18T14:29:08.9048907Z RX 43 4f 5a 03 52 45 01 09 00 00 00 00 04 00 05 0a 00 f3 bc bc 58 de 02 00 00 00 45 05 5c 00 f0 49 2a 00 00 00 00 00 00 00 00 00 00 00 00 7a 3d 00 00 00 00 00 00 00 00 b5 d8 51 3a 0d 35 4d 3d 00 00 00 00 00 00 00 00 0d 69 cc 3e 45 66 38 be 76 26 90 45 d4 97 93 44 de c5 15 46 a8 72 4a 3a 60 28 84 ba 50 46 1c 3a 00 81 95 40 10 33 00 00 6a 03 00 00 00 00 00 00 00 00 ff
2026-09-18T14:29:08.9052747Z TX 43 4f 5a 03 52 45 01 0b 00 00 00 00 14 00 0f 0b b5 a6 f1 c2 c5 40 ee 00 00 00 ed 00 00 00 00
2026-09-18T14:29:08.9378891Z RX 43 4f 5a 03 52 45 01 09 00 00 00 00 04 00 0b 11 00 0f 0b b5 a6 f1 c2 c5 40 ee 00 00 00 ed 00 00 00 00 05 5c 00 f0 67 2a 00 00 00 00 00 00 00 00 00 00 00 00 7a 3d 00 00 00 00 00 00 00 00 bb 0a 58 3a 49 98 4d 3d 00 00 00 00 00 00 00 00 0d 69 cc 3e 45 66 38 be 08 d5 8f 45 48 ae 79 44 3e 12 15 46 00 20 de b7 c8 67 42 ba 2d b4 1b 3a 00 81 95 40 10 33 00 00 6a 03 00 00 00 00 00 00 00 00 ff
2026-09-18T14:29:08.9515883Z TX 43 4f 5a 03 52 45 01 0b 00 00 00 00 14 00 a4 df be 0e 0c da c5 40 ef 00 00 00 ee 00 00 00 00
2026-09-18T14:29:08.9710373Z RX 43 4f 5a 03 52 45 01 09 00 00 00 00 04 00 05 5c 00 f0 85 2a 00 00 00 00 00 00 00 00 00 00 00 00 7a 3d 00 00 00 00 00 00 00 00 61 9e 5b 3a 7f d5 4f 3d 00 00 00 00 00 00 00 00 0d 69 cc 3e 45 66 38 be 95 ac 90 45 bb 22 8b 44 38 5c 14 46 00 04 d9 b7 80 8d f6 b9 bc 60 48 b9 00 81 95 40 10 33 00 00 6a 03 00 00 00 00 00 00 00 00 ff 0b 11 00 a4 df be 0e 0c da c5 40 ef 00 00 00 ee 00 00 00 00
2026-09-18T14:29:08.9988643Z TX 43 4f 5a 03 52 45 01 0b 00 00 00 00 14 00 35 ef 38 45 b7 f1 c5 40 f0 00 00 00 ef 00 00 00 00
2026-09-18T14:29:09.0048984Z RX 43 4f 5a 03 52 45 01 09 00 00 00 00 04 00 05 5c 00 f0 a3 2a 00 00 00 00 00 00 00 00 00 00 00 00 7a 3d 00 00 00 00 00 00 00 00 ef 0c 61 3a d1 3b 4d 3d 00 00 00 00 00 00 00 00 0d 69 cc 3e 45 66 38 be cc 44 8d 45 4b 55 8c 44 b7 2e 14 46 30 90 f7 ba b7 e4 9e 3b a2 96 0d 3b 00 81 95 40 10 33 00 00 6a 03 00 00 00 00 00 00 00 00 ff 0b 11 00 35 ef 38 45 b7 f1 c5 40 f0 00 00 00 ef 00 00 00 00
2026-09-18T14:29:09.0369888Z RX 43 4f 5a 03 52 45 01 09 00 00 00 00 04 00 05 5c 00 f0 c1 2a 00 00 00 00 00 00 00 00 00 00 00 00 7a 3d 00 00 00 00 00 00 00 00 33 92 6a 3a 58 ae 4b 3d 00 00 00 00 00 00 00 00 0d 69 cc 3e 45 66 38 be e2 1c 90 45 c4 f9 9b 44 6e f8 16 46 00 28 dd b7 c0 7f 41 ba dc 15 ed b9 00 81 95 40 10 33 00 00 6a 03 00 00 00 00 00 00 00 00 ff 05 0a 00 f3 ec 8e 1a 24 02 00 00 00 4d 05 5c 00 f0 df 2a 00 00 00 00 00 00 00 00 00 00 00 00 7a 3d 00 00 00 00 00 00 00 00 9d fb 66 3a 58 d5 4a 3d 00 00 00 00 00 00 00 00 0d 69 cc 3e 45 66 38 be 55 24 91 45 23 4a a1 44 c0 1e 17 46 d8 b0 d4 ba 00 82 f7 b9 83 01 a2 ba 00 81 95 40 10 33 00 00 6a 03 00 00 00 00 00 00 00 00 ff
2026-09-18T14:29:09.0458534Z TX 43 4f 5a 03 52 45 01 0b 00 00 00 00 14 00 12 83 c0 ca 39 09 c6 40 f1 00 00 00 f0 00 00 00 00
2026-09-18T14:29:09.0700017Z RX 43 4f 5a 03 52 45 01 09 00 00 00 00 04 00 0b 11 00 12 83 c0 ca 39 09 c6 40 f1 00 00 00 f0 00 00 00 00 05 5c 00 f0 fd 2a 00 00 00 00 00 00 00 00 00 00 00 00 7a 3d 00 00 00 00 00 00 00 00 c1 d4 59 3a 73 a7 4d 3d 00 00 00 00 00 00 00 00 0d 69 cc 3e 45 66 38 be ce e1 92 45 fd d3 a6 44 f2 df 14 46 70 25 58 ba 20 1d b5 bb dc 7e e6 ba 00 81 95 40 10 33 00 00 6a 03 00 00 00 00 00 00 00 00 ff
2026-09-18T14:29:09.0921988Z TX 43 4f 5a 03 52 45 01 0b 00 00 00 00 14 00 c0 ec 9e 3c 4c 20 c6 40 f2 00 00 00 f1 00 00 00 00
2026-09-18T14:29:09.1030565Z RX 43 4f 5a 03 52 45 01 09 00 00 00 00 04 00 0b 11 00 c0 ec 9e 3c 4c 20 c6 40 f2 00 00 00 f1 00 00 00 00 05 5c 00 f0 1b 2b 00 00 00 00 00 00 00 00 00 00 00 00 7a 3d 00 00 00 00 00 00 00 00 f2 47 4f 3a f7 9b 4f 3d 00 00 00 00 00 00 00 00 0d 69 cc 3e 45 66 38 be f6 36 8f 45 52 3b 79 44 2b 36 15 46 38 e8 aa 3a df 2c 96 3b 77 6a 1b 3a 00 81 95 40 10 33 00 00 6a 03 00 00 00 00 00 00 00 00 ff
2026-09-18T14:29:09.1361230Z RX 43 4f 5a 03 52 45 01 09 00 00 00 00 04 00 05 5c 00 f0 39 2b 00 00 00 00 00 00 00 00 00 00 00 00 7a 3d 00 00 00 00 00 00 00 00 36 cd 58 3a f4 8e 4c 3d 00 00 00 00 00 00 00 00 0d 69 cc 3e 45 66 38 be e6 f3 8e 45 4c 34 8e 44 cf 82 15 46 f8 52 4a 3a 52 2b 55 3b c5 e7 5f 3a 00 e3 95 40 10 33 00 00 6a 03 00 00 00 00 00 00 00 00 ff
2026-09-18T14:29:09.1390367Z TX 43 4f 5a 03 52 45 01 0b 00 00 00 00 14 00 cd 3b 4e d1 c9 37 c6 40 f3 00 00 00 f2 00 00 00 00
2026-09-18T14:29:09.1690023Z RX 43 4f 5a 03 52 45 01 09 00 00 00 00 04 00 0b 11 00 cd 3b 4e d1 c9 37 c6 40 f3 00 00 00 f2 00 00 00 00 05 5c 00 f0 57 2b 00 00 00 00 00 00 00 00 00 00 00 00 7a 3d 00 00 00 00 00 00 00 00 ca a1 5b 3a 11 a1 4a 3d 00 00 00 00 00 00 00 00 0d 69 cc 3e 45 66 38 be b2 74 8d 45 b3 53 8f 44 1b f3 14 46 00 28 dd b7 80 c7 7b 38 82 36 48 b9 00 81 95 40 10 33 00 00 6a 03 00 00 00 00 00 00 00 00 ff
2026-09-18T14:29:09.1847092Z TX 43 4f 5a 03 52 45 01 0b 00 00 00 00 14 00 fb cb ee c9 a3 4e c6 40 f4 00 00 00 f3 00 00 00 00
2026-09-18T14:29:09.2020687Z RX 43 4f 5a 03 52 45 01 09 00 00 00 00 04 00 05 5c 00 f0 75 2b 00 00 00 00 00 00 00 00 00 00 00 00 7a 3d 00 00 00 00 00 00 00 00 1f e3 58 3a c1 b4 49 3d 00 00 00 00 00 00 00 00 0d 69 cc 3e 45 66 38 be 88 c4 90 45 35 7d 89 44 4a fa 14 46 d8 b0 d4 ba 18 4d 4d bb dc 15 ed b9 00 81 95 40 10 33 00 00 6a 03 00 00 00 00 00 00 00 00 ff 0b 11 00 fb cb ee c9 a3 4e c6 40 f4 00 00 00 f3 00 00 00 00
2026-09-18T14:29:09.2315985Z TX 43 4f 5a 03 52 45 01 0b 00 00 00 00 14 00 87 16 d9 ce 17 66 c6 40 f5 00 00 00 f4 00 00 00 00
2026-09-18T14:29:09.2349288Z RX 43 4f 5a 03 52 45 01 09 00 00 00 00 04 00 05 5c 00 f0 93 2b 00 00 00 00 00 00 00 00 00 00 00 00 7a 3d 00 00 00 00 00 00 00 00 81 4f 51 3a d7 e8 4c 3d 00 00 00 00 00 00 00 00 0d 69 cc 3e 45 66 38 be 64 88 8f 45 e0 e2 96 44 84 8e 14 46 00 28 dd b7 e8 39 1b 3a 32 40 c4 ba 00 e3 95 40 10 33 00 00 6a 03 00 00 00 00 00 00 00 00 ff 0b 11 00 87 16 d9 ce 17 66 c6 40 f5 00 00 00 f4 00 00 00 00
2026-09-18T14:29:09.2680421Z RX 43 4f 5a 03 52 45 01 09 00 00 00 00 04 00 05 5c 00 f0 b1 2b 00 00 00 00 00 00 00 00 00 00 00 00 7a 3d 00 00 00 00 00 00 00 00 64 04 46 3a f1 b3 4e 3d 00 00 00 00 00 00 00 00 0d 69 cc 3e 45 66 38 be 66 e3 8f 45 ee 8f 6a 44 f2 3e 12 46 f8 52 4a 3a 58 3d ec ba 82 36 48 b9 00 e3 95 40 10 33 00 00 6a 03 00 00 00 00 00 00 00 00 ff
2026-09-18T14:29:09.2777167Z TX 43 4f 5a 03 52 45 01 0b 00 00 00 00 14 00 93 18 04 56 1e 7d c6 40 f6 00 00 00 f5 00 00 00 00
2026-09-18T14:29:09.3011968Z RX 43 4f 5a 03 52 45 01 09 00 00 00 00 04 00 05 5c 00 f0 cf 2b 00 00 00 00 00 00 00 00 00 00 00 00 7a 3d 00 00 00 00 00 00 00 00 a0 80 45 3a 53 0b 4d 3d 00 00 00 00 00 00 00 00 0d 69 cc 3e 45 66 38 be 04 9b 8d 45 a6 f6 69 44 3b b7 14 46 00 50 99 b9 4b 5b ed 3b 77 6a 1b 3a 00 e3 95 40 10 33 00 00 6a 03 00 00 00 00 00 00 00 00 ff 0b 11 00 93 18 04 56 1e 7d c6 40 f6 00 00 00 f5 00 00 00 00
2026-09-18T14:29:09.3242491Z TX 43 4f 5a 03 52 45 01 0b 00 00 00 00 14 00 1b 2f dd 24 46 94 c6 40 f7 00 00 00 f6 00 00 00 00
2026-09-18T14:29:09.3368788Z RX 43 4f 5a 03 52 45 01 09 00 00 00 00 04 00 05 5c 00 f0 ed 2b 00 00 00 00 00 00 00 00 00 00 00 00 7a 3d 00 00 00 00 00 00 00 00 db fc 44 3a 10 eb 4a 3d 00 00 00 00 00 00 00 00 0d 69 cc 3e 45 66 38 be 5a fb 8f 45 ac 8c a8 44 e1 20 16 46 00 28 dd b7 5c 8e 07 bb 4b 08 3b ba 00 81 95 40 10 33 00 00 6a 03 00 00 00 00 00 00 00 00 ff 0b 11 00 1b 2f dd 24 46 94 c6 40 f7 00 00 00 f6 00 00 00 00
2026-09-18T14:29:09.3675829Z RX 43 4f 5a 03 52 45 01 09 00 00 00 00 04 00 05 5c 00 f0 0b 2c 00 00 00 00 00 00 00 00 00 00 00 00 7a 3d 00 00 00 00 00 00 00 00 0a df 41 3a 21 b5 4b 3d 00 00 00 00 00 00 00 00 0d 69 cc 3e 45 66 38 be 9a 62 91 45 4f fa a6 44 6a 80 15 46 00 28 dd b7 5c 8e 07 bb 4b 08 3b ba 00 81 95 40 10 33 00 00 6a 03 00 00 00 00 00 00 00 00 ff 05 0a 00 f3 8b 63 6c 11 01 00 00 00 2c 05 5c 00 f0 29 2c 00 00 00 00 00 00 00 00 00 00 00 00 7a 3d 00 00 00 00 00 00 00 00 84 73 39 3a f8 45 4d 3d 00 00 00 00 00 00 00 00 0d 69 cc 3e 45 66 38 be 06 59 91 45 0a d5 98 44 eb ad 15 46 00 56 7b 39 20 09 58 b9 1b 7e 15 bb 00 81 95 40 10 33 00 00 6a 03 00 00 00 00 00 00 00 00 ff
2026-09-18T14:29:09.3709449Z TX 43 4f 5a 03 52 45 01 0b 00 00 00 00 14 00 ee 5a 42 3e a8 ab c6 40 f8 00 00 00 f7 00 00 00 00
2026-09-18T14:29:09.4004145Z RX 43 4f 5a 03 52 45 01 09 00 00 00 00 04 00 0b 11 00 ee 5a 42 3e a8 ab c6 40 f8 00 00 00 f7 00 00 00 00 05 5c 00 f0 47 2c 00 00 00 00 00 00 00 00 00 00 00 00 7a 3d 00 00 00 00 00 00 00 00 a9 4c 2c 3a 19 4f 4e 3d 00 00 00 00 00 00 00 00 0d 69 cc 3e 45 66 38 be cf 7e 8f 45 f4 d3 82 44 c0 7d 14 46 d8 08 88 3a cc f9 fb 3a dc 15 ed b9 00 81 95 40 10 33 00 00 6a 03 00 00 00 00 00 00 00 00 ff
2026-09-18T14:29:09.4174862Z TX 43 4f 5a 03 52 45 01 0b 00 00 00 00 14 00 d7 12 f2 41 ef c2 c6 40 f9 00 00 00 f8 00 00 00 00
2026-09-18T14:29:09.4334289Z RX 43 4f 5a 03 52 45 01 09 00 00 00 00 04 00 0b 11 00 d7 12 f2 41 ef c2 c6 40 f9 00 00 00 f8 00 00 00 00 05 5c 00 f0 65 2c 00 00 00 00 00 00 00 00 00 00 00 00 7a 3d 00 00 00 00 00 00 00 00 ff 1e 22 3a d2 7c 4e 3d 00 00 00 00 00 00 00 00 0d 69 cc 3e 45 66 38 be 94 cd 8e 45 06 26 71 44 43 c8 15 46 94 c7 cd 3a 46 dc 20 3b 4b 08 3b ba 00 e3 95 40 10 33 00 00 6a 03 00 00 00 00 00 00 00 00 ff
2026-09-18T14:29:09.4641295Z TX 43 4f 5a 03 52 45 01 0b 00 00 00 00 14 00 09 f9 a0 67 43 da c6 40 fa 00 00 00 f9 00 00 00 00
2026-09-18T14:29:09.4661634Z RX 43 4f 5a 03 52 45 01 09 00 00 00 00 04 00 05 5c 00 f0 83 2c 00 00 00 00 00 00 00 00 00 00 00 00 7a 3d 00 00 00 00 00 00 00 00 c8 7d 20 3a f9 b8 4b 3d 00 00 00 00 00 00 00 00 0d 69 cc 3e 45 66 38 be 84 8a 8e 45 2e 8d 8f 44 86 ab 15 46 00 50 99 b9 b4 5b 93 3a 4b 08 3b ba 00 e3 95 40 10 33 00 00 6a 03 00 00 00 00 00 00 00 00 ff 0b 11 00 09 f9 a0 67 43 da c6 40 fa 00 00 00 f9 00 00 00 00
2026-09-18T14:29:09.4992733Z RX 43 4f 5a 03 52 45 01 09 00 00 00 00 04 00 05 5c 00 f0 a1 2c 00 00 00 00 00 00 00 00 00 00 00 00 7a 3d 00 00 00 00 00 00 00 00 45 af 16 3a 6b 4d 4b 3d 00 00 00 00 00 00 00 00 0d 69 cc 3e 45 66 38 be 66 e3 8f 45 e7 d2 90 44 56 a4 15 46 18 f2 8e ba 58 3d ec ba a9 85 7f ba 00 81 95 40 10 33 00 00 6a 03 00 00 00 00 00 00 00 00 ff
2026-09-18T14:29:09.5109416Z TX 43 4f 5a 03 52 45 01 0b 00 00 00 00 14 00 db f9 7e 6a ac f1 c6 40 fb 00 00 00 fa 00 00 00 00
2026-09-18T14:29:09.5334997Z RX 43 4f 5a 03 52 45 01 09 00 00 00 00 04 00 0b 11 00 db f9 7e 6a ac f1 c6 40 fb 00 00 00 fa 00 00 00 00 05 5c 00 f0 bf 2c 00 00 00 00 00 00 00 00 00 00 00 00 7a 3d 00 00 00 00 00 00 00 00 8e 56 11 3a 99 bc 4c 3d 00 00 00 00 00 00 00 00 0d 69 cc 3e 45 66 38 be 16 9c 91 45 91 30 89 44 05 bc 14 46 00 56 7b 39 58 3d ec ba e6 7d 93 38 00 e3 95 40 10 33 00 00 6a 03 00 00 00 00 00 00 00 00 ff
2026-09-18T14:29:09.5568874Z TX 43 4f 5a 03 52 45 01 0b 00 00 00 00 14 00 33 33 33 33 a3 08 c7 40 fc 00 00 00 fb 00 00 00 00
2026-09-18T14:29:09.5654292Z RX 43 4f 5a 03 52 45 01 09 00 00 00 00 04 00 05 5c 00 f0 dd 2c 00 00 00 00 00 00 00 00 00 00 00 00 7a 3d 00 00 00 00 00 00 00 00 22 2b 14 3a da 7b 4e 3d 00 00 00 00 00 00 00 00 0d 69 cc 3e 45 66 38 be 69 3e 90 45 ee c2 8a 44 b5 b2 15 46 00 56 7b 39 74 1a d9 3a 40 71 b4 3a 00 81 95 40 10 33 00 00 6a 03 00 00 00 00 00 00 00 00 ff 0b 11 00 33 33 33 33 a3 08 c7 40 fc 00 00 00 fb 00 00 00 00
2026-09-18T14:29:09.5983502Z RX 43 4f 5a 03 52 45 01 09 00 00 00 00 04 00 05 5c 00 f0 fb 2c 00 00 00 00 00 00 00 00 00 00 00 00 7a 3d 00 00 00 00 00 00 00 00 26 8c 1f 3a b9 16 4d 3d 00 00 00 00 00 00 00 00 0d 69 cc 3e 45 66 38 be a9 c6 8f 45 51 8f 97 44 46 23 16 46 d8 08 88 3a 74 1a d9 3a 34 da ad 39 00 81 95 40 10 33 00 00 6a 03 00 00 00 00 00 00 00 00 ff
2026-09-18T14:29:09.6038269Z TX 43 4f 5a 03 52 45 01 0b 00 00 00 00 14 00 80 48 bf 7d 2d 20 c7 40 fd 00 00 00 fc 00 00 00 00
2026-09-18T14:29:09.6314839Z RX 43 4f 5a 03 52 45 01 09 00 00 00 00 04 00 05 5c 00 f0 19 2d 00 00 00 00 00 00 00 00 00 00 00 00 7a 3d 00 00 00 00 00 00 00 00 fa 84 20 3a 42 9a 4b 3d 00 00 00 00 00 00 00 00 0d 69 cc 3e 45 66 38 be 8e 17 8e 45 ab 84 93 44 45 44 14 46 c0 66 12 ba 60 f6 aa 39 4b 08 3b ba 00 81 95 40 10 33 00 00 6a 03 00 00 00 00 00 00 00 00 ff 0b 11 00 80 48 bf 7d 2d 20 c7 40 fd 00 00 00 fc 00 00 00 00
2026-09-18T14:29:09.6506593Z TX 43 4f 5a 03 52 45 01 0b 00 00 00 00 14 00 79 58 a8 35 9d 37 c7 40 fe 00 00 00 fd 00 00 00 00
2026-09-18T14:29:09.6643408Z RX 43 4f 5a 03 52 45 01 09 00 00 00 00 04 00 05 5c 00 f0 37 2d 00 00 00 00 00 00 00 00 00 00 00 00 7a 3d 00 00 00 00 00 00 00 00 2a f8 15 3a 09 bc 4b 3d 00 00 00 00 00 00 00 00 0d 69 cc 3e 45 66 38 be ce 02 91 45 7c 2d 7b 44 a3 14 15 46 18 f2 8e ba 58 3d ec ba dc 15 ed b9 00 81 95 40 10 33 00 00 6a 03 00 00 00 00 00 00 00 00 ff 0b 11 00 79 58 a8 35 9d 37 c7 40 fe 00 00 00 fd 00 00 00 00 05 5c 00 f0 55 2d 00 00 00 00 00 00 00 00 00 00 00 00 7a 3d 00 00 00 00 00 00 00 00 65 74 15 3a 36 5e 4c 3d 00 00 00 00 00 00 00 00 0d 69 cc 3e 45 66 38 be d5 34 90 45 2b 19 9d 44 18 5a 15 46 c8 37 0d bb 80 c7 7b 38 82 36 48 b9 00 81 95 40 10 33 00 00 6a 03 00 00 00 00 00 00 00 00 ff
2026-09-18T14:29:09.6967610Z TX 43 4f 5a 03 52 45 01 0b 00 00 00 00 14 00 20 41 f1 63 94 4e c7 40 ff 00 00 00 fe 00 00 00 00
2026-09-18T14:29:09.6972324Z RX 43 4f 5a 03 52 45 01 09 00 00 00 00 04 00 05 5c 00 f0 73 2d 00 00 00 00 00 00 00 00 00 00 00 00 7a 3d 00 00 00 00 00 00 00 00 cd e1 0d 3a 2a 06 4d 3d 00 00 00 00 00 00 00 00 0d 69 cc 3e 45 66 38 be d8 8f 90 45 87 cc 9c 44 bf 3f 15 46 48 56 d4 ba c0 b4 aa 39 c4 0a c4 ba 00 81 95 40 10 33 00 00 6a 03 00 00 00 00 00 00 00 00 ff
2026-09-18T14:29:09.7303369Z RX 43 4f 5a 03 52 45 01 09 00 00 00 00 04 00 0b 11 00 20 41 f1 63 94 4e c7 40 ff 00 00 00 fe 00 00 00 00 05 5c 00 f0 91 2d 00 00 00 00 00 00 00 00 00 00 00 00 7a 3d 00 00 00 00 00 00 00 00 f1 6d 0b 3a 53 81 4c 3d 00 00 00 00 00 00 00 00 0d 69 cc 3e 45 66 38 be be bf 90 45 58 7f 91 44 ba 2a 17 46 14 48 ce 3a 74 a9 fb 3a de 67 eb b9 00 81 95 40 10 33 00 00 6a 03 00 00 00 00 00 00 00 00 ff
2026-09-18T14:29:09.7430966Z TX 43 4f 5a 03 52 45 01 0b 00 00 00 00 14 00 ac ad d8 5f a6 65 c7 40 00 01 00 00 ff 00 00 00 00
2026-09-18T14:29:09.7632312Z RX 43 4f 5a 03 52 45 01 09 00 00 00 00 04 00 0b 11 00 ac ad d8 5f a6 65 c7 40 00 01 00 00 ff 00 00 00 00 05 5c 00 f0 af 2d 00 00 00 00 00 00 00 00 00 00 00 00 7a 3d 00 00 00 00 00 00 00 00 4e 58 08 3a b8 f4 4b 3d 00 00 00 00 00 00 00 00 0d 69 cc 3e 45 66 38 be 17 18 90 45 9a 07 9a 44 c6 12 17 46 00 2e cd b7 00 dd 60 38 2a 7e 9c 38 00 81 95 40 10 33 00 00 6a 03 00 00 00 00 00 00 00 00 ff
2026-09-18T14:29:09.7896303Z TX 43 4f 5a 03 52 45 01 0b 00 00 00 00 14 00 16 fb cb ee 01 7d c7 40 01 01 00 00 00 01 00 00 00
2026-09-18T14:29:09.7966060Z RX 43 4f 5a 03 52 45 01 09 00 00 00 00 04 00 05 5c 00 f0 cd 2d 00 00 00 00 00 00 00 00 00 00 00 00 7a 3d 00 00 00 00 00 00 00 00 4f 5a 09 3a 84 5c 4b 3d 00 00 00 00 00 00 00 00 0d 69 cc 3e 45 66 38 be 14 bd 8f 45 36 5c 8b 44 c2 9a 15 46 40 11 98 b9 5c 52 a7 ba 42 eb af 39 00 81 95 40 10 33 00 00 6a 03 00 00 00 00 00 00 00 00 ff 0b 11 00 16 fb cb ee 01 7d c7 40 01 01 00 00 00 01 00 00 00
2026-09-18T14:29:09.8292440Z RX 43 4f 5a 03 52 45 01 09 00 00 00 00 04 00 05 5c 00 f0 eb 2d 00 00 00 00 00 00 00 00 00 00 00 00 7a 3d 00 00 00 00 00 00 00 00 d3 69 04 3a 8d 55 4b 3d 00 00 00 00 00 00 00 00 0d 69 cc 3e 45 66 38 be 36 9e 90 45 e5 14 8d 44 24 42 15 46 00 fa cb b7 d8 11 84 ba 18 8b 39 ba 00 81 95 40 10 33 00 00 6a 03 00 00 00 00 00 00 00 00 ff
2026-09-18T14:29:09.8361167Z TX 43 4f 5a 03 52 45 01 0b 00 00 00 00 14 00 0f 9c 33 a2 44 94 c7 40 02 01 00 00 01 01 00 00 00
2026-09-18T14:29:09.8620278Z RX 43 4f 5a 03 52 45 01 09 00 00 00 00 04 00 0b 11 00 0f 9c 33 a2 44 94 c7 40 02 01 00 00 01 01 00 00 00 05 5c 00 f0 09 2e 00 00 00 00 00 00 00 00 00 00 00 00 7a 3d 00 00 00 00 00 00 00 00 a7 e4 09 3a c1 c0 4d 3d 00 00 00 00 00 00 00 00 0d 69 cc 3e 45 66 38 be d0 5d 91 45 e7 d2 90 44 7f b7 15 46 a0 ff 56 ba c0 04 f7 b9 48 ef b4 3a 00 81 95 40 10 33 00 00 6a 03 00 00 00 00 00 00 00 00 ff
2026-09-18T14:29:09.8818457Z TX 43 4f 5a 03 52 45 01 0b 00 00 00 00 14 00 4a 0c 02 2b 37 ab c7 40 03 01 00 00 02 01 00 00 00
2026-09-18T14:29:09.8953269Z RX 43 4f 5a 03 52 45 01 09 00 00 00 00 04 00 05 0a 00 f3 bc bc 58 de 02 00 00 00 45 05 5c 00 f0 27 2e 00 00 00 00 00 00 00 00 00 00 00 00 7a 3d 00 00 00 00 00 00 00 00 af 7d 0d 3a 7e 88 4c 3d 00 00 00 00 00 00 00 00 0d 69 cc 3e 45 66 38 be 6c 99 90 45 c1 5c 96 44 2e 70 17 46 64 40 f1 3a 7a dc 54 3b 11 29 af 39 00 81 95 40 10 33 00 00 6a 03 00 00 00 00 00 00 00 00 ff 0b 11 00 4a 0c 02 2b 37 ab c7 40 03 01 00 00 02 01 00 00 00
2026-09-18T14:29:09.9280616Z TX 43 4f 5a 03 52 45 01 0b 00 00 00 00 14 00 6b 2b f6 97 35 c2 c7 40 04 01 00 00 03 01 00 00 00
2026-09-18T14:29:09.9284182Z RX 43 4f 5a 03 52 45 01 09 00 00 00 00 04 00 05 5c 00 f0 45 2e 00 00 00 00 00 00 00 00 00 00 00 00 7a 3d 00 00 00 00 00 00 00 00 db 4e 13 3a 78 73 4b 3d 00 00 00 00 00 00 00 00 0d 69 cc 3e 45 66 38 be 24 00 90 45 52 6e 99 44 3a 79 15 46 80 4c 7c 39 e4 4f ed ba fa e9 3a ba 00 81 95 40 10 33 00 00 6a 03 00 00 00 00 00 00 00 00 ff
2026-09-18T14:29:09.9611661Z RX 43 4f 5a 03 52 45 01 09 00 00 00 00 04 00 0b 11 00 6b 2b f6 97 35 c2 c7 40 04 01 00 00 03 01 00 00 00 05 5c 00 f0 63 2e 00 00 00 00 00 00 00 00 00 00 00 00 7a 3d 00 00 00 00 00 00 00 00 30 e3 09 3a cf 31 4c 3d 00 00 00 00 00 00 00 00 0d 69 cc 3e 45 66 38 be 73 cb 8f 45 da 9e 7e 44 d2 1b 15 46 00 3e cf b7 fa 15 19 bb 34 83 a1 ba 00 81 95 40 10 33 00 00 6a 03 00 00 00 00 00 00 00 00 ff
2026-09-18T14:29:09.9735171Z TX 43 4f 5a 03 52 45 01 0b 00 00 00 00 14 00 70 5f 07 ce f1 d8 c7 40 05 01 00 00 04 01 00 00 00
2026-09-18T14:29:09.9942586Z RX 43 4f 5a 03 52 45 01 09 00 00 00 00 04 00 05 5c 00 f0 81 2e 00 00 00 00 00 00 00 00 00 00 00 00 7a 3d 00 00 00 00 00 00 00 00 d1 05 fe 39 3b e5 4d 3d 00 00 00 00 00 00 00 00 0d 69 cc 3e 45 66 38 be ea 2d 91 45 0c 6a 89 44 b9 4b 15 46 00 f2 c7 b7 54 bc eb ba 11 0b 39 ba 00 81 95 40 10 33 00 00 6a 03 00 00 00 00 00 00 00 00 ff 0b 11 00 70 5f 07 ce f1 d8 c7 40 05 01 00 00 04 01 00 00 00 05 5c 00 f0 9f 2e 00 00 00 00 00 00 00 00 00 00 00 00 7a 3d 00 00 00 00 00 00 00 00 50 2a 01 3a 27 2a 4e 3d 00 00 00 00 00 00 00 00 0d 69 cc 3e 45 66 38 be cc 23 8f 45 8f 9b 98 44 57 e2 14 46 a0 99 97 b9 08 3f 78 3b d5 17 93 3a 00 81 95 40 10 33 00 00 6a 03 00 00 00 00 00 00 00 00 ff
2026-09-18T14:29:10.0204412Z TX 43 4f 5a 03 52 45 01 0b 00 00 00 00 14 00 e4 14 1d c9 65 f0 c7 40 06 01 00 00 05 01 00 00 00
2026-09-18T14:29:10.0292105Z RX 43 4f 5a 03 52 45 01 09 00 00 00 00 04 00 05 5c 00 f0 bd 2e 00 00 00 00 00 00 00 00 00 00 00 00 7a 3d 00 00 00 00 00 00 00 00 2b 41 0a 3a 16 73 4b 3d 00 00 00 00 00 00 00 00 0d 69 cc 3e 45 66 38 be 2a 53 8d 45 ec 2d 9a 44 34 85 15 46 e0 96 05 3a 33 80 84 3b af d3 0d 3b 00 81 95 40 10 33 00 00 6a 03 00 00 00 00 00 00 00 00 ff 0b 11 00 e4 14 1d c9 65 f0 c7 40 06 01 00 00 05 01 00 00 00
2026-09-18T14:29:10.0603482Z RX 43 4f 5a 03 52 45 01 09 00 00 00 00 04 00 05 5c 00 f0 db 2e 00 00 00 00 00 00 00 00 00 00 00 00 7a 3d 00 00 00 00 00 00 00 00 05 ee 11 3a e6 46 49 3d 00 00 00 00 00 00 00 00 0d 69 cc 3e 45 66 38 be 5c 77 8e 45 ea 3c 76 44 4a fa 14 46 90 0c 05 3a 6c f8 4d bb d8 e1 a1 ba 00 81 95 40 10 33 00 00 6a 03 00 00 00 00 00 00 00 00 ff
2026-09-18T14:29:10.0666728Z TX 43 4f 5a 03 52 45 01 0b 00 00 00 00 14 00 6d e7 fb a9 99 07 c8 40 07 01 00 00 06 01 00 00 00
2026-09-18T14:29:10.0932012Z RX 43 4f 5a 03 52 45 01 09 00 00 00 00 04 00 0b 11 00 6d e7 fb a9 99 07 c8 40 07 01 00 00 06 01 00 00 00 05 5c 00 f0 f9 2e 00 00 00 00 00 00 00 00 00 00 00 00 7a 3d 00 00 00 00 00 00 00 00 44 00 0a 3a 9f ca 4b 3d 00 00 00 00 00 00 00 00 0d 69 cc 3e 45 66 38 be 02 82 92 45 f5 b2 84 44 64 ca 14 46 08 da 0c bb 72 03 b5 bb 5e 84 a1 ba 80 18 94 40 10 33 00 00 6a 03 00 00 00 00 00 00 00 00 ff
2026-09-18T14:29:10.1138092Z TX 43 4f 5a 03 52 45 01 0b 00 00 00 00 14 00 3e 79 58 a8 15 1f c8 40 08 01 00 00 07 01 00 00 00
2026-09-18T14:29:10.1264641Z RX 43 4f 5a 03 52 45 01 09 00 00 00 00 04 00 05 5c 00 f0 17 2f 00 00 00 00 00 00 00 00 00 00 00 00 7a 3d 00 00 00 00 00 00 00 00 83 46 f8 39 72 b8 4e 3d 00 00 00 00 00 00 00 00 0d 69 cc 3e 45 66 38 be e2 1c 90 45 bc 2a a0 44 90 38 15 46 00 48 ae b7 fe ee 43 3b 49 21 eb b9 00 81 95 40 10 33 00 00 6a 03 00 00 00 00 00 00 00 00 ff 0b 11 00 3e 79 58 a8 15 1f c8 40 08 01 00 00 07 01 00 00 00
2026-09-18T14:29:10.1595970Z RX 43 4f 5a 03 52 45 01 09 00 00 00 00 04 00 05 5c 00 f0 35 2f 00 00 00 00 00 00 00 00 00 00 00 00 7a 3d 00 00 00 00 00 00 00 00 7a b7 02 3a 00 80 4d 3d 00 00 00 00 00 00 00 00 0d 69 cc 3e 45 66 38 be 0f 07 8f 45 c0 54 81 44 34 85 15 46 58 c4 88 3a fe ee 43 3b 65 ee b4 3a 00 81 95 40 10 33 00 00 6a 03 00 00 00 00 00 00 00 00 ff
2026-09-18T14:29:10.1608652Z TX 43 4f 5a 03 52 45 01 0b 00 00 00 00 14 00 50 8d 97 6e a2 36 c8 40 09 01 00 00 08 01 00 00 00
2026-09-18T14:29:10.1929946Z RX 43 4f 5a 03 52 45 01 09 00 00 00 00 04 00 0b 11 00 50 8d 97 6e a2 36 c8 40 09 01 00 00 08 01 00 00 00 05 5c 00 f0 53 2f 00 00 00 00 00 00 00 00 00 00 00 00 7a 3d 00 00 00 00 00 00 00 00 d8 aa 09 3a ad 54 4b 3d 00 00 00 00 00 00 00 00 0d 69 cc 3e 45 66 38 be f6 36 8f 45 93 ee 8c 44 de c5 15 46 c0 ef 10 ba 40 91 ac 39 5f 8b 7e ba 00 81 95 40 10 33 00 00 6a 03 00 00 00 00 00 00 00 00 ff
2026-09-18T14:29:10.2070070Z TX 43 4f 5a 03 52 45 01 0b 00 00 00 00 14 00 e3 c7 98 bb b6 4d c8 40 0a 01 00 00 09 01 00 00 00
2026-09-18T14:29:10.2253445Z RX 43 4f 5a 03 52 45 01 09 00 00 00 00 04 00 05 5c 00 f0 71 2f 00 00 00 00 00 00 00 00 00 00 00 00 7a 3d 00 00 00 00 00 00 00 00 7b a2 f4 39 21 34 4b 3d 00 00 00 00 00 00 00 00 0d 69 cc 3e 45 66 38 be 9a 62 91 45 b1 be 9e 44 62 4e 16 46 00 48 ae b7 1a f9 6f bb 5e 84 a1 ba 00 81 95 40 10 33 00 00 6a 03 00 00 00 00 00 00 00 00 ff 0b 11 00 e3 c7 98 bb b6 4d c8 40 0a 01 00 00 09 01 00 00 00
2026-09-18T14:29:10.2534953Z TX 43 4f 5a 03 52 45 01 0b 00 00 00 00 14 00 f5 db d7 81 e3 64 c8 40 0b 01 00 00 0a 01 00 00 00
2026-09-18T14:29:10.2587689Z RX 43 4f 5a 03 52 45 01 09 00 00 00 00 04 00 05 5c 00 f0 8f 2f 00 00 00 00 00 00 00 00 00 00 00 00 7a 3d 00 00 00 00 00 00 00 00 43 5e dd 39 f9 98 4c 3d 00 00 00 00 00 00 00 00 0d 69 cc 3e 45 66 38 be 16 9c 91 45 a4 94 99 44 7b e0 16 46 00 99 80 39 50 b2 40 ba 0d c3 c3 ba 00 e3 95 40 10 33 00 00 6a 03 00 00 00 00 00 00 00 00 ff 0b 11 00 f5 db d7 81 e3 64 c8 40 0b 01 00 00 0a 01 00 00 00
2026-09-18T14:29:10.2994751Z TX 43 4f 5a 03 52 45 01 0b 00 00 00 00 14 00 1d 5a 64 3b ff 7b c8 40 0c 01 00 00 0b 01 00 00 00
2026-09-18T14:29:10.2995587Z RX 43 4f 5a 03 52 45 01 09 00 00 00 00 04 00 05 5c 00 f0 ad 2f 00 00 00 00 00 00 00 00 00 00 00 00 7a 3d 00 00 00 00 00 00 00 00 bd ca cc 39 57 cc 4d 3d 00 00 00 00 00 00 00 00 0d 69 cc 3e 45 66 38 be d8 8f 90 45 2c c5 7e 44 47 61 15 46 40 0b 06 3a 40 4f 84 38 c1 64 1c 3a 00 e3 95 40 10 33 00 00 6a 03 00 00 00 00 00 00 00 00 ff 05 5c 00 f0 cb 2f 00 00 00 00 00 00 00 00 00 00 00 00 7a 3d 00 00 00 00 00 00 00 00 b3 cc ce 39 a1 80 4d 3d 00 00 00 00 00 00 00 00 0d 69 cc 3e 45 66 38 be 76 26 90 45 55 e2 8b 44 29 ba 16 46 40 0b 06 3a a2 0f 21 3b c7 ce af 39 00 e3 95 40 10 33 00 00 6a 03 00 00 00 00 00 00 00 00 ff
2026-09-18T14:29:10.3242742Z RX 43 4f 5a 03 52 45 01 09 00 00 00 00 04 00 0b 11 00 1d 5a 64 3b ff 7b c8 40 0c 01 00 00 0b 01 00 00 00 05 5c 00 f0 e9 2f 00 00 00 00 00 00 00 00 00 00 00 00 7a 3d 00 00 00 00 00 00 00 00 a7 3d d8 39 b1 9c 4d 3d 00 00 00 00 00 00 00 00 0d 69 cc 3e 45 66 38 be 43 86 90 45 f7 99 9b 44 76 68 15 46 70 ae 56 ba 20 e7 f5 b9 5f 8b 7e ba 00 e3 95 40 10 33 00 00 6a 03 00 00 00 00 00 00 00 00 ff
2026-09-18T14:29:10.3459595Z TX 43 4f 5a 03 52 45 01 0b 00 00 00 00 14 00 3f 35 5e ba 41 93 c8 40 0d 01 00 00 0c 01 00 00 00
2026-09-18T14:29:10.3573091Z RX 43 4f 5a 03 52 45 01 09 00 00 00 00 04 00 0b 11 00 3f 35 5e ba 41 93 c8 40 0d 01 00 00 0c 01 00 00 00 05 0a 00 f3 8b 63 6c 11 01 00 00 00 2c 05 5c 00 f0 07 30 00 00 00 00 00 00 00 00 00 00 00 00 7a 3d 00 00 00 00 00 00 00 00 04 54 d1 39 5e 7f 4e 3d 00 00 00 00 00 00 00 00 0d 69 cc 3e 45 66 38 be 98 07 91 45 67 3e 87 44 54 49 15 46 00 99 80 39 84 38 83 ba 65 ee b4 3a 00 81 95 40 10 33 00 00 6a 03 00 00 00 00 00 00 00 00 ff
2026-09-18T14:29:10.3906143Z RX 43 4f 5a 03 52 45 01 09 00 00 00 00 04 00 05 5c 00 f0 25 30 00 00 00 00 00 00 00 00 00 00 00 00 7a 3d 00 00 00 00 00 00 00 00 9d 7a e3 39 7b be 4e 3d 00 00 00 00 00 00 00 00 0d 69 cc 3e 45 66 38 be 00 a3 90 45 53 24 88 44 e8 52 15 46 00 48 ae b7 6c c2 93 3a 33 50 9b 38 00 e3 95 40 10 33 00 00 6a 03 00 00 00 00 00 00 00 00 ff
2026-09-18T14:29:10.3936397Z TX 43 4f 5a 03 52 45 01 0b 00 00 00 00 14 00 b5 37 f8 c2 14 ab c8 40 0e 01 00 00 0d 01 00 00 00
2026-09-18T14:29:10.4231659Z RX 43 4f 5a 03 52 45 01 09 00 00 00 00 04 00 0b 11 00 b5 37 f8 c2 14 ab c8 40 0e 01 00 00 0d 01 00 00 00 05 5c 00 f0 43 30 00 00 00 00 00 00 00 00 00 00 00 00 7a 3d 00 00 00 00 00 00 00 00 97 2f cf 39 de a0 4e 3d 00 00 00 00 00 00 00 00 0d 69 cc 3e 45 66 38 be 9f 39 90 45 87 cc 9c 44 4c 17 16 46 70 ae 56 ba cc a1 b6 3a b8 01 e6 ba 00 81 95 40 10 33 00 00 6a 03 00 00 00 00 00 00 00 00 ff
2026-09-18T14:29:10.4398369Z TX 43 4f 5a 03 52 45 01 0b 00 00 00 00 14 00 97 90 0f 7a 2e c2 c8 40 0f 01 00 00 0e 01 00 00 00
2026-09-18T14:29:10.4563776Z RX 43 4f 5a 03 52 45 01 09 00 00 00 00 04 00 05 5c 00 f0 61 30 00 00 00 00 00 00 00 00 00 00 00 00 7a 3d 00 00 00 00 00 00 00 00 12 2d b7 39 6a cf 4e 3d 00 00 00 00 00 00 00 00 0d 69 cc 3e 45 66 38 be 2e 8d 8f 45 a6 1f 7d 44 75 89 13 46 00 62 96 b9 3c 6c 89 bb 5f 8b 7e ba 00 e3 95 40 10 33 00 00 6a 03 00 00 00 00 00 00 00 00 ff 0b 11 00 97 90 0f 7a 2e c2 c8 40 0f 01 00 00 0e 01 00 00 00
2026-09-18T14:29:10.4859795Z TX 43 4f 5a 03 52 45 01 0b 00 00 00 00 14 00 14 ae 47 e1 3a d9 c8 40 10 01 00 00 0f 01 00 00 00
2026-09-18T14:29:10.4891899Z RX 43 4f 5a 03 52 45 01 09 00 00 00 00 04 00 05 5c 00 f0 7f 30 00 00 00 00 00 00 00 00 00 00 00 00 7a 3d 00 00 00 00 00 00 00 00 d7 c6 ae 39 c5 76 4f 3d 00 00 00 00 00 00 00 00 0d 69 cc 3e 45 66 38 be 4d 13 90 45 e2 77 87 44 3a 79 15 46 c0 ef 10 ba f2 9f 0f 3b 49 21 eb b9 00 81 95 40 10 33 00 00 6a 03 00 00 00 00 00 00 00 00 ff 0b 11 00 14 ae 47 e1 3a d9 c8 40 10 01 00 00 0f 01 00 00 00
2026-09-18T14:29:10.5222949Z RX 43 4f 5a 03 52 45 01 09 00 00 00 00 04 00 05 5c 00 f0 9d 30 00 00 00 00 00 00 00 00 00 00 00 00 7a 3d 00 00 00 00 00 00 00 00 82 9b a8 39 ca db 4d 3d 00 00 00 00 00 00 00 00 0d 69 cc 3e 45 66 38 be b3 53 8f 45 53 76 ae 44 1b f3 14 46 c0 ef 10 ba 2c 81 d9 3a 5f 8b 7e ba 00 81 95 40 10 33 00 00 6a 03 00 00 00 00 00 00 00 00 ff
2026-09-18T14:29:10.5323867Z TX 43 4f 5a 03 52 45 01 0b 00 00 00 00 14 00 90 31 77 2d 79 f0 c8 40 11 01 00 00 10 01 00 00 00
2026-09-18T14:29:10.5578934Z RX 43 4f 5a 03 52 45 01 09 00 00 00 00 04 00 05 5c 00 f0 bb 30 00 00 00 00 00 00 00 00 00 00 00 00 7a 3d 00 00 00 00 00 00 00 00 47 35 a0 39 79 42 4e 3d 00 00 00 00 00 00 00 00 0d 69 cc 3e 45 66 38 be 12 62 8f 45 0c 6a 89 44 a6 ad 14 46 40 0b 06 3a a0 d6 eb ba b6 af 92 3a 00 81 95 40 10 33 00 00 6a 03 00 00 00 00 00 00 00 00 ff 0b 11 00 90 31 77 2d 79 f0 c8 40 11 01 00 00 10 01 00 00 00
2026-09-18T14:29:10.5780054Z TX 43 4f 5a 03 52 45 01 0b 00 00 00 00 14 00 f0 85 c9 54 49 07 c9 40 12 01 00 00 11 01 00 00 00
2026-09-18T14:29:10.5886033Z RX 43 4f 5a 03 52 45 01 09 00 00 00 00 04 00 05 5c 00 f0 d9 30 00 00 00 00 00 00 00 00 00 00 00 00 7a 3d 00 00 00 00 00 00 00 00 35 84 b8 39 77 6f 4c 3d 00 00 00 00 00 00 00 00 0d 69 cc 3e 45 66 38 be fa 0d 8e 45 3e f8 66 44 37 1e 15 46 00 62 96 b9 84 60 fc 3a 65 ee b4 3a 00 81 95 40 10 33 00 00 6a 03 00 00 00 00 00 00 00 00 ff 0b 11 00 f0 85 c9 54 49 07 c9 40 12 01 00 00 11 01 00 00 00
2026-09-18T14:29:10.6216084Z RX 43 4f 5a 03 52 45 01 09 00 00 00 00 04 00 05 5c 00 f0 f7 30 00 00 00 00 00 00 00 00 00 00 00 00 7a 3d 00 00 00 00 00 00 00 00 ac 5f af 39 9a 9c 4d 3d 00 00 00 00 00 00 00 00 0d 69 cc 3e 45 66 38 be ef e3 91 45 b5 11 93 44 18 fb 17 46 00 62 96 b9 0c aa 3b bb 0d c3 c3 ba 00 81 95 40 10 33 00 00 6a 03 00 00 00 00 00 00 00 00 ff 05 5c 00 f0 15 31 00 00 00 00 00 00 00 00 00 00 00 00 7a 3d 00 00 00 00 00 00 00 00 8b be a4 39 d7 a8 4c 3d 00 00 00 00 00 00 00 00 0d 69 cc 3e 45 66 38 be 46 e1 90 45 4c 86 b4 44 45 e5 16 46 00 99 80 39 58 07 1c 3a 02 0e 3a ba 00 81 95 40 10 33 00 00 6a 03 00 00 00 00 00 00 00 00 ff
2026-09-18T14:29:10.6235894Z TX 43 4f 5a 03 52 45 01 0b 00 00 00 00 14 00 26 e4 83 9e 15 1e c9 40 13 01 00 00 12 01 00 00 00
2026-09-18T14:29:10.6543776Z RX 43 4f 5a 03 52 45 01 09 00 00 00 00 04 00 0b 11 00 26 e4 83 9e 15 1e c9 40 13 01 00 00 12 01 00 00 00 05 5c 00 f0 33 31 00 00 00 00 00 00 00 00 00 00 00 00 7a 3d 00 00 00 00 00 00 00 00 85 e2 97 39 ad 8e 4e 3d 00 00 00 00 00 00 00 00 0d 69 cc 3e 45 66 38 be a1 b5 8e 45 ec 04 87 44 bd 22 14 46 f8 c9 4b 3a e4 17 a6 ba c1 64 1c 3a 00 81 95 40 10 33 00 00 6a 03 00 00 00 00 00 00 00 00 ff
2026-09-18T14:29:10.6706842Z TX 43 4f 5a 03 52 45 01 0b 00 00 00 00 14 00 0c 93 a9 82 89 35 c9 40 14 01 00 00 13 01 00 00 00
2026-09-18T14:29:10.6872830Z RX 43 4f 5a 03 52 45 01 09 00 00 00 00 04 00 0b 11 00 0c 93 a9 82 89 35 c9 40 14 01 00 00 13 01 00 00 00 05 5c 00 f0 51 31 00 00 00 00 00 00 00 00 00 00 00 00 7a 3d 00 00 00 00 00 00 00 00 c1 ef b0 39 eb c8 4c 3d 00 00 00 00 00 00 00 00 0d 69 cc 3e 45 66 38 be 50 6e 90 45 d2 7d 5c 44 be 01 16 46 00 99 80 39 f2 9f 0f 3b 65 ee b4 3a 00 81 95 40 10 33 00 00 6a 03 00 00 00 00 00 00 00 00 ff
2026-09-18T14:29:10.7179592Z TX 43 4f 5a 03 52 45 01 0b 00 00 00 00 14 00 c3 d3 2b 65 31 4d c9 40 15 01 00 00 14 01 00 00 00
2026-09-18T14:29:10.7203544Z RX 43 4f 5a 03 52 45 01 09 00 00 00 00 04 00 05 5c 00 f0 6f 31 00 00 00 00 00 00 00 00 00 00 00 00 7a 3d 00 00 00 00 00 00 00 00 11 7a b3 39 99 5d 4d 3d 00 00 00 00 00 00 00 00 0d 69 cc 3e 45 66 38 be ea 2d 91 45 cc 95 77 44 8c 9f 15 46 00 99 80 39 5e 3a 2a bb 5c 4d 44 b9 00 81 95 40 10 33 00 00 6a 03 00 00 00 00 00 00 00 00 ff 0b 11 00 c3 d3 2b 65 31 4d c9 40 15 01 00 00 14 01 00 00 00
2026-09-18T14:29:10.7536440Z RX 43 4f 5a 03 52 45 01 09 00 00 00 00 04 00 05 5c 00 f0 8d 31 00 00 00 00 00 00 00 00 00 00 00 00 7a 3d 00 00 00 00 00 00 00 00 d6 13 ab 39 65 6a 4d 3d 00 00 00 00 00 00 00 00 0d 69 cc 3e 45 66 38 be ae 7c 90 45 49 c0 9b 44 a9 08 15 46 70 ae 56 ba cc a1 b6 3a 02 0e 3a ba 00 81 95 40 10 33 00 00 6a 03 00 00 00 00 00 00 00 00 ff
2026-09-18T14:29:10.7646110Z TX 43 4f 5a 03 52 45 01 0b 00 00 00 00 14 00 cf f7 53 e3 7d 64 c9 40 16 01 00 00 15 01 00 00 00
2026-09-18T14:29:10.7862985Z RX 43 4f 5a 03 52 45 01 09 00 00 00 00 04 00 0b 11 00 cf f7 53 e3 7d 64 c9 40 16 01 00 00 15 01 00 00 00 05 5c 00 f0 ab 31 00 00 00 00 00 00 00 00 00 00 00 00 7a 3d 00 00 00 00 00 00 00 00 9b ad a2 39 5f d1 4c 3d 00 00 00 00 00 00 00 00 0d 69 cc 3e 45 66 38 be 6f f4 90 45 1c 31 94 44 1b 94 17 46 58 c4 88 3a f2 9f 0f 3b 5e 84 a1 ba 00 81 95 40 10 33 00 00 6a 03 00 00 00 00 00 00 00 00 ff
2026-09-18T14:29:10.8120675Z TX 43 4f 5a 03 52 45 01 0b 00 00 00 00 14 00 a2 45 b6 f3 35 7c c9 40 17 01 00 00 16 01 00 00 00
2026-09-18T14:29:10.8222143Z RX 43 4f 5a 03 52 45 01 09 00 00 00 00 04 00 05 5c 00 f0 c9 31 00 00 00 00 00 00 00 00 00 00 00 00 7a 3d 00 00 00 00 00 00 00 00 e1 20 8f 39 fb 4d 4e 3d 00 00 00 00 00 00 00 00 0d 69 cc 3e 45 66 38 be f2 3e 92 45 6e 57 94 44 b2 19 16 46 40 0b 06 3a 6c 89 5e bb 5f 8b 7e ba 00 81 95 40 10 33 00 00 6a 03 00 00 00 00 00 00 00 00 ff 0b 11 00 a2 45 b6 f3 35 7c c9 40 17 01 00 00 16 01 00 00 00
2026-09-18T14:29:10.8525903Z RX 43 4f 5a 03 52 45 01 09 00 00 00 00 04 00 05 5c 00 f0 e7 31 00 00 00 00 00 00 00 00 00 00 00 00 7a 3d 00 00 00 00 00 00 00 00 8c f5 88 39 bf fa 4e 3d 00 00 00 00 00 00 00 00 0d 69 cc 3e 45 66 38 be 6b ba 8e 45 22 38 7f 44 e1 20 16 46 c0 ef 10 ba fe ee 43 3b b6 af 92 3a 00 81 95 40 10 33 00 00 6a 03 00 00 00 00 00 00 00 00 ff
2026-09-18T14:29:10.8594153Z TX 43 4f 5a 03 52 45 01 0b 00 00 00 00 14 00 62 10 58 39 ec 93 c9 40 18 01 00 00 17 01 00 00 00
2026-09-18T14:29:10.8852318Z RX 43 4f 5a 03 52 45 01 09 00 00 00 00 04 00 05 5c 00 f0 05 32 00 00 00 00 00 00 00 00 00 00 00 00 7a 3d 00 00 00 00 00 00 00 00 49 4b 9e 39 ba 80 4d 3d 00 00 00 00 00 00 00 00 0d 69 cc 3e 45 66 38 be 27 5b 90 45 93 ee 8c 44 17 1c 16 46 70 ae 56 ba 60 d3 54 b9 c7 ce af 39 00 81 95 40 10 33 00 00 6a 03 00 00 00 00 00 00 00 00 ff 0b 11 00 62 10 58 39 ec 93 c9 40 18 01 00 00 17 01 00 00 00 05 0a 00 f3 bc bc 58 de 02 00 00 00 45
2026-09-18T14:29:10.9067673Z TX 43 4f 5a 03 52 45 01 0b 00 00 00 00 14 00 33 c4 b1 2e a6 ab c9 40 19 01 00 00 18 01 00 00 00
2026-09-18T14:29:10.9185394Z RX 43 4f 5a 03 52 45 01 09 00 00 00 00 04 00 05 5c 00 f0 23 32 00 00 00 00 00 00 00 00 00 00 00 00 7a 3d 00 00 00 00 00 00 00 00 db eb 92 39 57 d6 4c 3d 00 00 00 00 00 00 00 00 0d 69 cc 3e 45 66 38 be 4d 13 90 45 15 41 9a 44 30 ec 15 46 f8 15 b1 ba 50 b2 40 ba 5e 84 a1 ba 00 81 95 40 10 33 00 00 6a 03 00 00 00 00 00 00 00 00 ff 0b 11 00 33 c4 b1 2e a6 ab c9 40 19 01 00 00 18 01 00 00 00 05 5c 00 f0 41 32 00 00 00 00 00 00 00 00 00 00 00 00 7a 3d 00 00 00 00 00 00 00 00 1f 3d 8e 39 fb 1f 4d 3d 00 00 00 00 00 00 00 00 0d 69 cc 3e 45 66 38 be 88 c4 90 45 21 8c 9d 44 da 2c 16 46 00 62 96 b9 e4 17 a6 ba 02 0e 3a ba 00 e3 95 40 10 33 00 00 6a 03 00 00 00 00 00 00 00 00 ff
2026-09-18T14:29:10.9514103Z RX 43 4f 5a 03 52 45 01 09 00 00 00 00 04 00 05 5c 00 f0 5f 32 00 00 00 00 00 00 00 00 00 00 00 00 7a 3d 00 00 00 00 00 00 00 00 64 4c 7e 39 7d 42 4d 3d 00 00 00 00 00 00 00 00 0d 69 cc 3e 45 66 38 be d5 34 90 45 f8 4f 8a 44 60 31 15 46 f8 c9 4b 3a 40 91 ac 39 49 21 eb b9 00 81 95 40 10 33 00 00 6a 03 00 00 00 00 00 00 00 00 ff
2026-09-18T14:29:10.9539299Z TX 43 4f 5a 03 52 45 01 0b 00 00 00 00 14 00 48 bf 7d 1d 20 c3 c9 40 1a 01 00 00 19 01 00 00 00
2026-09-18T14:29:10.9847139Z RX 43 4f 5a 03 52 45 01 09 00 00 00 00 04 00 0b 11 00 48 bf 7d 1d 20 c3 c9 40 1a 01 00 00 19 01 00 00 00 05 5c 00 f0 7d 32 00 00 00 00 00 00 00 00 00 00 00 00 7a 3d 00 00 00 00 00 00 00 00 1d 79 70 39 00 a0 4e 3d 00 00 00 00 00 00 00 00 0d 69 cc 3e 45 66 38 be cb a7 90 45 2a 07 7b 44 b7 2e 14 46 f8 c9 4b 3a 00 5b 07 bb 33 50 9b 38 00 81 95 40 10 33 00 00 6a 03 00 00 00 00 00 00 00 00 ff
2026-09-18T14:29:11.0002709Z TX 43 4f 5a 03 52 45 01 0b 00 00 00 00 14 00 0f 0b b5 a6 59 da c9 40 1b 01 00 00 1a 01 00 00 00
2026-09-18T14:29:11.0175938Z RX 43 4f 5a 03 52 45 01 09 00 00 00 00 04 00 0b 11 00 0f 0b b5 a6 59 da c9 40 1b 01 00 00 1a 01 00 00 00 05 5c 00 f0 9b 32 00 00 00 00 00 00 00 00 00 00 00 00 7a 3d 00 00 00 00 00 00 00 00 a9 a8 62 39 71 ab 4d 3d 00 00 00 00 00 00 00 00 0d 69 cc 3e 45 66 38 be ab 42 8e 45 6e 57 94 44 d8 d1 15 46 a0 be 97 b9 14 5f b0 3b 3a dd 9d 38 00 81 95 40 10 33 00 00 6a 03 00 00 00 00 00 00 00 00 ff
2026-09-18T14:29:11.0457773Z TX 43 4f 5a 03 52 45 01 0b 00 00 00 00 14 00 a8 57 ca 32 24 f1 c9 40 1c 01 00 00 1b 01 00 00 00
2026-09-18T14:29:11.0529981Z RX 43 4f 5a 03 52 45 01 09 00 00 00 00 04 00 05 5c 00 f0 b9 32 00 00 00 00 00 00 00 00 00 00 00 00 7a 3d 00 00 00 00 00 00 00 00 0d 41 69 39 cd c8 4a 3d 00 00 00 00 00 00 00 00 0d 69 cc 3e 45 66 38 be bf 5c 8d 45 39 f9 90 44 91 76 14 46 d0 5a 8e ba 20 de 61 b9 3f a2 43 b9 00 81 95 40 10 33 00 00 6a 03 00 00 00 00 00 00 00 00 ff 0b 11 00 a8 57 ca 32 24 f1 c9 40 1c 01 00 00 1b 01 00 00 00
2026-09-18T14:29:11.0835644Z RX 43 4f 5a 03 52 45 01 09 00 00 00 00 04 00 05 0a 00 f3 ec 8e 1a 24 02 00 00 00 4d 05 5c 00 f0 d7 32 00 00 00 00 00 00 00 00 00 00 00 00 7a 3d 00 00 00 00 00 00 00 00 f6 4c 6d 39 70 c9 4a 3d 00 00 00 00 00 00 00 00 0d 69 cc 3e 45 66 38 be 1a 73 90 45 f8 4f 8a 44 d2 1b 15 46 98 9a d3 ba 88 ee 3b bb 39 b9 92 3a 00 e3 95 40 10 33 00 00 6a 03 00 00 00 00 00 00 00 00 ff
2026-09-18T14:29:11.0932648Z TX 43 4f 5a 03 52 45 01 0b 00 00 00 00 14 00 2b 18 95 d4 e1 08 ca 40 1d 01 00 00 1c 01 00 00 00
2026-09-18T14:29:11.1166909Z RX 43 4f 5a 03 52 45 01 09 00 00 00 00 04 00 0b 11 00 2b 18 95 d4 e1 08 ca 40 1d 01 00 00 1c 01 00 00 00 05 5c 00 f0 f5 32 00 00 00 00 00 00 00 00 00 00 00 00 7a 3d 00 00 00 00 00 00 00 00 9d 04 5b 39 12 4f 4d 3d 00 00 00 00 00 00 00 00 0d 69 cc 3e 45 66 38 be a2 94 90 45 0c 6a 89 44 13 e2 13 46 90 45 b0 ba cc 62 3b bb 73 0c 7e ba 00 81 95 40 10 33 00 00 6a 03 00 00 00 00 00 00 00 00 ff
2026-09-18T14:29:11.1391324Z TX 43 4f 5a 03 52 45 01 0b 00 00 00 00 14 00 4b c8 07 3d c3 1f ca 40 1e 01 00 00 1d 01 00 00 00
2026-09-18T14:29:11.1495898Z RX 43 4f 5a 03 52 45 01 09 00 00 00 00 04 00 05 5c 00 f0 13 33 00 00 00 00 00 00 00 00 00 00 00 00 7a 3d 00 00 00 00 00 00 00 00 1c c4 4e 39 b9 87 4f 3d 00 00 00 00 00 00 00 00 0d 69 cc 3e 45 66 38 be 50 6e 90 45 85 e5 85 44 5c b9 13 46 00 88 4b b7 a0 ea b0 39 38 30 41 b9 00 e3 95 40 10 33 00 00 6a 03 00 00 00 00 00 00 00 00 ff 0b 11 00 4b c8 07 3d c3 1f ca 40 1e 01 00 00 1d 01 00 00 00
2026-09-18T14:29:11.1835715Z RX 43 4f 5a 03 52 45 01 09 00 00 00 00 04 00 05 5c 00 f0 31 33 00 00 00 00 00 00 00 00 00 00 00 00 7a 3d 00 00 00 00 00 00 00 00 f8 c4 5e 39 7e 78 4e 3d 00 00 00 00 00 00 00 00 0d 69 cc 3e 45 66 38 be 1e 4a 8f 45 29 5b 99 44 c2 9a 15 46 e0 e4 83 39 2a c1 a7 3b 30 e4 92 3a 00 81 95 40 10 33 00 00 6a 03 00 00 00 00 00 00 00 00 ff
2026-09-18T14:29:11.1849177Z TX 43 4f 5a 03 52 45 01 0b 00 00 00 00 14 00 84 0d 4f af b4 36 ca 40 1f 01 00 00 1e 01 00 00 00
2026-09-18T14:29:11.2157144Z RX 43 4f 5a 03 52 45 01 09 00 00 00 00 04 00 05 5c 00 f0 4f 33 00 00 00 00 00 00 00 00 00 00 00 00 7a 3d 00 00 00 00 00 00 00 00 26 d8 5f 39 2c 8d 4b 3d 00 00 00 00 00 00 00 00 0d 69 cc 3e 45 66 38 be cc 23 8f 45 e4 5e 9e 44 56 66 16 46 40 2e 07 3a 60 4a 19 3a 61 ab 39 ba 00 81 95 40 10 33 00 00 6a 03 00 00 00 00 00 00 00 00 ff 0b 11 00 84 0d 4f af b4 36 ca 40 1f 01 00 00 1e 01 00 00 00 05 5c 00 f0 6d 33 00 00 00 00 00 00 00 00 00 00 00 00 7a 3d 00 00 00 00 00 00 00 00 73 f3 60 39 32 3e 4c 3d 00 00 00 00 00 00 00 00 0d 69 cc 3e 45 66 38 be 27 5b 90 45 5c d2 85 44 cc 27 15 46 70 6d 55 ba 3c 67 4d bb 4e 3e 61 3a 00 e3 95 40 10 33 00 00 6a 03 00 00 00 00 00 00 00 00 ff
2026-09-18T14:29:11.2319128Z TX 43 4f 5a 03 52 45 01 0b 00 00 00 00 14 00 fe d4 78 e9 36 4e ca 40 20 01 00 00 1f 01 00 00 00
2026-09-18T14:29:11.2486086Z RX 43 4f 5a 03 52 45 01 09 00 00 00 00 04 00 0b 11 00 fe d4 78 e9 36 4e ca 40 20 01 00 00 1f 01 00 00 00 05 5c 00 f0 8b 33 00 00 00 00 00 00 00 00 00 00 00 00 7a 3d 00 00 00 00 00 00 00 00 c5 ae 51 39 47 e4 4d 3d 00 00 00 00 00 00 00 00 0d 69 cc 3e 45 66 38 be 16 9c 91 45 08 ee 81 44 6c db 15 46 f0 4c 54 ba 98 12 40 ba 16 d5 7d ba 00 81 95 40 10 33 00 00 6a 03 00 00 00 00 00 00 00 00 ff
2026-09-18T14:29:11.2787547Z TX 43 4f 5a 03 52 45 01 0b 00 00 00 00 14 00 2c d4 9a e6 a5 65 ca 40 21 01 00 00 20 01 00 00 00
2026-09-18T14:29:11.2815988Z RX 43 4f 5a 03 52 45 01 09 00 00 00 00 04 00 05 5c 00 f0 a9 33 00 00 00 00 00 00 00 00 00 00 00 00 7a 3d 00 00 00 00 00 00 00 00 08 de 4f 39 bd b3 4e 3d 00 00 00 00 00 00 00 00 0d 69 cc 3e 45 66 38 be a2 94 90 45 04 c4 a0 44 56 a4 15 46 00 44 36 b7 5c 01 b7 3a e8 4e b5 3a 00 e3 95 40 10 33 00 00 6a 03 00 00 00 00 00 00 00 00 ff 0b 11 00 2c d4 9a e6 a5 65 ca 40 21 01 00 00 20 01 00 00 00
2026-09-18T14:29:11.3142421Z RX 43 4f 5a 03 52 45 01 09 00 00 00 00 04 00 05 5c 00 f0 c7 33 00 00 00 00 00 00 00 00 00 00 00 00 7a 3d 00 00 00 00 00 00 00 00 78 a9 71 39 d4 7d 4d 3d 00 00 00 00 00 00 00 00 0d 69 cc 3e 45 66 38 be f6 36 8f 45 dd 45 91 44 74 0d 15 46 48 c0 ac 3a 14 d3 d8 3a 61 c2 af 39 00 81 95 40 10 33 00 00 6a 03 00 00 00 00 00 00 00 00 ff
2026-09-18T14:29:11.3260824Z TX 43 4f 5a 03 52 45 01 0b 00 00 00 00 14 00 b4 c8 76 be 3f 7d ca 40 22 01 00 00 21 01 00 00 00
2026-09-18T14:29:11.3476089Z RX 43 4f 5a 03 52 45 01 09 00 00 00 00 04 00 0b 11 00 b4 c8 76 be 3f 7d ca 40 22 01 00 00 21 01 00 00 00 05 5c 00 f0 e5 33 00 00 00 00 00 00 00 00 00 00 00 00 7a 3d 00 00 00 00 00 00 00 00 9c 66 8d 39 d6 d1 4a 3d 00 00 00 00 00 00 00 00 0d 69 cc 3e 45 66 38 be 8a 40 8f 45 87 a3 89 44 bc 85 17 46 e8 40 8d ba d0 eb a8 39 6d e9 5f 3a 00 e3 95 40 10 33 00 00 6a 03 00 00 00 00 00 00 00 00 ff
2026-09-18T14:29:11.3728620Z TX 43 4f 5a 03 52 45 01 0b 00 00 00 00 14 00 0d e0 2d 90 98 94 ca 40 23 01 00 00 22 01 00 00 00
2026-09-18T14:29:11.3806799Z RX 43 4f 5a 03 52 45 01 09 00 00 00 00 04 00 05 0a 00 f3 8b 63 6c 11 01 00 00 00 2c 05 5c 00 f0 03 34 00 00 00 00 00 00 00 00 00 00 00 00 7a 3d 00 00 00 00 00 00 00 00 84 a7 8d 39 cd b3 4b 3d 00 00 00 00 00 00 00 00 0d 69 cc 3e 45 66 38 be 8e 7a 91 45 bd e0 8e 44 b2 57 15 46 c8 d4 8c ba 2e ca bd bb 51 18 ed b9 00 e3 95 40 10 33 00 00 6a 03 00 00 00 00 00 00 00 00 ff 0b 11 00 0d e0 2d 90 98 94 ca 40 23 01 00 00 22 01 00 00 00
2026-09-18T14:29:11.4136913Z RX 43 4f 5a 03 52 45 01 09 00 00 00 00 04 00 05 5c 00 f0 21 34 00 00 00 00 00 00 00 00 00 00 00 00 7a 3d 00 00 00 00 00 00 00 00 90 3a 82 39 1b 06 4d 3d 00 00 00 00 00 00 00 00 0d 69 cc 3e 45 66 38 be 17 18 90 45 2f 6c 91 44 2e cf 14 46 00 40 fd b6 9c bb b7 3a fc ff 7e ba 00 81 95 40 10 33 00 00 6a 03 00 00 00 00 00 00 00 00 ff
2026-09-18T14:29:11.4194562Z TX 43 4f 5a 03 52 45 01 0b 00 00 00 00 14 00 05 a3 92 3a e9 ab ca 40 24 01 00 00 23 01 00 00 00
2026-09-18T14:29:11.4466616Z RX 43 4f 5a 03 52 45 01 09 00 00 00 00 04 00 0b 11 00 05 a3 92 3a e9 ab ca 40 24 01 00 00 23 01 00 00 00 05 5c 00 f0 3f 34 00 00 00 00 00 00 00 00 00 00 00 00 7a 3d 00 00 00 00 00 00 00 00 1b 92 79 39 f0 fa 4e 3d 00 00 00 00 00 00 00 00 0d 69 cc 3e 45 66 38 be 2a b6 90 45 5a 0a 75 44 1b f3 14 46 40 22 09 3a 40 be 90 38 60 ad 99 38 00 e3 95 40 10 33 00 00 6a 03 00 00 00 00 00 00 00 00 ff
2026-09-18T14:29:11.4652755Z TX 43 4f 5a 03 52 45 01 0b 00 00 00 00 14 00 b4 59 f5 b9 ca c2 ca 40 25 01 00 00 24 01 00 00 00
2026-09-18T14:29:11.4797652Z RX 43 4f 5a 03 52 45 01 09 00 00 00 00 04 00 05 5c 00 f0 5d 34 00 00 00 00 00 00 00 00 00 00 00 00 7a 3d 00 00 00 00 00 00 00 00 7e 44 80 39 7b 28 4e 3d 00 00 00 00 00 00 00 00 0d 69 cc 3e 45 66 38 be f9 70 91 45 1a 73 90 44 00 a7 16 46 90 a1 8c ba 2c 44 21 3b 70 b5 60 3a 00 81 95 40 10 33 00 00 6a 03 00 00 00 00 00 00 00 00 ff 0b 11 00 b4 59 f5 b9 ca c2 ca 40 25 01 00 00 24 01 00 00 00
2026-09-18T14:29:11.5128157Z TX 43 4f 5a 03 52 45 01 0b 00 00 00 00 14 00 8d 97 6e 12 9b da ca 40 26 01 00 00 25 01 00 00 00
2026-09-18T14:29:11.5130076Z RX 43 4f 5a 03 52 45 01 09 00 00 00 00 04 00 05 5c 00 f0 7b 34 00 00 00 00 00 00 00 00 00 00 00 00 7a 3d 00 00 00 00 00 00 00 00 9f 55 96 39 54 8e 4c 3d 00 00 00 00 00 00 00 00 0d 69 cc 3e 45 66 38 be cc 23 8f 45 39 22 a4 44 07 d9 15 46 20 ed 86 39 80 d9 1c 3a 22 38 1c 3a 00 81 95 40 10 33 00 00 6a 03 00 00 00 00 00 00 00 00 ff
2026-09-18T14:29:11.5478765Z RX 43 4f 5a 03 52 45 01 09 00 00 00 00 04 00 05 5c 00 f0 99 34 00 00 00 00 00 00 00 00 00 00 00 00 7a 3d 00 00 00 00 00 00 00 00 2f 2e 8d 39 3d 0c 4c 3d 00 00 00 00 00 00 00 00 0d 69 cc 3e 45 66 38 be 95 ac 90 45 ee c2 8a 44 ad a1 14 46 b0 c5 0d ba 32 e5 4c bb 5c d9 c3 ba 00 81 95 40 10 33 00 00 6a 03 00 00 00 00 00 00 00 00 ff 0b 11 00 8d 97 6e 12 9b da ca 40 26 01 00 00 25 01 00 00 00 05 5c 00 f0 b7 34 00 00 00 00 00 00 00 00 00 00 00 00 7a 3d 00 00 00 00 00 00 00 00 ea 43 70 39 81 83 4d 3d 00 00 00 00 00 00 00 00 0d 69 cc 3e 45 66 38 be d5 34 90 45 5e 90 89 44 22 e7 14 46 60 84 53 ba 30 8e c8 ba 86 7a eb b9 00 81 95 40 10 33 00 00 6a 03 00 00 00 00 00 00 00 00 ff
2026-09-18T14:29:11.5595016Z TX 43 4f 5a 03 52 45 01 0b 00 00 00 00 14 00 42 3e e8 d9 fc f1 ca 40 27 01 00 00 26 01 00 00 00
2026-09-18T14:29:11.5784555Z RX 43 4f 5a 03 52 45 01 09 00 00 00 00 04 00 0b 11 00 42 3e e8 d9 fc f1 ca 40 27 01 00 00 26 01 00 00 00 05 5c 00 f0 d5 34 00 00 00 00 00 00 00 00 00 00 00 00 7a 3d 00 00 00 00 00 00 00 00 4c 4e 82 39 e2 a7 4d 3d 00 00 00 00 00 00 00 00 0d 69 cc 3e 45 66 38 be 80 b3 8f 45 1d 10 96 44 34 85 15 46 60 84 53 ba 80 2b 94 3a 3e eb 99 38 00 81 95 40 10 33 00 00 6a 03 00 00 00 00 00 00 00 00 ff
2026-09-18T14:29:11.6049069Z TX 43 4f 5a 03 52 45 01 0b 00 00 00 00 14 00 b3 7b f2 b0 b0 08 cb 40 28 01 00 00 27 01 00 00 00
2026-09-18T14:29:11.6112941Z RX 43 4f 5a 03 52 45 01 09 00 00 00 00 04 00 05 5c 00 f0 f3 34 00 00 00 00 00 00 00 00 00 00 00 00 7a 3d 00 00 00 00 00 00 00 00 4f ca 73 39 0f 88 4c 3d 00 00 00 00 00 00 00 00 0d 69 cc 3e 45 66 38 be d2 d9 8f 45 19 94 8e 44 a5 31 16 46 20 ed 86 39 80 d9 1c 3a 86 7a eb b9 00 81 95 40 10 33 00 00 6a 03 00 00 00 00 00 00 00 00 ff 0b 11 00 b3 7b f2 b0 b0 08 cb 40 28 01 00 00 27 01 00 00 00
2026-09-18T14:29:11.6447525Z RX 43 4f 5a 03 52 45 01 09 00 00 00 00 04 00 05 5c 00 f0 11 35 00 00 00 00 00 00 00 00 00 00 00 00 7a 3d 00 00 00 00 00 00 00 00 75 bf 43 39 0a 06 4d 3d 00 00 00 00 00 00 00 00 0d 69 cc 3e 45 66 38 be 34 22 92 45 33 e8 98 44 65 a9 16 46 50 35 09 3a 32 e5 4c bb 5d 89 37 bb 00 81 95 40 10 33 00 00 6a 03 00 00 00 00 00 00 00 00 ff
2026-09-18T14:29:11.6505983Z TX 43 4f 5a 03 52 45 01 0b 00 00 00 00 14 00 d9 ce f7 53 7b 1f cb 40 29 01 00 00 28 01 00 00 00
2026-09-18T14:29:11.6776593Z RX 43 4f 5a 03 52 45 01 09 00 00 00 00 04 00 0b 11 00 d9 ce f7 53 7b 1f cb 40 29 01 00 00 28 01 00 00 00 05 5c 00 f0 2f 35 00 00 00 00 00 00 00 00 00 00 00 00 7a 3d 00 00 00 00 00 00 00 00 34 31 15 39 98 fe 4d 3d 00 00 00 00 00 00 00 00 0d 69 cc 3e 45 66 38 be c4 54 93 45 28 a5 aa 44 8f 9b 18 46 b0 c5 0d ba 40 98 62 3a 3e eb 99 38 00 81 95 40 10 33 00 00 6a 03 00 00 00 00 00 00 00 00 ff
2026-09-18T14:29:11.6974361Z TX 43 4f 5a 03 52 45 01 0b 00 00 00 00 14 00 0f 0b b5 a6 01 37 cb 40 2a 01 00 00 29 01 00 00 00
2026-09-18T14:29:11.7108167Z RX 43 4f 5a 03 52 45 01 09 00 00 00 00 04 00 05 5c 00 f0 4d 35 00 00 00 00 00 00 00 00 00 00 00 00 7a 3d 00 00 00 00 00 00 00 00 99 df 0c 39 bc ac 4c 3d 00 00 00 00 00 00 00 00 0d 69 cc 3e 45 66 38 be c4 75 91 45 19 e6 b4 44 65 a9 16 46 b0 c5 0d ba 98 c9 fc 3a fe b7 7e ba 00 81 95 40 10 33 00 00 6a 03 00 00 00 00 00 00 00 00 ff 0b 11 00 0f 0b b5 a6 01 37 cb 40 2a 01 00 00 29 01 00 00 00
2026-09-18T14:29:11.7435106Z RX 43 4f 5a 03 52 45 01 09 00 00 00 00 04 00 05 5c 00 f0 6b 35 00 00 00 00 00 00 00 00 00 00 00 00 7a 3d 00 00 00 00 00 00 00 00 db 35 ec 38 70 c7 4c 3d 00 00 00 00 00 00 00 00 0d 69 cc 3e 45 66 38 be 05 7a 8f 45 c5 d8 9d 44 dc a8 14 46 7c f7 f2 3a 70 cf 82 ba d6 ff 44 b9 00 81 95 40 10 33 00 00 6a 03 00 00 00 00 00 00 00 00 ff
2026-09-18T14:29:11.7443202Z TX 43 4f 5a 03 52 45 01 0b 00 00 00 00 14 00 e1 7a 14 ae 4f 4e cb 40 2b 01 00 00 2a 01 00 00 00
2026-09-18T14:29:11.7769144Z RX 43 4f 5a 03 52 45 01 09 00 00 00 00 04 00 0b 11 00 e1 7a 14 ae 4f 4e cb 40 2b 01 00 00 2a 01 00 00 00 05 5c 00 f0 89 35 00 00 00 00 00 00 00 00 00 00 00 00 7a 3d 00 00 00 00 00 00 00 00 9b 73 0a 39 a4 bd 4d 3d 00 00 00 00 00 00 00 00 0d 69 cc 3e 45 66 38 be dc 66 8f 45 aa 20 4b 44 3f 50 14 46 20 ed 86 39 80 e0 8a 38 8a 75 af 39 00 81 95 40 10 33 00 00 6a 03 00 00 00 00 00 00 00 00 ff
2026-09-18T14:29:11.7903325Z TX 43 4f 5a 03 52 45 01 0b 00 00 00 00 14 00 07 5f 98 4c 6d 65 cb 40 2c 01 00 00 2b 01 00 00 00
2026-09-18T14:29:11.8106439Z RX 43 4f 5a 03 52 45 01 09 00 00 00 00 04 00 05 5c 00 f0 a7 35 00 00 00 00 00 00 00 00 00 00 00 00 7a 3d 00 00 00 00 00 00 00 00 b1 e0 15 39 79 48 4d 3d 00 00 00 00 00 00 00 00 0d 69 cc 3e 45 66 38 be c1 1a 91 45 0a ac 85 44 06 9b 16 46 90 a1 8c ba 2c 44 21 3b 67 99 92 3a 00 81 95 40 10 33 00 00 6a 03 00 00 00 00 00 00 00 00 ff 0b 11 00 07 5f 98 4c 6d 65 cb 40 2c 01 00 00 2b 01 00 00 00
2026-09-18T14:29:11.8384930Z TX 43 4f 5a 03 52 45 01 0b 00 00 00 00 14 00 0a 68 22 6c 80 7d cb 40 2d 01 00 00 2c 01 00 00 00
2026-09-18T14:29:11.8426905Z RX 43 4f 5a 03 52 45 01 09 00 00 00 00 04 00 05 5c 00 f0 c5 35 00 00 00 00 00 00 00 00 00 00 00 00 7a 3d 00 00 00 00 00 00 00 00 fb 46 24 39 ba c9 4d 3d 00 00 00 00 00 00 00 00 0d 69 cc 3e 45 66 38 be b4 32 91 45 7a cb aa 44 6d 19 15 46 20 ed 86 39 76 26 07 bb d6 ff 44 b9 00 e3 95 40 10 33 00 00 6a 03 00 00 00 00 00 00 00 00 ff 0b 11 00 0a 68 22 6c 80 7d cb 40 2d 01 00 00 2c 01 00 00 00 05 5c 00 f0 e3 35 00 00 00 00 00 00 00 00 00 00 00 00 7a 3d 00 00 00 00 00 00 00 00 a4 48 fd 38 1c 6b 4e 3d 00 00 00 00 00 00 00 00 0d 69 cc 3e 45 66 38 be 9f 39 90 45 f8 4f 8a 44 af be 15 46 60 59 8a 3a 40 98 62 3a b0 4a 15 bb 00 81 95 40 10 33 00 00 6a 03 00 00 00 00 00 00 00 00 ff
2026-09-18T14:29:11.8754613Z RX 43 4f 5a 03 52 45 01 09 00 00 00 00 04 00 05 5c 00 f0 01 36 00 00 00 00 00 00 00 00 00 00 00 00 7a 3d 00 00 00 00 00 00 00 00 54 03 b2 38 45 1c 4d 3d 00 00 00 00 00 00 00 00 0d 69 cc 3e 45 66 38 be 66 e3 8f 45 52 45 86 44 8b 61 16 46 00 0c 12 b7 98 c9 fc 3a 22 38 1c 3a 00 e3 95 40 10 33 00 00 6a 03 00 00 00 00 00 00 00 00 ff
2026-09-18T14:29:11.8842597Z TX 43 4f 5a 03 52 45 01 0b 00 00 00 00 14 00 39 d6 c5 6d 64 94 cb 40 2e 01 00 00 2d 01 00 00 00
2026-09-18T14:29:11.9096000Z RX 43 4f 5a 03 52 45 01 09 00 00 00 00 04 00 05 0a 00 f3 bc bc 58 de 02 00 00 00 45 0b 11 00 39 d6 c5 6d 64 94 cb 40 2e 01 00 00 2d 01 00 00 00 05 5c 00 f0 1f 36 00 00 00 00 00 00 00 00 00 00 00 00 7a 3d 00 00 00 00 00 00 00 00 f6 57 93 38 c7 5e 4d 3d 00 00 00 00 00 00 00 00 0d 69 cc 3e 45 66 38 be e2 1c 90 45 a9 c6 8f 44 4d 55 15 46 50 35 09 3a 28 e0 3f ba 59 2b 04 bb 00 e3 95 40 10 33 00 00 6a 03 00 00 00 00 00 00 00 00 ff
2026-09-18T14:29:11.9300103Z TX 43 4f 5a 03 52 45 01 0b 00 00 00 00 14 00 ef 38 45 47 2a ab cb 40 2f 01 00 00 2e 01 00 00 00
2026-09-18T14:29:11.9416199Z RX 43 4f 5a 03 52 45 01 09 00 00 00 00 04 00 0b 11 00 ef 38 45 47 2a ab cb 40 2f 01 00 00 2e 01 00 00 00 05 5c 00 f0 3d 36 00 00 00 00 00 00 00 00 00 00 00 00 7a 3d 00 00 00 00 00 00 00 00 76 fc 21 38 5e 55 4e 3d 00 00 00 00 00 00 00 00 0d 69 cc 3e 45 66 38 be 98 07 91 45 fa 0d 8e 44 c9 cc 14 46 00 0c 12 b7 80 e0 8a 38 d6 ff 44 b9 00 81 95 40 10 33 00 00 6a 03 00 00 00 00 00 00 00 00 ff
2026-09-18T14:29:11.9745700Z RX 43 4f 5a 03 52 45 01 09 00 00 00 00 04 00 05 5c 00 f0 5b 36 00 00 00 00 00 00 00 00 00 00 00 00 7a 3d 00 00 00 00 00 00 00 00 43 2b 1a 38 70 67 4d 3d 00 00 00 00 00 00 00 00 0d 69 cc 3e 45 66 38 be 12 62 8f 45 2f 6c 91 44 1d 10 16 46 c0 38 ad 3a 88 23 44 3b 22 38 1c 3a 00 e3 95 40 10 33 00 00 6a 03 00 00 00 00 00 00 00 00 ff
2026-09-18T14:29:11.9756340Z TX 43 4f 5a 03 52 45 01 0b 00 00 00 00 14 00 6d c5 fe b2 13 c2 cb 40 30 01 00 00 2f 01 00 00 00
2026-09-18T14:29:12.0076829Z RX 43 4f 5a 03 52 45 01 09 00 00 00 00 04 00 0b 11 00 6d c5 fe b2 13 c2 cb 40 30 01 00 00 2f 01 00 00 00 05 5c 00 f0 79 36 00 00 00 00 00 00 00 00 00 00 00 00 7a 3d 00 00 00 00 00 00 00 00 f4 82 93 38 b0 04 4d 3d 00 00 00 00 00 00 00 00 0d 69 cc 3e 45 66 38 be b8 09 90 45 a9 c6 8f 44 9c 20 15 46 90 a1 8c ba d0 ae a5 ba c4 16 d7 3a 00 e3 95 40 10 33 00 00 6a 03 00 00 00 00 00 00 00 00 ff
2026-09-18T14:29:12.0217420Z TX 43 4f 5a 03 52 45 01 0b 00 00 00 00 14 00 a2 b4 37 f8 1a d9 cb 40 31 01 00 00 30 01 00 00 00
2026-09-18T14:29:12.0406269Z RX 43 4f 5a 03 52 45 01 09 00 00 00 00 04 00 05 5c 00 f0 97 36 00 00 00 00 00 00 00 00 00 00 00 00 7a 3d 00 00 00 00 00 00 00 00 41 21 d6 38 e3 d0 4d 3d 00 00 00 00 00 00 00 00 0d 69 cc 3e 45 66 38 be fb ec 8f 45 c7 6d 8e 44 df 03 15 46 b0 c5 0d ba c0 8a 51 b9 d6 ff 44 b9 00 81 95 40 10 33 00 00 6a 03 00 00 00 00 00 00 00 00 ff 0b 11 00 a2 b4 37 f8 1a d9 cb 40 31 01 00 00 30 01 00 00 00
2026-09-18T14:29:12.0674066Z TX 43 4f 5a 03 52 45 01 0b 00 00 00 00 14 00 36 ab 3e 57 f3 ef cb 40 32 01 00 00 31 01 00 00 00
2026-09-18T14:29:12.0735570Z RX 43 4f 5a 03 52 45 01 09 00 00 00 00 04 00 05 5c 00 f0 b5 36 00 00 00 00 00 00 00 00 00 00 00 00 7a 3d 00 00 00 00 00 00 00 00 80 83 b1 38 ef 06 4e 3d 00 00 00 00 00 00 00 00 0d 69 cc 3e 45 66 38 be 9c de 8f 45 a7 08 8c 44 34 85 15 46 00 0c 12 b7 40 98 62 3a 8a 75 af 39 00 81 95 40 10 33 00 00 6a 03 00 00 00 00 00 00 00 00 ff 05 0a 00 f3 ec 8e 1a 24 02 00 00 00 50 0b 11 00 36 ab 3e 57 f3 ef cb 40 32 01 00 00 31 01 00 00 00
2026-09-18T14:29:12.1065565Z RX 43 4f 5a 03 52 45 01 09 00 00 00 00 04 00 05 5c 00 f0 d3 36 00 00 00 00 00 00 00 00 00 00 00 00 7a 3d 00 00 00 00 00 00 00 00 3d 05 ef 38 b0 81 4d 3d 00 00 00 00 00 00 00 00 0d 69 cc 3e 45 66 38 be 2e 8d 8f 45 42 a7 8e 44 54 49 15 46 00 0c 12 b7 90 35 ae 39 70 b5 60 3a 00 81 95 40 10 33 00 00 6a 03 00 00 00 00 00 00 00 00 ff
2026-09-18T14:29:12.1144920Z TX 43 4f 5a 03 52 45 01 0b 00 00 00 00 14 00 1d c9 e5 3f 7c 07 cc 40 33 01 00 00 32 01 00 00 00
2026-09-18T14:29:12.1395861Z RX 43 4f 5a 03 52 45 01 09 00 00 00 00 04 00 05 5c 00 f0 f1 36 00 00 00 00 00 00 00 00 00 00 00 00 7a 3d 00 00 00 00 00 00 00 00 a6 f4 fc 38 cd b8 4d 3d 00 00 00 00 00 00 00 00 0d 69 cc 3e 45 66 38 be c8 4c 90 45 05 7a 8f 44 e8 52 15 46 00 b3 8f b9 80 ab 50 b9 ea 89 af 39 00 81 95 40 10 33 00 00 6a 03 00 00 00 00 00 00 00 00 ff 0b 11 00 1d c9 e5 3f 7c 07 cc 40 33 01 00 00 32 01 00 00 00
2026-09-18T14:29:12.1609118Z TX 43 4f 5a 03 52 45 01 0b 00 00 00 00 14 00 64 3b df 4f b5 1e cc 40 34 01 00 00 33 01 00 00 00
2026-09-18T14:29:12.1727999Z RX 43 4f 5a 03 52 45 01 09 00 00 00 00 04 00 05 5c 00 f0 0f 37 00 00 00 00 00 00 00 00 00 00 00 00 7a 3d 00 00 00 00 00 00 00 00 31 d5 0f 39 ef 86 4d 3d 00 00 00 00 00 00 00 00 0d 69 cc 3e 45 66 38 be ee 04 90 45 c7 6d 8e 44 83 50 15 46 10 02 09 3a 80 e2 f2 b9 40 0a 97 38 00 81 95 40 10 33 00 00 6a 03 00 00 00 00 00 00 00 00 ff 0b 11 00 64 3b df 4f b5 1e cc 40 34 01 00 00 33 01 00 00 00 05 5c 00 f0 2d 37 00 00 00 00 00 00 00 00 00 00 00 00 7a 3d 00 00 00 00 00 00 00 00 5a 76 00 39 af 5d 4d 3d 00 00 00 00 00 00 00 00 0d 69 cc 3e 45 66 38 be ac 21 90 45 6a db 8c 44 6d 19 15 46 50 e5 0d ba f0 c9 3e ba 59 7d eb b9 00 81 95 40 10 33 00 00 6a 03 00 00 00 00 00 00 00 00 ff
2026-09-18T14:29:12.2056545Z RX 43 4f 5a 03 52 45 01 09 00 00 00 00 04 00 05 5c 00 f0 4b 37 00 00 00 00 00 00 00 00 00 00 00 00 7a 3d 00 00 00 00 00 00 00 00 72 f0 05 39 04 24 4e 3d 00 00 00 00 00 00 00 00 0d 69 cc 3e 45 66 38 be d8 8f 90 45 9d 7b 8c 44 24 42 15 46 80 63 87 39 88 37 3e ba 5f 86 45 b9 00 81 95 40 10 33 00 00 6a 03 00 00 00 00 00 00 00 00 ff
2026-09-18T14:29:12.2077426Z TX 43 4f 5a 03 52 45 01 0b 00 00 00 00 14 00 e9 26 31 08 2c 36 cc 40 35 01 00 00 34 01 00 00 00
2026-09-18T14:29:12.2387374Z RX 43 4f 5a 03 52 45 01 09 00 00 00 00 04 00 0b 11 00 e9 26 31 08 2c 36 cc 40 35 01 00 00 34 01 00 00 00 05 5c 00 f0 69 37 00 00 00 00 00 00 00 00 00 00 00 00 7a 3d 00 00 00 00 00 00 00 00 a6 3c ea 38 b5 87 4e 3d 00 00 00 00 00 00 00 00 0d 69 cc 3e 45 66 38 be fb ec 8f 45 be bf 90 44 54 49 15 46 00 2c 19 b7 54 dc b7 3a 27 f9 43 b9 00 81 95 40 10 33 00 00 6a 03 00 00 00 00 00 00 00 00 ff
2026-09-18T14:29:12.2552033Z TX 43 4f 5a 03 52 45 01 0b 00 00 00 00 14 00 9b 55 9f ab cd 4d cc 40 36 01 00 00 35 01 00 00 00
2026-09-18T14:29:12.2720885Z RX 43 4f 5a 03 52 45 01 09 00 00 00 00 04 00 0b 11 00 9b 55 9f ab cd 4d cc 40 36 01 00 00 35 01 00 00 00 05 5c 00 f0 87 37 00 00 00 00 00 00 00 00 00 00 00 00 7a 3d 00 00 00 00 00 00 00 00 2f 90 d4 38 4e c8 4d 3d 00 00 00 00 00 00 00 00 0d 69 cc 3e 45 66 38 be 57 a0 8f 45 2f 6c 91 44 70 74 15 46 d0 aa 0d ba 40 f1 91 38 3f 36 7e ba 00 81 95 40 10 33 00 00 6a 03 00 00 00 00 00 00 00 00 ff
2026-09-18T14:29:12.3015318Z TX 43 4f 5a 03 52 45 01 0b 00 00 00 00 14 00 52 27 a0 89 f0 64 cc 40 37 01 00 00 36 01 00 00 00
2026-09-18T14:29:12.3066887Z RX 43 4f 5a 03 52 45 01 09 00 00 00 00 04 00 05 5c 00 f0 a5 37 00 00 00 00 00 00 00 00 00 00 00 00 7a 3d 00 00 00 00 00 00 00 00 90 f2 c4 38 3b 2d 4e 3d 00 00 00 00 00 00 00 00 0d 69 cc 3e 45 66 38 be 43 86 90 45 e6 f3 8e 44 02 23 15 46 00 44 04 b7 38 d5 a4 ba 77 d5 b0 39 00 81 95 40 10 33 00 00 6a 03 00 00 00 00 00 00 00 00 ff 0b 11 00 52 27 a0 89 f0 64 cc 40 37 01 00 00 36 01 00 00 00
2026-09-18T14:29:12.3381453Z RX 43 4f 5a 03 52 45 01 09 00 00 00 00 04 00 05 5c 00 f0 c3 37 00 00 00 00 00 00 00 00 00 00 00 00 7a 3d 00 00 00 00 00 00 00 00 07 27 c7 38 0b 6c 4e 3d 00 00 00 00 00 00 00 00 0d 69 cc 3e 45 66 38 be e4 77 90 45 37 3b 8d 44 b2 57 15 46 00 e4 03 b7 c0 eb 9b 38 3e 27 ea b9 00 81 95 40 10 33 00 00 6a 03 00 00 00 00 00 00 00 00 ff
2026-09-18T14:29:12.3489139Z TX 43 4f 5a 03 52 45 01 0b 00 00 00 00 14 00 b1 e1 e9 95 9a 7c cc 40 38 01 00 00 37 01 00 00 00
2026-09-18T14:29:12.3711970Z RX 43 4f 5a 03 52 45 01 09 00 00 00 00 04 00 05 5c 00 f0 e1 37 00 00 00 00 00 00 00 00 00 00 00 00 7a 3d 00 00 00 00 00 00 00 00 27 b3 a8 38 b0 22 4f 3d 00 00 00 00 00 00 00 00 0d 69 cc 3e 45 66 38 be 4d 13 90 45 24 00 90 44 ee 46 15 46 c0 1c 8f b9 b0 0f 1f 3a 2c 08 a2 38 00 81 95 40 10 33 00 00 6a 03 00 00 00 00 00 00 00 00 ff 0b 11 00 b1 e1 e9 95 9a 7c cc 40 38 01 00 00 37 01 00 00 00
2026-09-18T14:29:12.3939546Z TX 43 4f 5a 03 52 45 01 0b 00 00 00 00 14 00 ef 38 45 47 2a 93 cc 40 39 01 00 00 38 01 00 00 00
2026-09-18T14:29:12.4039324Z RX 43 4f 5a 03 52 45 01 09 00 00 00 00 04 00 05 5c 00 f0 ff 37 00 00 00 00 00 00 00 00 00 00 00 00 7a 3d 00 00 00 00 00 00 00 00 8a 25 a7 38 3c f4 4e 3d 00 00 00 00 00 00 00 00 0d 69 cc 3e 45 66 38 be ae 7c 90 45 38 1a 8f 44 bf 3f 15 46 f0 7f 8a 3a d0 c4 b1 39 f7 69 e9 b9 00 81 95 40 10 33 00 00 6a 03 00 00 00 00 00 00 00 00 ff 0b 11 00 ef 38 45 47 2a 93 cc 40 39 01 00 00 38 01 00 00 00
2026-09-18T14:29:12.4370082Z RX 43 4f 5a 03 52 45 01 09 00 00 00 00 04 00 05 5c 00 f0 1d 38 00 00 00 00 00 00 00 00 00 00 00 00 7a 3d 00 00 00 00 00 00 00 00 c2 d6 82 38 f9 12 4e 3d 00 00 00 00 00 00 00 00 0d 69 cc 3e 45 66 38 be 4a b8 8f 45 0e 28 8d 44 99 87 15 46 f8 48 4e 3a 30 bc 94 3a 20 c7 38 ba 00 81 95 40 10 33 00 00 6a 03 00 00 00 00 00 00 00 00 ff
2026-09-18T14:29:12.4402658Z TX 43 4f 5a 03 52 45 01 0b 00 00 00 00 14 00 63 7f d9 3d 51 aa cc 40 3a 01 00 00 39 01 00 00 00
2026-09-18T14:29:12.4701904Z RX 43 4f 5a 03 52 45 01 09 00 00 00 00 04 00 05 5c 00 f0 3b 38 00 00 00 00 00 00 00 00 00 00 00 00 7a 3d 00 00 00 00 00 00 00 00 0a 40 88 38 ce a2 4d 3d 00 00 00 00 00 00 00 00 0d 69 cc 3e 45 66 38 be 9a 83 8f 45 37 3b 8d 44 40 6d 15 46 70 77 0e ba e8 c3 3e ba c1 3c b2 39 00 81 95 40 10 33 00 00 6a 03 00 00 00 00 00 00 00 00 ff 0b 11 00 63 7f d9 3d 51 aa cc 40 3a 01 00 00 39 01 00 00 00 05 5c 00 f0 59 38 00 00 00 00 00 00 00 00 00 00 00 00 7a 3d 00 00 00 00 00 00 00 00 49 fe 4d 38 99 46 4e 3d 00 00 00 00 00 00 00 00 0d 69 cc 3e 45 66 38 be 50 6e 90 45 37 3b 8d 44 87 e9 14 46 90 97 08 3a d0 0d 3e ba 1a e9 3d b9 00 81 95 40 10 33 00 00 6a 03 00 00 00 00 00 00 00 00 ff
2026-09-18T14:29:12.4893369Z TX 43 4f 5a 03 52 45 01 0b 00 00 00 00 14 00 54 52 27 a0 d1 c2 cc 40 3b 01 00 00 3a 01 00 00 00
2026-09-18T14:29:12.5043553Z RX 43 4f 5a 03 52 45 01 09 00 00 00 00 04 00 0b 11 00 54 52 27 a0 d1 c2 cc 40 3b 01 00 00 3a 01 00 00 00 05 5c 00 f0 77 38 00 00 00 00 00 00 00 00 00 00 00 00 7a 3d 00 00 00 00 00 00 00 00 3b 25 c4 37 2e fc 4e 3d 00 00 00 00 00 00 00 00 0d 69 cc 3e 45 66 38 be a2 94 90 45 4c 34 8e 44 47 61 15 46 18 08 4e 3a 48 0d 95 3a 1c 92 03 bb 00 81 95 40 10 33 00 00 6a 03 00 00 00 00 00 00 00 00 ff
2026-09-18T14:29:12.5348567Z TX 43 4f 5a 03 52 45 01 0b 00 00 00 00 14 00 8b fd 65 f7 94 d9 cc 40 3c 01 00 00 3b 01 00 00 00
2026-09-18T14:29:12.5357250Z RX 43 4f 5a 03 52 45 01 09 00 00 00 00 04 00 05 5c 00 f0 95 38 00 00 00 00 00 00 00 00 00 00 00 00 7a 3d 00 00 00 00 00 00 00 00 1a 78 95 b7 f0 3a 4e 3d 00 00 00 00 00 00 00 00 0d 69 cc 3e 45 66 38 be 9c de 8f 45 42 a7 8e 44 db 6a 15 46 00 d9 83 39 50 77 94 3a d8 d6 36 ba 00 81 95 40 10 33 00 00 6a 03 00 00 00 00 00 00 00 00 ff
2026-09-18T14:29:12.5689201Z RX 43 4f 5a 03 52 45 01 09 00 00 00 00 04 00 0b 11 00 8b fd 65 f7 94 d9 cc 40 3c 01 00 00 3b 01 00 00 00 05 5c 00 f0 b3 38 00 00 00 00 00 00 00 00 00 00 00 00 7a 3d 00 00 00 00 00 00 00 00 b4 f7 d0 b7 8f e2 4d 3d 00 00 00 00 00 00 00 00 0d 69 cc 3e 45 66 38 be b6 ae 8f 45 38 1a 8f 44 a3 14 15 46 10 32 0f ba 80 f5 8c 38 ec c7 1f 3a 00 81 95 40 10 33 00 00 6a 03 00 00 00 00 00 00 00 00 ff
2026-09-18T14:29:12.5822019Z TX 43 4f 5a 03 52 45 01 0b 00 00 00 00 14 00 fb 3a 70 ce 48 f1 cc 40 3d 01 00 00 3c 01 00 00 00
2026-09-18T14:29:12.6017721Z RX 43 4f 5a 03 52 45 01 09 00 00 00 00 04 00 0b 11 00 fb 3a 70 ce 48 f1 cc 40 3d 01 00 00 3c 01 00 00 00 05 5c 00 f0 d1 38 00 00 00 00 00 00 00 00 00 00 00 00 7a 3d 00 00 00 00 00 00 00 00 d8 6f 17 b6 f0 73 4d 3d 00 00 00 00 00 00 00 00 0d 69 cc 3e 45 66 38 be 9c de 8f 45 74 68 8c 44 cc 27 15 46 c0 9c 83 39 90 c3 ae 39 2b b9 63 3a 00 81 95 40 10 33 00 00 6a 03 00 00 00 00 00 00 00 00 ff
2026-09-18T14:29:12.6285343Z TX 43 4f 5a 03 52 45 01 0b 00 00 00 00 14 00 3f c6 dc b5 8c 08 cd 40 3e 01 00 00 3d 01 00 00 00
2026-09-18T14:29:12.6352296Z RX 43 4f 5a 03 52 45 01 09 00 00 00 00 04 00 05 5c 00 f0 ef 38 00 00 00 00 00 00 00 00 00 00 00 00 7a 3d 00 00 00 00 00 00 00 00 3e e0 ff 35 8a 65 4d 3d 00 00 00 00 00 00 00 00 0d 69 cc 3e 45 66 38 be 66 e3 8f 45 0e 28 8d 44 2d 91 15 46 30 47 0f ba 00 01 8b 38 80 a6 e5 b9 00 81 95 40 10 33 00 00 6a 03 00 00 00 00 00 00 00 00 ff 0b 11 00 3f c6 dc b5 8c 08 cd 40 3e 01 00 00 3d 01 00 00 00
2026-09-18T14:29:12.6692178Z RX 43 4f 5a 03 52 45 01 09 00 00 00 00 04 00 05 5c 00 f0 0d 39 00 00 00 00 00 00 00 00 00 00 00 00 7a 3d 00 00 00 00 00 00 00 00 98 a2 c1 37 28 13 4d 3d 00 00 00 00 00 00 00 00 0d 69 cc 3e 45 66 38 be 79 81 90 45 a0 18 92 44 c2 9a 15 46 a8 e2 af ba 44 fa 93 3a 03 cd 93 3a 00 81 95 40 10 33 00 00 6a 03 00 00 00 00 00 00 00 00 ff
2026-09-18T14:29:12.6744613Z TX 43 4f 5a 03 52 45 01 0b 00 00 00 00 14 00 8a 1f 63 ee 6a 1f cd 40 3f 01 00 00 3e 01 00 00 00
2026-09-18T14:29:12.7012257Z RX 43 4f 5a 03 52 45 01 09 00 00 00 00 04 00 0b 11 00 8a 1f 63 ee 6a 1f cd 40 3f 01 00 00 3e 01 00 00 00 05 5c 00 f0 2b 39 00 00 00 00 00 00 00 00 00 00 00 00 7a 3d 00 00 00 00 00 00 00 00 20 1f 4b 38 be 8f 4c 3d 00 00 00 00 00 00 00 00 0d 69 cc 3e 45 66 38 be 2b 32 8f 45 62 0c 91 44 8f fa 15 46 e0 c3 08 3a d0 2b ac 39 a4 d4 b5 3a 00 81 95 40 10 33 00 00 6a 03 00 00 00 00 00 00 00 00 ff
2026-09-18T14:29:12.7206881Z TX 43 4f 5a 03 52 45 01 0b 00 00 00 00 14 00 90 31 77 2d 89 36 cd 40 40 01 00 00 3f 01 00 00 00
2026-09-18T14:29:12.7342310Z RX 43 4f 5a 03 52 45 01 09 00 00 00 00 04 00 05 5c 00 f0 49 39 00 00 00 00 00 00 00 00 00 00 00 00 7a 3d 00 00 00 00 00 00 00 00 72 f5 dd 38 ff 1e 4c 3d 00 00 00 00 00 00 00 00 0d 69 cc 3e 45 66 38 be d2 d9 8f 45 bc 01 8d 44 fe 89 15 46 40 2e 08 3a 80 fa f5 b9 cc 9f 1c 3a 00 81 95 40 10 33 00 00 6a 03 00 00 00 00 00 00 00 00 ff 0b 11 00 90 31 77 2d 89 36 cd 40 40 01 00 00 3f 01 00 00 00
2026-09-18T14:29:12.7674957Z TX 43 4f 5a 03 52 45 01 0b 00 00 00 00 14 00 05 c5 8f 31 e7 4d cd 40 41 01 00 00 40 01 00 00 00
2026-09-18T14:29:12.7678296Z RX 43 4f 5a 03 52 45 01 09 00 00 00 00 04 00 05 5c 00 f0 67 39 00 00 00 00 00 00 00 00 00 00 00 00 7a 3d 00 00 00 00 00 00 00 00 45 3a d1 38 f5 2c 4d 3d 00 00 00 00 00 00 00 00 0d 69 cc 3e 45 66 38 be e7 d2 90 45 61 2d 8f 44 47 61 15 46 08 ad d2 ba 80 1e 86 38 48 ad 39 ba 00 e3 95 40 10 33 00 00 6a 03 00 00 00 00 00 00 00 00 ff
2026-09-18T14:29:12.7998488Z RX 43 4f 5a 03 52 45 01 09 00 00 00 00 04 00 05 5c 00 f0 85 39 00 00 00 00 00 00 00 00 00 00 00 00 7a 3d 00 00 00 00 00 00 00 00 38 c6 af 38 51 ae 4d 3d 00 00 00 00 00 00 00 00 0d 69 cc 3e 45 66 38 be e4 77 90 45 1a 73 90 44 83 50 15 46 c0 1a 09 3a c8 10 1c 3a 15 9a e9 b9 00 81 95 40 10 33 00 00 6a 03 00 00 00 00 00 00 00 00 ff 0b 11 00 05 c5 8f 31 e7 4d cd 40 41 01 00 00 40 01 00 00 00 05 5c 00 f0 a3 39 00 00 00 00 00 00 00 00 00 00 00 00 7a 3d 00 00 00 00 00 00 00 00 ae 45 9d 38 32 00 4d 3d 00 00 00 00 00 00 00 00 0d 69 cc 3e 45 66 38 be 4d 13 90 45 b3 53 8f 44 e2 5e 15 46 00 04 33 b7 00 19 d9 3a fd 22 a3 38 00 81 95 40 10 33 00 00 6a 03 00 00 00 00 00 00 00 00 ff
2026-09-18T14:29:12.8144903Z TX 43 4f 5a 03 52 45 01 0b 00 00 00 00 14 00 a5 bd c1 17 66 65 cd 40 42 01 00 00 41 01 00 00 00
2026-09-18T14:29:12.8333368Z RX 43 4f 5a 03 52 45 01 09 00 00 00 00 04 00 0b 11 00 a5 bd c1 17 66 65 cd 40 42 01 00 00 41 01 00 00 00 05 5c 00 f0 c1 39 00 00 00 00 00 00 00 00 00 00 00 00 7a 3d 00 00 00 00 00 00 00 00 41 ca 8a 38 53 77 4c 3d 00 00 00 00 00 00 00 00 0d 69 cc 3e 45 66 38 be 4a b8 8f 45 fc cb 91 44 89 44 15 46 00 d8 85 39 90 e0 83 ba f3 d3 03 bb 00 e3 95 40 10 33 00 00 6a 03 00 00 00 00 00 00 00 00 ff
2026-09-18T14:29:12.8599617Z TX 43 4f 5a 03 52 45 01 0b 00 00 00 00 14 00 b5 a6 79 c7 39 7c cd 40 43 01 00 00 42 01 00 00 00
2026-09-18T14:29:12.8671974Z RX 43 4f 5a 03 52 45 01 09 00 00 00 00 04 00 05 5c 00 f0 df 39 00 00 00 00 00 00 00 00 00 00 00 00 7a 3d 00 00 00 00 00 00 00 00 38 d8 11 38 3e da 4c 3d 00 00 00 00 00 00 00 00 0d 69 cc 3e 45 66 38 be 14 bd 8f 45 1a 73 90 44 d5 76 15 46 a8 92 d2 ba 00 b3 7f 38 59 b5 b3 39 00 81 95 40 10 33 00 00 6a 03 00 00 00 00 00 00 00 00 ff 0b 11 00 b5 a6 79 c7 39 7c cd 40 43 01 00 00 42 01 00 00 00
2026-09-18T14:29:12.9013113Z RX 43 4f 5a 03 52 45 01 09 00 00 00 00 04 00 05 0a 00 f3 bc bc 58 de 02 00 00 00 45 05 5c 00 f0 fd 39 00 00 00 00 00 00 00 00 00 00 00 00 7a 3d 00 00 00 00 00 00 00 00 f3 8f 46 38 3f 55 4c 3d 00 00 00 00 00 00 00 00 0d 69 cc 3e 45 66 38 be 4d 13 90 45 0e 28 8d 44 34 85 15 46 d0 84 09 3a 80 ce 78 38 89 82 93 3a 00 81 95 40 10 33 00 00 6a 03 00 00 00 00 00 00 00 00 ff
2026-09-18T14:29:12.9069431Z TX 43 4f 5a 03 52 45 01 0b 00 00 00 00 14 00 0b b5 a6 79 a7 93 cd 40 44 01 00 00 43 01 00 00 00
2026-09-18T14:29:12.9322307Z RX 43 4f 5a 03 52 45 01 09 00 00 00 00 04 00 0b 11 00 0b b5 a6 79 a7 93 cd 40 44 01 00 00 43 01 00 00 00 05 5c 00 f0 1b 3a 00 00 00 00 00 00 00 00 00 00 00 00 7a 3d 00 00 00 00 00 00 00 00 e7 32 9e 38 ca 6f 4c 3d 00 00 00 00 00 00 00 00 0d 69 cc 3e 45 66 38 be c5 f1 8f 45 05 7a 8f 44 b0 fc 14 46 00 54 16 b7 80 b8 74 38 c9 6d 40 b9 00 81 95 40 10 33 00 00 6a 03 00 00 00 00 00 00 00 00 ff
2026-09-18T14:29:12.9529581Z TX 43 4f 5a 03 52 45 01 0b 00 00 00 00 14 00 31 08 ac 1c aa aa cd 40 45 01 00 00 44 01 00 00 00
2026-09-18T14:29:12.9649534Z RX 43 4f 5a 03 52 45 01 09 00 00 00 00 04 00 05 5c 00 f0 39 3a 00 00 00 00 00 00 00 00 00 00 00 00 7a 3d 00 00 00 00 00 00 00 00 f6 a0 97 38 02 62 4c 3d 00 00 00 00 00 00 00 00 0d 69 cc 3e 45 66 38 be e4 77 90 45 dc 66 8f 44 db 6a 15 46 20 ba 0d ba 20 1f 5a b9 39 1f 40 b9 00 81 95 40 10 33 00 00 6a 03 00 00 00 00 00 00 00 00 ff 0b 11 00 31 08 ac 1c aa aa cd 40 45 01 00 00 44 01 00 00 00
2026-09-18T14:29:12.9989036Z RX 43 4f 5a 03 52 45 01 09 00 00 00 00 04 00 05 5c 00 f0 57 3a 00 00 00 00 00 00 00 00 00 00 00 00 7a 3d 00 00 00 00 00 00 00 00 ee 28 88 38 39 9e 4c 3d 00 00 00 00 00 00 00 00 0d 69 cc 3e 45 66 38 be 17 18 90 45 fb ec 8f 44 24 42 15 46 a0 2f 8f b9 00 66 79 38 91 d4 38 ba 00 81 95 40 10 33 00 00 6a 03 00 00 00 00 00 00 00 00 ff
2026-09-18T14:29:12.9994085Z TX 43 4f 5a 03 52 45 01 0b 00 00 00 00 14 00 4d 15 8c 4a ea c1 cd 40 46 01 00 00 45 01 00 00 00
2026-09-18T14:29:13.0312665Z RX 43 4f 5a 03 52 45 01 09 00 00 00 00 04 00 0b 11 00 4d 15 8c 4a ea c1 cd 40 46 01 00 00 45 01 00 00 00 05 5c 00 f0 75 3a 00 00 00 00 00 00 00 00 00 00 00 00 7a 3d 00 00 00 00 00 00 00 00 ff 9a 6b 38 60 61 4d 3d 00 00 00 00 00 00 00 00 0d 69 cc 3e 45 66 38 be 86 69 90 45 74 68 8c 44 db 6a 15 46 18 26 4f 3a c4 b3 83 ba 64 d4 1d 3a 00 81 95 40 10 33 00 00 6a 03 00 00 00 00 00 00 00 00 ff
2026-09-18T14:29:13.0453527Z TX 43 4f 5a 03 52 45 01 0b 00 00 00 00 14 00 5a f5 b9 da fa d8 cd 40 47 01 00 00 46 01 00 00 00
2026-09-18T14:29:13.0637723Z RX 43 4f 5a 03 52 45 01 09 00 00 00 00 04 00 05 5c 00 f0 93 3a 00 00 00 00 00 00 00 00 00 00 00 00 7a 3d 00 00 00 00 00 00 00 00 e5 2a 89 38 96 d2 4d 3d 00 00 00 00 00 00 00 00 0d 69 cc 3e 45 66 38 be 1a 73 90 45 18 b5 8c 44 14 c1 15 46 88 98 4e 3a a0 56 83 ba 21 73 3f b9 00 81 95 40 10 33 00 00 6a 03 00 00 00 00 00 00 00 00 ff 0b 11 00 5a f5 b9 da fa d8 cd 40 47 01 00 00 46 01 00 00 00
2026-09-18T14:29:13.0924823Z TX 43 4f 5a 03 52 45 01 0b 00 00 00 00 14 00 aa 60 54 52 7f f0 cd 40 48 01 00 00 47 01 00 00 00
2026-09-18T14:29:13.0983126Z RX 43 4f 5a 03 52 45 01 09 00 00 00 00 04 00 05 5c 00 f0 b1 3a 00 00 00 00 00 00 00 00 00 00 00 00 7a 3d 00 00 00 00 00 00 00 00 bb 70 79 38 ba 2b 4d 3d 00 00 00 00 00 00 00 00 0d 69 cc 3e 45 66 38 be ec a9 8f 45 6b ba 8e 44 76 68 15 46 e8 ce 89 3a 54 b4 93 3a d4 df 3e b9 00 81 95 40 10 33 00 00 6a 03 00 00 00 00 00 00 00 00 ff 05 0a 00 f3 ec 8e 1a 24 02 00 00 00 4f 0b 11 00 aa 60 54 52 7f f0 cd 40 48 01 00 00 47 01 00 00 00 05 5c 00 f0 cf 3a 00 00 00 00 00 00 00 00 00 00 00 00 7a 3d 00 00 00 00 00 00 00 00 4c 4e 19 38 49 2e 4d 3d 00 00 00 00 00 00 00 00 0d 69 cc 3e 45 66 38 be 83 0e 90 45 4c 34 8e 44 fb 2e 15 46 00 f8 84 b7 80 9a 7c 38 d9 24 38 ba 00 81 95 40 10 33 00 00 6a 03 00 00 00 00 00 00 00 00 ff
2026-09-18T14:29:13.1298696Z RX 43 4f 5a 03 52 45 01 09 00 00 00 00 04 00 05 5c 00 f0 ed 3a 00 00 00 00 00 00 00 00 00 00 00 00 7a 3d 00 00 00 00 00 00 00 00 5d 9d 12 38 dc dd 4c 3d 00 00 00 00 00 00 00 00 0d 69 cc 3e 45 66 38 be ec a9 8f 45 4e f2 91 44 b2 57 15 46 50 37 0f ba 00 52 57 b9 fe e9 aa 38 00 81 95 40 10 33 00 00 6a 03 00 00 00 00 00 00 00 00 ff
2026-09-18T14:29:13.1397712Z TX 43 4f 5a 03 52 45 01 0b 00 00 00 00 14 00 22 fd f6 75 28 08 ce 40 49 01 00 00 48 01 00 00 00
2026-09-18T14:29:13.1629295Z RX 43 4f 5a 03 52 45 01 09 00 00 00 00 04 00 0b 11 00 22 fd f6 75 28 08 ce 40 49 01 00 00 48 01 00 00 00 05 5c 00 f0 0b 3b 00 00 00 00 00 00 00 00 00 00 00 00 7a 3d 00 00 00 00 00 00 00 00 74 bd 1d 38 37 7a 4d 3d 00 00 00 00 00 00 00 00 0d 69 cc 3e 45 66 38 be 80 b3 8f 45 b3 53 8f 44 27 9d 15 46 20 94 0e ba a8 2c b6 3a d2 94 b3 39 00 81 95 40 10 33 00 00 6a 03 00 00 00 00 00 00 00 00 ff
2026-09-18T14:29:13.1851270Z TX 43 4f 5a 03 52 45 01 0b 00 00 00 00 14 00 75 02 9a 08 d3 1e ce 40 4a 01 00 00 49 01 00 00 00
2026-09-18T14:29:13.1957068Z RX 43 4f 5a 03 52 45 01 09 00 00 00 00 04 00 05 5c 00 f0 29 3b 00 00 00 00 00 00 00 00 00 00 00 00 7a 3d 00 00 00 00 00 00 00 00 ac 2e 6a 38 9e ef 4c 3d 00 00 00 00 00 00 00 00 0d 69 cc 3e 45 66 38 be 73 cb 8f 45 a9 c6 8f 44 5d 98 15 46 60 5c 0e ba 00 17 6e 38 e1 68 93 3a 00 81 95 40 10 33 00 00 6a 03 00 00 00 00 00 00 00 00 ff 0b 11 00 75 02 9a 08 d3 1e ce 40 4a 01 00 00 49 01 00 00 00
2026-09-18T14:29:13.2286878Z RX 43 4f 5a 03 52 45 01 09 00 00 00 00 04 00 05 5c 00 f0 47 3b 00 00 00 00 00 00 00 00 00 00 00 00 7a 3d 00 00 00 00 00 00 00 00 8c f2 74 38 0a 7d 4d 3d 00 00 00 00 00 00 00 00 0d 69 cc 3e 45 66 38 be 36 9e 90 45 58 7f 91 44 fe 89 15 46 80 ab 86 39 60 31 f8 b9 26 d3 a0 ba 00 81 95 40 10 33 00 00 6a 03 00 00 00 00 00 00 00 00 ff
2026-09-18T14:29:13.2317750Z TX 43 4f 5a 03 52 45 01 0b 00 00 00 00 14 00 73 68 91 ed 24 36 ce 40 4b 01 00 00 4a 01 00 00 00
2026-09-18T14:29:13.2617807Z RX 43 4f 5a 03 52 45 01 09 00 00 00 00 04 00 0b 11 00 73 68 91 ed 24 36 ce 40 4b 01 00 00 4a 01 00 00 00 05 5c 00 f0 65 3b 00 00 00 00 00 00 00 00 00 00 00 00 7a 3d 00 00 00 00 00 00 00 00 76 2c 9b 37 28 fe 4c 3d 00 00 00 00 00 00 00 00 0d 69 cc 3e 45 66 38 be df c1 8f 45 f0 80 8e 44 3a 79 15 46 00 b7 90 b9 e0 14 1b 3a 24 32 7c ba 00 81 95 40 10 33 00 00 6a 03 00 00 00 00 00 00 00 00 ff
2026-09-18T14:29:13.2777011Z TX 43 4f 5a 03 52 45 01 0b 00 00 00 00 14 00 57 ec 2f bb 1f 4d ce 40 4c 01 00 00 4b 01 00 00 00
2026-09-18T14:29:13.2947943Z RX 43 4f 5a 03 52 45 01 09 00 00 00 00 04 00 05 5c 00 f0 83 3b 00 00 00 00 00 00 00 00 00 00 00 00 7a 3d 00 00 00 00 00 00 00 00 47 c2 25 37 84 cf 4c 3d 00 00 00 00 00 00 00 00 0d 69 cc 3e 45 66 38 be c8 4c 90 45 f0 80 8e 44 0b 72 15 46 c0 6b 90 b9 d0 09 42 ba 30 c6 af 38 00 81 95 40 10 33 00 00 6a 03 00 00 00 00 00 00 00 00 ff 0b 11 00 57 ec 2f bb 1f 4d ce 40 4c 01 00 00 4b 01 00 00 00
2026-09-18T14:29:13.3239462Z TX 43 4f 5a 03 52 45 01 0b 00 00 00 00 14 00 6f 81 04 c5 3f 64 ce 40 4d 01 00 00 4c 01 00 00 00
2026-09-18T14:29:13.3282201Z RX 43 4f 5a 03 52 45 01 09 00 00 00 00 04 00 05 5c 00 f0 a1 3b 00 00 00 00 00 00 00 00 00 00 00 00 7a 3d 00 00 00 00 00 00 00 00 b3 10 b1 37 ee 4c 4d 3d 00 00 00 00 00 00 00 00 0d 69 cc 3e 45 66 38 be 21 a5 8f 45 8a 40 8f 44 c6 33 15 46 20 fe 86 39 d0 35 aa 39 45 ae 1e 3a 00 81 95 40 10 33 00 00 6a 03 00 00 00 00 00 00 00 00 ff
2026-09-18T14:29:13.3608761Z RX 43 4f 5a 03 52 45 01 09 00 00 00 00 04 00 0b 11 00 6f 81 04 c5 3f 64 ce 40 4d 01 00 00 4c 01 00 00 00 05 5c 00 f0 bf 3b 00 00 00 00 00 00 00 00 00 00 00 00 7a 3d 00 00 00 00 00 00 00 00 4e 46 19 38 84 73 4c 3d 00 00 00 00 00 00 00 00 0d 69 cc 3e 45 66 38 be 4a b8 8f 45 1e c6 84 44 0b 72 15 46 00 0b 90 b9 e0 ab b5 3a 32 cc 62 3a 00 81 95 40 10 33 00 00 6a 03 00 00 00 00 00 00 00 00 ff 05 0a 00 f3 8b 63 6c 11 01 00 00 00 2c
2026-09-18T14:29:13.3705211Z TX 43 4f 5a 03 52 45 01 0b 00 00 00 00 14 00 01 4d 84 0d 87 7b ce 40 4e 01 00 00 4d 01 00 00 00
2026-09-18T14:29:13.3942557Z RX 43 4f 5a 03 52 45 01 09 00 00 00 00 04 00 05 5c 00 f0 dd 3b 00 00 00 00 00 00 00 00 00 00 00 00 7a 3d 00 00 00 00 00 00 00 00 13 cd 69 38 2d 71 4c 3d 00 00 00 00 00 00 00 00 0d 69 cc 3e 45 66 38 be 00 a3 90 45 ed e3 88 44 d8 d1 15 46 98 a6 4e 3a a4 31 19 bb bb eb a6 38 00 81 95 40 10 33 00 00 6a 03 00 00 00 00 00 00 00 00 ff 0b 11 00 01 4d 84 0d 87 7b ce 40 4e 01 00 00 4d 01 00 00 00
2026-09-18T14:29:13.4170657Z TX 43 4f 5a 03 52 45 01 0b 00 00 00 00 14 00 62 a1 d6 34 cf 92 ce 40 4f 01 00 00 4e 01 00 00 00
2026-09-18T14:29:13.4290168Z RX 43 4f 5a 03 52 45 01 09 00 00 00 00 04 00 05 5c 00 f0 fb 3b 00 00 00 00 00 00 00 00 00 00 00 00 7a 3d 00 00 00 00 00 00 00 00 0a b9 6e 38 15 fd 4c 3d 00 00 00 00 00 00 00 00 0d 69 cc 3e 45 66 38 be b1 d7 90 45 33 e8 98 44 f8 95 15 46 c0 e7 89 3a 00 17 7c 38 44 b3 a6 38 00 81 95 40 10 33 00 00 6a 03 00 00 00 00 00 00 00 00 ff 0b 11 00 62 a1 d6 34 cf 92 ce 40 4f 01 00 00 4e 01 00 00 00 05 5c 00 f0 19 3c 00 00 00 00 00 00 00 00 00 00 00 00 7a 3d 00 00 00 00 00 00 00 00 87 8c 14 38 41 40 4c 3d 00 00 00 00 00 00 00 00 0d 69 cc 3e 45 66 38 be 64 88 8f 45 18 b5 8c 44 40 6d 15 46 20 0e 84 39 40 b4 58 b9 5c ca c2 ba 00 81 95 40 10 33 00 00 6a 03 00 00 00 00 00 00 00 00 ff
2026-09-18T14:29:13.4602455Z RX 43 4f 5a 03 52 45 01 09 00 00 00 00 04 00 05 5c 00 f0 37 3c 00 00 00 00 00 00 00 00 00 00 00 00 7a 3d 00 00 00 00 00 00 00 00 35 72 89 36 da 8f 4c 3d 00 00 00 00 00 00 00 00 0d 69 cc 3e 45 66 38 be 2e 8d 8f 45 b0 b6 89 44 89 44 15 46 a0 cc 83 39 80 b4 7b 38 11 35 b5 39 00 81 95 40 10 33 00 00 6a 03 00 00 00 00 00 00 00 00 ff
2026-09-18T14:29:13.4632884Z TX 43 4f 5a 03 52 45 01 0b 00 00 00 00 14 00 25 06 81 95 eb a9 ce 40 50 01 00 00 4f 01 00 00 00
2026-09-18T14:29:13.4933129Z RX 43 4f 5a 03 52 45 01 09 00 00 00 00 04 00 0b 11 00 25 06 81 95 eb a9 ce 40 50 01 00 00 4f 01 00 00 00 05 5c 00 f0 55 3c 00 00 00 00 00 00 00 00 00 00 00 00 7a 3d 00 00 00 00 00 00 00 00 b3 b7 90 b7 45 7b 4c 3d 00 00 00 00 00 00 00 00 0d 69 cc 3e 45 66 38 be 05 7a 8f 45 45 44 94 44 e5 f7 14 46 c0 81 93 b9 00 2f 7d 38 26 54 7b ba 80 9b 94 40 10 33 00 00 6a 03 00 00 00 00 00 00 00 00 ff
2026-09-18T14:29:13.5094840Z TX 43 4f 5a 03 52 45 01 0b 00 00 00 00 14 00 6a de 71 8a fe c0 ce 40 51 01 00 00 50 01 00 00 00
2026-09-18T14:29:13.5278418Z RX 43 4f 5a 03 52 45 01 09 00 00 00 00 04 00 05 5c 00 f0 73 3c 00 00 00 00 00 00 00 00 00 00 00 00 7a 3d 00 00 00 00 00 00 00 00 fe ad 15 b8 79 33 4d 3d 00 00 00 00 00 00 00 00 0d 69 cc 3e 45 66 38 be 17 18 90 45 2a 11 88 44 ee 46 15 46 e0 9a 54 ba 34 91 3b bb fe e1 7a ba 00 e3 95 40 10 33 00 00 6a 03 00 00 00 00 00 00 00 00 ff 0b 11 00 6a de 71 8a fe c0 ce 40 51 01 00 00 50 01 00 00 00
2026-09-18T14:29:13.5566850Z TX 43 4f 5a 03 52 45 01 0b 00 00 00 00 14 00 a2 b4 37 f8 9a d8 ce 40 52 01 00 00 51 01 00 00 00
2026-09-18T14:29:13.5588530Z RX 43 4f 5a 03 52 45 01 09 00 00 00 00 04 00 05 5c 00 f0 91 3c 00 00 00 00 00 00 00 00 00 00 00 00 7a 3d 00 00 00 00 00 00 00 00 da a0 e3 b7 3a c4 4d 3d 00 00 00 00 00 00 00 00 0d 69 cc 3e 45 66 38 be 40 2b 90 45 45 44 94 44 50 b0 15 46 f8 cd 8c ba c0 37 95 38 a9 a8 b6 3a 00 e3 95 40 10 33 00 00 6a 03 00 00 00 00 00 00 00 00 ff 0b 11 00 a2 b4 37 f8 9a d8 ce 40 52 01 00 00 51 01 00 00 00
2026-09-18T14:29:13.5919299Z RX 43 4f 5a 03 52 45 01 09 00 00 00 00 04 00 05 5c 00 f0 af 3c 00 00 00 00 00 00 00 00 00 00 00 00 7a 3d 00 00 00 00 00 00 00 00 5b b6 dd b5 f8 4a 4d 3d 00 00 00 00 00 00 00 00 0d 69 cc 3e 45 66 38 be a9 c6 8f 45 84 2f 97 44 6c db 15 46 98 d2 4e 3a f0 f5 62 3a cd 3b 1f 3a 00 81 95 40 10 33 00 00 6a 03 00 00 00 00 00 00 00 00 ff
2026-09-18T14:29:13.6038371Z TX 43 4f 5a 03 52 45 01 0b 00 00 00 00 14 00 f9 a0 67 b3 32 f0 ce 40 53 01 00 00 52 01 00 00 00
2026-09-18T14:29:13.6266529Z RX 43 4f 5a 03 52 45 01 09 00 00 00 00 04 00 05 5c 00 f0 cd 3c 00 00 00 00 00 00 00 00 00 00 00 00 7a 3d 00 00 00 00 00 00 00 00 ec 28 09 37 71 bb 4c 3d 00 00 00 00 00 00 00 00 0d 69 cc 3e 45 66 38 be a6 6b 8f 45 0d 49 8b 44 4d 55 15 46 00 7e 08 3a a4 83 82 ba 32 37 a0 ba 00 e3 95 40 10 33 00 00 6a 03 00 00 00 00 00 00 00 00 ff 0b 11 00 f9 a0 67 b3 32 f0 ce 40 53 01 00 00 52 01 00 00 00
2026-09-18T14:29:13.6511293Z TX 43 4f 5a 03 52 45 01 0b 00 00 00 00 14 00 cc ee c9 c3 ca 07 cf 40 54 01 00 00 53 01 00 00 00
2026-09-18T14:29:13.6580763Z RX 43 4f 5a 03 52 45 01 09 00 00 00 00 04 00 05 5c 00 f0 eb 3c 00 00 00 00 00 00 00 00 00 00 00 00 7a 3d 00 00 00 00 00 00 00 00 18 c7 45 b8 e5 75 4d 3d 00 00 00 00 00 00 00 00 0d 69 cc 3e 45 66 38 be 92 51 90 45 a2 ad 82 44 71 b2 14 46 a0 29 85 39 04 1b 82 ba bc 9a 7a ba 00 e3 95 40 10 33 00 00 6a 03 00 00 00 00 00 00 00 00 ff 0b 11 00 cc ee c9 c3 ca 07 cf 40 54 01 00 00 53 01 00 00 00
2026-09-18T14:29:13.6909939Z RX 43 4f 5a 03 52 45 01 09 00 00 00 00 04 00 05 5c 00 f0 09 3d 00 00 00 00 00 00 00 00 00 00 00 00 7a 3d 00 00 00 00 00 00 00 00 8b 52 8c b8 50 a5 4d 3d 00 00 00 00 00 00 00 00 0d 69 cc 3e 45 66 38 be 7e 37 91 45 51 8f 97 44 d5 76 15 46 b0 5a 54 ba 08 aa ea ba 1c a3 35 ba 00 e3 95 40 10 33 00 00 6a 03 00 00 00 00 00 00 00 00 ff
2026-09-18T14:29:13.6981033Z TX 43 4f 5a 03 52 45 01 0b 00 00 00 00 14 00 9c c4 20 b0 4a 1f cf 40 55 01 00 00 54 01 00 00 00
2026-09-18T14:29:13.7243169Z RX 43 4f 5a 03 52 45 01 09 00 00 00 00 04 00 05 5c 00 f0 27 3d 00 00 00 00 00 00 00 00 00 00 00 00 7a 3d 00 00 00 00 00 00 00 00 1f ae b6 b8 95 dd 4e 3d 00 00 00 00 00 00 00 00 0d 69 cc 3e 45 66 38 be 6f f4 90 45 40 12 9e 44 cf 82 15 46 00 54 52 b7 d0 e5 1f 3a 94 a3 79 ba 00 81 95 40 10 33 00 00 6a 03 00 00 00 00 00 00 00 00 ff 0b 11 00 9c c4 20 b0 4a 1f cf 40 55 01 00 00 54 01 00 00 00 05 5c 00 f0 45 3d 00 00 00 00 00 00 00 00 00 00 00 00 7a 3d 00 00 00 00 00 00 00 00 67 cb e5 b8 92 8b 4d 3d 00 00 00 00 00 00 00 00 0d 69 cc 3e 45 66 38 be cf 7e 8f 45 e3 7f 9c 44 50 b0 15 46 ac 39 f2 3a 20 79 21 3b 23 9b 34 ba 00 81 95 40 10 33 00 00 6a 03 00 00 00 00 00 00 00 00 ff
2026-09-18T14:29:13.7441565Z TX 43 4f 5a 03 52 45 01 0b 00 00 00 00 14 00 83 c0 ca a1 45 36 cf 40 56 01 00 00 55 01 00 00 00
2026-09-18T14:29:13.7571138Z RX 43 4f 5a 03 52 45 01 09 00 00 00 00 04 00 0b 11 00 83 c0 ca a1 45 36 cf 40 56 01 00 00 55 01 00 00 00 05 5c 00 f0 63 3d 00 00 00 00 00 00 00 00 00 00 00 00 7a 3d 00 00 00 00 00 00 00 00 7a 3f 19 b9 e5 35 4d 3d 00 00 00 00 00 00 00 00 0d 69 cc 3e 45 66 38 be c0 3b 8f 45 13 5a 83 44 a0 b9 14 46 20 a8 06 3a a0 8c f3 b9 46 36 78 ba 00 81 95 40 10 33 00 00 6a 03 00 00 00 00 00 00 00 00 ff
2026-09-18T14:29:13.7906540Z TX 43 4f 5a 03 52 45 01 0b 00 00 00 00 14 00 79 58 a8 35 7d 4d cf 40 57 01 00 00 56 01 00 00 00
2026-09-18T14:29:13.7907210Z RX 43 4f 5a 03 52 45 01 09 00 00 00 00 04 00 05 5c 00 f0 81 3d 00 00 00 00 00 00 00 00 00 00 00 00 7a 3d 00 00 00 00 00 00 00 00 b7 23 2f b9 a7 6e 4d 3d 00 00 00 00 00 00 00 00 0d 69 cc 3e 45 66 38 be b8 09 90 45 3d 4c 85 44 cf 82 15 46 a0 c1 95 b9 54 61 82 ba c7 37 33 ba 00 81 95 40 10 33 00 00 6a 03 00 00 00 00 00 00 00 00 ff
2026-09-18T14:29:13.8231130Z RX 43 4f 5a 03 52 45 01 09 00 00 00 00 04 00 0b 11 00 79 58 a8 35 7d 4d cf 40 57 01 00 00 56 01 00 00 00 05 5c 00 f0 9f 3d 00 00 00 00 00 00 00 00 00 00 00 00 7a 3d 00 00 00 00 00 00 00 00 fb e8 4a b9 e4 74 4d 3d 00 00 00 00 00 00 00 00 0d 69 cc 3e 45 66 38 be e7 d2 90 45 ea 6f 96 44 7e 79 16 46 00 86 97 b7 40 67 99 38 07 94 32 ba 00 81 95 40 10 33 00 00 6a 03 00 00 00 00 00 00 00 00 ff
2026-09-18T14:29:13.8369825Z TX 43 4f 5a 03 52 45 01 0b 00 00 00 00 14 00 e7 8c 28 ed ad 64 cf 40 58 01 00 00 57 01 00 00 00
2026-09-18T14:29:13.8559828Z RX 43 4f 5a 03 52 45 01 09 00 00 00 00 04 00 0b 11 00 e7 8c 28 ed ad 64 cf 40 58 01 00 00 57 01 00 00 00 05 5c 00 f0 bd 3d 00 00 00 00 00 00 00 00 00 00 00 00 7a 3d 00 00 00 00 00 00 00 00 24 57 4d b9 51 b1 4c 3d 00 00 00 00 00 00 00 00 0d 69 cc 3e 45 66 38 be 00 a3 90 45 a8 10 a1 44 3c 96 16 46 d0 59 06 3a b0 6d da 3a 28 ed 23 3a 00 81 95 40 10 33 00 00 6a 03 00 00 00 00 00 00 00 00 ff
2026-09-18T14:29:13.8828950Z TX 43 4f 5a 03 52 45 01 0b 00 00 00 00 14 00 aa 82 51 49 bd 7b cf 40 59 01 00 00 58 01 00 00 00
2026-09-18T14:29:13.8890075Z RX 43 4f 5a 03 52 45 01 09 00 00 00 00 04 00 05 5c 00 f0 db 3d 00 00 00 00 00 00 00 00 00 00 00 00 7a 3d 00 00 00 00 00 00 00 00 1a bc 55 b9 6e df 4d 3d 00 00 00 00 00 00 00 00 0d 69 cc 3e 45 66 38 be 40 2b 90 45 b6 c7 81 44 b6 f0 14 46 00 5c 94 b7 30 03 f3 b9 67 a7 9d ba 00 81 95 40 10 33 00 00 6a 03 00 00 00 00 00 00 00 00 ff 05 0a 00 f3 bc bc 58 de 02 00 00 00 45 0b 11 00 aa 82 51 49 bd 7b cf 40 59 01 00 00 58 01 00 00 00
2026-09-18T14:29:13.9220047Z RX 43 4f 5a 03 52 45 01 09 00 00 00 00 04 00 05 5c 00 f0 f9 3d 00 00 00 00 00 00 00 00 00 00 00 00 7a 3d 00 00 00 00 00 00 00 00 d3 76 68 b9 06 49 4d 3d 00 00 00 00 00 00 00 00 0d 69 cc 3e 45 66 38 be 64 88 8f 45 50 87 82 44 92 93 15 46 10 af 55 ba c8 eb 62 3a b7 1f c0 39 00 81 95 40 10 33 00 00 6a 03 00 00 00 00 00 00 00 00 ff
2026-09-18T14:29:13.9303643Z TX 43 4f 5a 03 52 45 01 0b 00 00 00 00 14 00 03 09 8a 1f 53 93 cf 40 5a 01 00 00 59 01 00 00 00
2026-09-18T14:29:13.9549181Z RX 43 4f 5a 03 52 45 01 09 00 00 00 00 04 00 0b 11 00 03 09 8a 1f 53 93 cf 40 5a 01 00 00 59 01 00 00 00 05 5c 00 f0 17 3e 00 00 00 00 00 00 00 00 00 00 00 00 7a 3d 00 00 00 00 00 00 00 00 23 6d 60 b9 d2 02 4d 3d 00 00 00 00 00 00 00 00 0d 69 cc 3e 45 66 38 be 65 67 91 45 9b e6 9b 44 af be 15 46 c0 98 93 b9 ac 5a a5 ba 62 19 db 38 00 81 95 40 10 33 00 00 6a 03 00 00 00 00 00 00 00 00 ff
2026-09-18T14:29:13.9757867Z TX 43 4f 5a 03 52 45 01 0b 00 00 00 00 14 00 8a 1f 63 ee 2a aa cf 40 5b 01 00 00 5a 01 00 00 00
2026-09-18T14:29:13.9879535Z RX 43 4f 5a 03 52 45 01 09 00 00 00 00 04 00 05 5c 00 f0 35 3e 00 00 00 00 00 00 00 00 00 00 00 00 7a 3d 00 00 00 00 00 00 00 00 b7 60 5b b9 b0 7b 4d 3d 00 00 00 00 00 00 00 00 0d 69 cc 3e 45 66 38 be d2 d9 8f 45 09 f6 96 44 c2 9a 15 46 e0 92 93 b9 c0 0a b0 39 d5 df 24 b9 00 81 95 40 10 33 00 00 6a 03 00 00 00 00 00 00 00 00 ff 0b 11 00 8a 1f 63 ee 2a aa cf 40 5b 01 00 00 5a 01 00 00 00
2026-09-18T14:29:14.0226467Z RX 43 4f 5a 03 52 45 01 09 00 00 00 00 04 00 05 5c 00 f0 53 3e 00 00 00 00 00 00 00 00 00 00 00 00 7a 3d 00 00 00 00 00 00 00 00 16 f1 82 b9 84 a8 4c 3d 00 00 00 00 00 00 00 00 0d 69 cc 3e 45 66 38 be dc 66 8f 45 54 03 8a 44 db 6a 15 46 60 9a 54 ba c0 6e 1d 3a a7 ea 01 bb 00 81 95 40 10 33 00 00 6a 03 00 00 00 00 00 00 00 00 ff 05 5c 00 f0 71 3e 00 00 00 00 00 00 00 00 00 00 00 00 7a 3d 00 00 00 00 00 00 00 00 4b ff 90 b9 d0 05 4c 3d 00 00 00 00 00 00 00 00 0d 69 cc 3e 45 66 38 be 94 cd 8e 45 f8 4f 8a 44 e0 41 14 46 f0 ca 89 3a 40 ad 8c 38 c5 c6 c2 39 00 81 95 40 10 33 00 00 6a 03 00 00 00 00 00 00 00 00 ff
2026-09-18T14:29:14.0228547Z TX 43 4f 5a 03 52 45 01 0b 00 00 00 00 14 00 82 e2 c7 98 bb c1 cf 40 5c 01 00 00 5b 01 00 00 00
2026-09-18T14:29:14.0538996Z RX 43 4f 5a 03 52 45 01 09 00 00 00 00 04 00 0b 11 00 82 e2 c7 98 bb c1 cf 40 5c 01 00 00 5b 01 00 00 00 05 5c 00 f0 8f 3e 00 00 00 00 00 00 00 00 00 00 00 00 7a 3d 00 00 00 00 00 00 00 00 20 52 94 b9 af 66 4c 3d 00 00 00 00 00 00 00 00 0d 69 cc 3e 45 66 38 be b1 d7 90 45 5c c8 78 44 c6 33 15 46 00 bc 83 b7 f8 51 3f ba cb 6a 30 ba 00 81 95 40 10 33 00 00 6a 03 00 00 00 00 00 00 00 00 ff
2026-09-18T14:29:14.0698251Z TX 43 4f 5a 03 52 45 01 0b 00 00 00 00 14 00 27 c2 86 a7 27 d9 cf 40 5d 01 00 00 5c 01 00 00 00
2026-09-18T14:29:14.0870253Z RX 43 4f 5a 03 52 45 01 09 00 00 00 00 04 00 0b 11 00 27 c2 86 a7 27 d9 cf 40 5d 01 00 00 5c 01 00 00 00 05 0a 00 f3 ec 8e 1a 24 02 00 00 00 4f 05 5c 00 f0 ad 3e 00 00 00 00 00 00 00 00 00 00 00 00 7a 3d 00 00 00 00 00 00 00 00 af ae ab b9 17 10 4d 3d 00 00 00 00 00 00 00 00 0d 69 cc 3e 45 66 38 be 6c 99 90 45 e4 5e 9e 44 7c 1e 16 46 20 48 0f ba 20 a2 4b b9 d6 91 12 bb 00 81 95 40 10 33 00 00 6a 03 00 00 00 00 00 00 00 00 ff
2026-09-18T14:29:14.1158138Z TX 43 4f 5a 03 52 45 01 0b 00 00 00 00 14 00 24 28 7e 8c 21 f0 cf 40 5e 01 00 00 5d 01 00 00 00
2026-09-18T14:29:14.1209955Z RX 43 4f 5a 03 52 45 01 09 00 00 00 00 04 00 05 5c 00 f0 cb 3e 00 00 00 00 00 00 00 00 00 00 00 00 7a 3d 00 00 00 00 00 00 00 00 67 96 b8 b9 1d 7f 4c 3d 00 00 00 00 00 00 00 00 0d 69 cc 3e 45 66 38 be c5 f1 8f 45 37 64 a0 44 4a fa 14 46 e0 b2 07 3a 80 4e f1 b9 8a 1b 27 3a 00 81 95 40 10 33 00 00 6a 03 00 00 00 00 00 00 00 00 ff 0b 11 00 24 28 7e 8c 21 f0 cf 40 5e 01 00 00 5d 01 00 00 00
2026-09-18T14:29:14.1530239Z RX 43 4f 5a 03 52 45 01 09 00 00 00 00 04 00 05 5c 00 f0 e9 3e 00 00 00 00 00 00 00 00 00 00 00 00 7a 3d 00 00 00 00 00 00 00 00 09 db b8 b9 6a 19 4c 3d 00 00 00 00 00 00 00 00 0d 69 cc 3e 45 66 38 be 57 a0 8f 45 ec fa 79 44 51 ee 14 46 98 71 4d 3a a8 53 1e 3a 53 a6 e0 ba 00 81 95 40 10 33 00 00 6a 03 00 00 00 00 00 00 00 00 ff
2026-09-18T14:29:14.1628793Z TX 43 4f 5a 03 52 45 01 0b 00 00 00 00 14 00 aa 82 51 49 dd 03 d0 40 5f 01 00 00 5e 01 00 00 00
2026-09-18T14:29:14.1860133Z RX 43 4f 5a 03 52 45 01 09 00 00 00 00 04 00 0b 11 00 aa 82 51 49 dd 03 d0 40 5f 01 00 00 5e 01 00 00 00 05 5c 00 f0 07 3f 00 00 00 00 00 00 00 00 00 00 00 00 7a 3d 00 00 00 00 00 00 00 00 d7 65 d2 b9 fc 34 4c 3d 00 00 00 00 00 00 00 00 0d 69 cc 3e 45 66 38 be 3b 75 8f 45 3f 0a 89 44 24 42 15 46 d0 06 55 ba 00 66 3e ba 38 57 2f ba 00 81 95 40 10 33 00 00 6a 03 00 00 00 00 00 00 00 00 ff
2026-09-18T14:29:14.2095993Z TX 43 4f 5a 03 52 45 01 0b 00 00 00 00 14 00 d9 5f 76 4f 8a 0f d0 40 60 01 00 00 5f 01 00 00 00
2026-09-18T14:29:14.2190361Z RX 43 4f 5a 03 52 45 01 09 00 00 00 00 04 00 05 5c 00 f0 25 3f 00 00 00 00 00 00 00 00 00 00 00 00 7a 3d 00 00 00 00 00 00 00 00 aa 12 dd b9 af 2f 4c 3d 00 00 00 00 00 00 00 00 0d 69 cc 3e 45 66 38 be a2 94 90 45 a7 31 9f 44 96 2c 15 46 c8 62 8d ba c0 b1 96 38 38 57 2f ba 00 81 95 40 10 33 00 00 6a 03 00 00 00 00 00 00 00 00 ff 0b 11 00 d9 5f 76 4f 8a 0f d0 40 60 01 00 00 5f 01 00 00 00
2026-09-18T14:29:14.2520675Z RX 43 4f 5a 03 52 45 01 09 00 00 00 00 04 00 05 5c 00 f0 43 3f 00 00 00 00 00 00 00 00 00 00 00 00 7a 3d 00 00 00 00 00 00 00 00 b0 49 e3 b9 82 07 4d 3d 00 00 00 00 00 00 00 00 0d 69 cc 3e 45 66 38 be 82 2f 8e 45 d6 2c 84 44 5d f7 12 46 28 98 89 3a a8 53 1e 3a 7f 06 f1 38 00 81 95 40 10 33 00 00 6a 03 00 00 00 00 00 00 00 00 ff
2026-09-18T14:29:14.2557917Z TX 43 4f 5a 03 52 45 01 0b 00 00 00 00 14 00 8f 53 74 24 13 1b d0 40 61 01 00 00 60 01 00 00 00
2026-09-18T14:29:14.2850535Z RX 43 4f 5a 03 52 45 01 09 00 00 00 00 04 00 0b 11 00 8f 53 74 24 13 1b d0 40 61 01 00 00 60 01 00 00 00 05 5c 00 f0 61 3f 00 00 00 00 00 00 00 00 00 00 00 00 7a 3d 00 00 00 00 00 00 00 00 85 18 df b9 0d 66 4d 3d 00 00 00 00 00 00 00 00 0d 69 cc 3e 45 66 38 be be bf 90 45 f2 e2 5e 44 c8 8e 15 46 c0 12 93 b9 00 66 3e ba 5a 3c c5 39 00 81 95 40 10 33 00 00 6a 03 00 00 00 00 00 00 00 00 ff
2026-09-18T14:29:14.3033691Z TX 43 4f 5a 03 52 45 01 0b 00 00 00 00 14 00 29 ed 0d be fc 26 d0 40 62 01 00 00 61 01 00 00 00
2026-09-18T14:29:14.3181797Z RX 43 4f 5a 03 52 45 01 09 00 00 00 00 04 00 05 5c 00 f0 7f 3f 00 00 00 00 00 00 00 00 00 00 00 00 7a 3d 00 00 00 00 00 00 00 00 40 22 dd b9 89 17 4d 3d 00 00 00 00 00 00 00 00 0d 69 cc 3e 45 66 38 be ae 7c 90 45 f2 67 a5 44 b5 b2 15 46 c0 12 93 b9 a8 53 1e 3a b6 b3 d5 b9 00 81 95 40 10 33 00 00 6a 03 00 00 00 00 00 00 00 00 ff 0b 11 00 29 ed 0d be fc 26 d0 40 62 01 00 00 61 01 00 00 00
2026-09-18T14:29:14.3487037Z TX 43 4f 5a 03 52 45 01 0b 00 00 00 00 14 00 e0 2d 90 a0 4c 32 d0 40 63 01 00 00 62 01 00 00 00
2026-09-18T14:29:14.3513226Z RX 43 4f 5a 03 52 45 01 09 00 00 00 00 04 00 05 5c 00 f0 9d 3f 00 00 00 00 00 00 00 00 00 00 00 00 7a 3d 00 00 00 00 00 00 00 00 ca 32 d8 b9 36 1e 4d 3d 00 00 00 00 00 00 00 00 0d 69 cc 3e 45 66 38 be 9f 39 90 45 17 ff 9d 44 c2 9a 15 46 e0 b2 07 3a 80 4e f1 b9 5a 3c c5 39 00 81 95 40 10 33 00 00 6a 03 00 00 00 00 00 00 00 00 ff 05 5c 00 f0 bb 3f 00 00 00 00 00 00 00 00 00 00 00 00 7a 3d 00 00 00 00 00 00 00 00 21 cb d8 b9 b9 31 4d 3d 00 00 00 00 00 00 00 00 0d 69 cc 3e 45 66 38 be f1 5f 90 45 0f 07 8f 44 d5 76 15 46 40 e8 83 39 80 4e f1 b9 b6 b3 d5 b9 00 e3 95 40 10 33 00 00 6a 03 00 00 00 00 00 00 00 00 ff 0b 11 00 e0 2d 90 a0 4c 32 d0 40 63 01 00 00 62 01 00 00 00
2026-09-18T14:29:14.3843813Z RX 43 4f 5a 03 52 45 01 09 00 00 00 00 04 00 05 5c 00 f0 d9 3f 00 00 00 00 00 00 00 00 00 00 00 00 7a 3d 00 00 00 00 00 00 00 00 2c 24 d0 b9 3f ee 4d 3d 00 00 00 00 00 00 00 00 0d 69 cc 3e 45 66 38 be 5c 56 90 45 b9 64 87 44 cc 27 15 46 00 a8 72 b7 20 a2 4b b9 8a 1b 27 3a 00 81 95 40 10 33 00 00 6a 03 00 00 00 00 00 00 00 00 ff
2026-09-18T14:29:14.3958229Z TX 43 4f 5a 03 52 45 01 0b 00 00 00 00 14 00 a2 b4 37 f8 06 3e d0 40 64 01 00 00 63 01 00 00 00
2026-09-18T14:29:14.4172309Z RX 43 4f 5a 03 52 45 01 09 00 00 00 00 04 00 0b 11 00 a2 b4 37 f8 06 3e d0 40 64 01 00 00 63 01 00 00 00 05 5c 00 f0 f7 3f 00 00 00 00 00 00 00 00 00 00 00 00 7a 3d 00 00 00 00 00 00 00 00 02 f3 cb b9 f1 42 4e 3d 00 00 00 00 00 00 00 00 0d 69 cc 3e 45 66 38 be 69 3e 90 45 94 cd 8e 44 44 06 15 46 00 a8 72 b7 bc f1 a4 ba 5a 3c c5 39 00 81 95 40 10 33 00 00 6a 03 00 00 00 00 00 00 00 00 ff
2026-09-18T14:29:14.4408899Z TX 43 4f 5a 03 52 45 01 0b 00 00 00 00 14 00 30 bb 27 0f 53 49 d0 40 65 01 00 00 64 01 00 00 00
2026-09-18T14:29:14.4503902Z RX 43 4f 5a 03 52 45 01 09 00 00 00 00 04 00 05 5c 00 f0 15 40 00 00 00 00 00 00 00 00 00 00 00 00 7a 3d 00 00 00 00 00 00 00 00 0b 4c c3 b9 79 c6 4d 3d 00 00 00 00 00 00 00 00 0d 69 cc 3e 45 66 38 be 54 45 8f 45 bc 01 8d 44 24 42 15 46 98 71 4d 3a 68 12 64 3a d8 98 6b 3a 00 e3 95 40 10 33 00 00 6a 03 00 00 00 00 00 00 00 00 ff 0b 11 00 30 bb 27 0f 53 49 d0 40 65 01 00 00 64 01 00 00 00
2026-09-18T14:29:14.4830722Z RX 43 4f 5a 03 52 45 01 09 00 00 00 00 04 00 05 5c 00 f0 33 40 00 00 00 00 00 00 00 00 00 00 00 00 7a 3d 00 00 00 00 00 00 00 00 62 63 bb b9 af f0 4c 3d 00 00 00 00 00 00 00 00 0d 69 cc 3e 45 66 38 be 9c de 8f 45 8c fe 92 44 bc a6 15 46 40 e8 83 39 80 4e f1 b9 b6 b3 d5 b9 00 e3 95 40 10 33 00 00 6a 03 00 00 00 00 00 00 00 00 ff
2026-09-18T14:29:14.4866606Z TX 43 4f 5a 03 52 45 01 0b 00 00 00 00 14 00 9b 55 9f ab c1 54 d0 40 66 01 00 00 65 01 00 00 00
2026-09-18T14:29:14.5163003Z RX 43 4f 5a 03 52 45 01 09 00 00 00 00 04 00 0b 11 00 9b 55 9f ab c1 54 d0 40 66 01 00 00 65 01 00 00 00 05 5c 00 f0 51 40 00 00 00 00 00 00 00 00 00 00 00 00 7a 3d 00 00 00 00 00 00 00 00 cc 8c c7 b9 28 1f 4d 3d 00 00 00 00 00 00 00 00 0d 69 cc 3e 45 66 38 be 43 86 90 45 43 86 90 44 fe 89 15 46 e0 b2 07 3a bc f1 a4 ba 36 72 19 b9 00 81 95 40 10 33 00 00 6a 03 00 00 00 00 00 00 00 00 ff
2026-09-18T14:29:14.5327168Z TX 43 4f 5a 03 52 45 01 0b 00 00 00 00 14 00 24 97 ff 90 4a 60 d0 40 67 01 00 00 66 01 00 00 00
2026-09-18T14:29:14.5516594Z RX 43 4f 5a 03 52 45 01 09 00 00 00 00 04 00 05 5c 00 f0 6f 40 00 00 00 00 00 00 00 00 00 00 00 00 7a 3d 00 00 00 00 00 00 00 00 a1 ca ca b9 35 27 4e 3d 00 00 00 00 00 00 00 00 0d 69 cc 3e 45 66 38 be d8 8f 90 45 d1 fa 8d 44 d5 76 15 46 40 e8 83 39 20 a2 4b b9 38 57 2f ba 00 e3 95 40 10 33 00 00 6a 03 00 00 00 00 00 00 00 00 ff 0b 11 00 24 97 ff 90 4a 60 d0 40 67 01 00 00 66 01 00 00 00
2026-09-18T14:29:14.5795339Z TX 43 4f 5a 03 52 45 01 0b 00 00 00 00 14 00 dd 24 06 81 f9 6b d0 40 68 01 00 00 67 01 00 00 00
2026-09-18T14:29:14.5824088Z RX 43 4f 5a 03 52 45 01 09 00 00 00 00 04 00 05 5c 00 f0 8d 40 00 00 00 00 00 00 00 00 00 00 00 00 7a 3d 00 00 00 00 00 00 00 00 10 16 c8 b9 02 64 4e 3d 00 00 00 00 00 00 00 00 0d 69 cc 3e 45 66 38 be ee 04 90 45 2e 8d 8f 44 e8 52 15 46 70 aa 07 3a 68 3f 1e 3a 68 fd 26 3a 00 81 95 40 10 33 00 00 6a 03 00 00 00 00 00 00 00 00 ff 0b 11 00 dd 24 06 81 f9 6b d0 40 68 01 00 00 67 01 00 00 00
2026-09-18T14:29:14.6152507Z RX 43 4f 5a 03 52 45 01 09 00 00 00 00 04 00 05 5c 00 f0 ab 40 00 00 00 00 00 00 00 00 00 00 00 00 7a 3d 00 00 00 00 00 00 00 00 8d 98 ca b9 76 aa 4d 3d 00 00 00 00 00 00 00 00 0d 69 cc 3e 45 66 38 be 66 e3 8f 45 22 42 8c 44 76 68 15 46 60 68 0f ba 7c 8b 94 3a 92 b4 d5 b9 00 e3 95 40 10 33 00 00 6a 03 00 00 00 00 00 00 00 00 ff
2026-09-18T14:29:14.6263072Z TX 43 4f 5a 03 52 45 01 0b 00 00 00 00 14 00 7c f2 b0 50 a7 77 d0 40 69 01 00 00 68 01 00 00 00
2026-09-18T14:29:14.6483998Z RX 43 4f 5a 03 52 45 01 09 00 00 00 00 04 00 05 5c 00 f0 c9 40 00 00 00 00 00 00 00 00 00 00 00 00 7a 3d 00 00 00 00 00 00 00 00 e2 a1 c8 b9 eb 24 4d 3d 00 00 00 00 00 00 00 00 0d 69 cc 3e 45 66 38 be e6 f3 8e 45 0e 28 8d 44 34 85 15 46 d0 7a 54 ba 60 3b 1d 3a 76 0d c5 39 00 81 95 40 10 33 00 00 6a 03 00 00 00 00 00 00 00 00 ff 0b 11 00 7c f2 b0 50 a7 77 d0 40 69 01 00 00 68 01 00 00 00 05 5c 00 f0 e7 40 00 00 00 00 00 00 00 00 00 00 00 00 7a 3d 00 00 00 00 00 00 00 00 ad 9f cc b9 86 70 4c 3d 00 00 00 00 00 00 00 00 0d 69 cc 3e 45 66 38 be 4d 13 90 45 6a db 8c 44 80 f5 14 46 e0 d1 89 3a 58 0e 94 3a 68 3f 2f ba 00 81 95 40 10 33 00 00 6a 03 00 00 00 00 00 00 00 00 ff
2026-09-18T14:29:14.6734599Z TX 43 4f 5a 03 52 45 01 0b 00 00 00 00 14 00 0a d7 a3 70 75 83 d0 40 6a 01 00 00 69 01 00 00 00
2026-09-18T14:29:14.6813650Z RX 43 4f 5a 03 52 45 01 09 00 00 00 00 04 00 0b 11 00 0a d7 a3 70 75 83 d0 40 6a 01 00 00 69 01 00 00 00 05 5c 00 f0 05 41 00 00 00 00 00 00 00 00 00 00 00 00 7a 3d 00 00 00 00 00 00 00 00 23 bc db b9 84 53 4d 3d 00 00 00 00 00 00 00 00 0d 69 cc 3e 45 66 38 be 52 c9 90 45 75 47 8e 44 99 87 15 46 20 08 0f ba 6c 6c eb ba b7 29 73 ba 00 81 95 40 10 33 00 00 6a 03 00 00 00 00 00 00 00 00 ff
2026-09-18T14:29:14.7147445Z RX 43 4f 5a 03 52 45 01 09 00 00 00 00 04 00 05 5c 00 f0 23 41 00 00 00 00 00 00 00 00 00 00 00 00 7a 3d 00 00 00 00 00 00 00 00 19 74 e4 b9 43 96 4d 3d 00 00 00 00 00 00 00 00 0d 69 cc 3e 45 66 38 be d8 8f 90 45 3a d8 92 44 da ee 16 46 e0 0d 85 39 d4 6b b7 3a d0 ae 14 b9 00 81 95 40 10 33 00 00 6a 03 00 00 00 00 00 00 00 00 ff
2026-09-18T14:29:14.7191951Z TX 43 4f 5a 03 52 45 01 0b 00 00 00 00 14 00 a4 df be 0e e8 8e d0 40 6b 01 00 00 6a 01 00 00 00
2026-09-18T14:29:14.7471282Z RX 43 4f 5a 03 52 45 01 09 00 00 00 00 04 00 0b 11 00 a4 df be 0e e8 8e d0 40 6b 01 00 00 6a 01 00 00 00 05 5c 00 f0 41 41 00 00 00 00 00 00 00 00 00 00 00 00 7a 3d 00 00 00 00 00 00 00 00 40 2f e0 b9 40 b1 4c 3d 00 00 00 00 00 00 00 00 0d 69 cc 3e 45 66 38 be cf 7e 8f 45 12 a4 94 44 92 93 15 46 70 36 08 3a e0 38 f5 b9 20 1a 28 3a 00 81 95 40 10 33 00 00 6a 03 00 00 00 00 00 00 00 00 ff
2026-09-18T14:29:14.7654412Z TX 43 4f 5a 03 52 45 01 0b 00 00 00 00 14 00 7b 14 ae 47 75 9a d0 40 6c 01 00 00 6b 01 00 00 00
2026-09-18T14:29:14.7805835Z RX 43 4f 5a 03 52 45 01 09 00 00 00 00 04 00 0b 11 00 7b 14 ae 47 75 9a d0 40 6c 01 00 00 6b 01 00 00 00 05 5c 00 f0 5f 41 00 00 00 00 00 00 00 00 00 00 00 00 7a 3d 00 00 00 00 00 00 00 00 78 31 db b9 b4 1b 4c 3d 00 00 00 00 00 00 00 00 0d 69 cc 3e 45 66 38 be 5a fb 8f 45 54 f9 7c 44 4a bc 15 46 a0 e8 83 39 c0 a1 1c 3a 47 25 f7 38 00 81 95 40 10 33 00 00 6a 03 00 00 00 00 00 00 00 00 ff
2026-09-18T14:29:14.8121106Z TX 43 4f 5a 03 52 45 01 0b 00 00 00 00 14 00 32 55 30 2a 21 a6 d0 40 6d 01 00 00 6c 01 00 00 00
2026-09-18T14:29:14.8156905Z RX 43 4f 5a 03 52 45 01 09 00 00 00 00 04 00 05 5c 00 f0 7d 41 00 00 00 00 00 00 00 00 00 00 00 00 7a 3d 00 00 00 00 00 00 00 00 01 28 dc b9 94 d4 4c 3d 00 00 00 00 00 00 00 00 0d 69 cc 3e 45 66 38 be 8e 7a 91 45 39 f9 90 44 83 50 15 46 40 21 0f ba b8 9e c8 ba d5 87 2e ba 00 81 95 40 10 33 00 00 6a 03 00 00 00 00 00 00 00 00 ff
2026-09-18T14:29:14.8462557Z RX 43 4f 5a 03 52 45 01 09 00 00 00 00 04 00 0b 11 00 32 55 30 2a 21 a6 d0 40 6d 01 00 00 6c 01 00 00 00 05 5c 00 f0 9b 41 00 00 00 00 00 00 00 00 00 00 00 00 7a 3d 00 00 00 00 00 00 00 00 ff 0b e3 b9 12 ec 4d 3d 00 00 00 00 00 00 00 00 0d 69 cc 3e 45 66 38 be 7c dc 90 45 df 03 95 44 07 d9 15 46 e8 25 8d ba 98 63 63 3a 8d b9 6c 3a 00 81 95 40 10 33 00 00 6a 03 00 00 00 00 00 00 00 00 ff
2026-09-18T14:29:14.8587550Z TX 43 4f 5a 03 52 45 01 0b 00 00 00 00 14 00 58 ca 32 c4 d5 b1 d0 40 6e 01 00 00 6d 01 00 00 00
2026-09-18T14:29:14.8792835Z RX 43 4f 5a 03 52 45 01 09 00 00 00 00 04 00 05 5c 00 f0 b9 41 00 00 00 00 00 00 00 00 00 00 00 00 7a 3d 00 00 00 00 00 00 00 00 04 91 dc b9 76 68 4d 3d 00 00 00 00 00 00 00 00 0d 69 cc 3e 45 66 38 be 79 81 90 45 bd e0 8e 44 f0 63 16 46 00 05 09 3a 80 81 51 b9 dd 82 2e ba 00 81 95 40 10 33 00 00 6a 03 00 00 00 00 00 00 00 00 ff 0b 11 00 58 ca 32 c4 d5 b1 d0 40 6e 01 00 00 6d 01 00 00 00
2026-09-18T14:29:14.9043893Z TX 43 4f 5a 03 52 45 01 0b 00 00 00 00 14 00 6f 12 83 c0 3a bd d0 40 6f 01 00 00 6e 01 00 00 00
2026-09-18T14:29:14.9121581Z RX 43 4f 5a 03 52 45 01 09 00 00 00 00 04 00 05 0a 00 f3 bc bc 58 de 02 00 00 00 45 05 5c 00 f0 d7 41 00 00 00 00 00 00 00 00 00 00 00 00 7a 3d 00 00 00 00 00 00 00 00 6a f2 e4 b9 39 48 4c 3d 00 00 00 00 00 00 00 00 0d 69 cc 3e 45 66 38 be 7a fd 8e 45 89 61 8d 44 fb 2e 15 46 a0 64 91 b9 38 dd b6 3a 3b 9d 72 ba 00 81 95 40 10 33 00 00 6a 03 00 00 00 00 00 00 00 00 ff 0b 11 00 6f 12 83 c0 3a bd d0 40 6f 01 00 00 6e 01 00 00 00
2026-09-18T14:29:14.9458286Z RX 43 4f 5a 03 52 45 01 09 00 00 00 00 04 00 05 5c 00 f0 f5 41 00 00 00 00 00 00 00 00 00 00 00 00 7a 3d 00 00 00 00 00 00 00 00 ce 1f ff b9 4a 81 4c 3d 00 00 00 00 00 00 00 00 0d 69 cc 3e 45 66 38 be 76 26 90 45 90 51 87 44 44 06 15 46 30 84 53 ba f0 41 83 ba e1 f2 9a ba 00 81 95 40 10 33 00 00 6a 03 00 00 00 00 00 00 00 00 ff
2026-09-18T14:29:14.9512707Z TX 43 4f 5a 03 52 45 01 0b 00 00 00 00 14 00 d3 bc e3 14 f5 c8 d0 40 70 01 00 00 6f 01 00 00 00
2026-09-18T14:29:14.9782484Z RX 43 4f 5a 03 52 45 01 09 00 00 00 00 04 00 05 5c 00 f0 13 42 00 00 00 00 00 00 00 00 00 00 00 00 7a 3d 00 00 00 00 00 00 00 00 90 c8 07 ba 96 90 4c 3d 00 00 00 00 00 00 00 00 0d 69 cc 3e 45 66 38 be 86 69 90 45 50 b0 95 44 40 6d 15 46 80 0a 90 b9 10 e5 f4 b9 15 29 2c ba 00 81 95 40 10 33 00 00 6a 03 00 00 00 00 00 00 00 00 ff 0b 11 00 d3 bc e3 14 f5 c8 d0 40 70 01 00 00 6f 01 00 00 00 05 5c 00 f0 31 42 00 00 00 00 00 00 00 00 00 00 00 00 7a 3d 00 00 00 00 00 00 00 00 3f fb 0f ba 5d ad 4d 3d 00 00 00 00 00 00 00 00 0d 69 cc 3e 45 66 38 be 9f 39 90 45 f1 5f 90 44 5a 3d 15 46 f8 2e af ba a4 8d a5 ba 86 d4 cd b9 00 81 95 40 10 33 00 00 6a 03 00 00 00 00 00 00 00 00 ff
2026-09-18T14:29:14.9985395Z TX 43 4f 5a 03 52 45 01 0b 00 00 00 00 14 00 91 7e fb 3a ac d4 d0 40 71 01 00 00 70 01 00 00 00
2026-09-18T14:29:15.0111890Z RX 43 4f 5a 03 52 45 01 09 00 00 00 00 04 00 0b 11 00 91 7e fb 3a ac d4 d0 40 71 01 00 00 70 01 00 00 00 05 5c 00 f0 4f 42 00 00 00 00 00 00 00 00 00 00 00 00 7a 3d 00 00 00 00 00 00 00 00 3f 6a 0a ba 87 d4 4d 3d 00 00 00 00 00 00 00 00 0d 69 cc 3e 45 66 38 be 17 18 90 45 f9 2e 8c 44 04 7e 15 46 b0 53 0c ba 4c 5d 94 3a ee d4 99 3a 00 81 95 40 10 33 00 00 6a 03 00 00 00 00 00 00 00 00 ff
2026-09-18T14:29:15.0452883Z TX 43 4f 5a 03 52 45 01 0b 00 00 00 00 14 00 79 58 a8 35 6d e0 d0 40 72 01 00 00 71 01 00 00 00
2026-09-18T14:29:15.0478881Z RX 43 4f 5a 03 52 45 01 09 00 00 00 00 04 00 05 5c 00 f0 6d 42 00 00 00 00 00 00 00 00 00 00 00 00 7a 3d 00 00 00 00 00 00 00 00 d0 e0 09 ba 70 54 4d 3d 00 00 00 00 00 00 00 00 0d 69 cc 3e 45 66 38 be 57 a0 8f 45 d0 1b 8c 44 e4 b9 15 46 00 96 0a 3a 38 7d 1c 3a 0b f3 0b b9 00 81 95 40 10 33 00 00 6a 03 00 00 00 00 00 00 00 00 ff
2026-09-18T14:29:15.0774197Z RX 43 4f 5a 03 52 45 01 09 00 00 00 00 04 00 0b 11 00 79 58 a8 35 6d e0 d0 40 72 01 00 00 71 01 00 00 00 05 5c 00 f0 8b 42 00 00 00 00 00 00 00 00 00 00 00 00 7a 3d 00 00 00 00 00 00 00 00 64 21 0c ba c0 d3 4c 3d 00 00 00 00 00 00 00 00 0d 69 cc 3e 45 66 38 be b8 09 90 45 63 eb 92 44 35 c3 14 46 60 0f 8e b9 32 45 07 bb 95 89 ce b9 00 e3 95 40 10 33 00 00 6a 03 00 00 00 00 00 00 00 00 ff
2026-09-18T14:29:15.0912550Z TX 43 4f 5a 03 52 45 01 0b 00 00 00 00 14 00 3d 0a d7 a3 f4 eb d0 40 73 01 00 00 72 01 00 00 00
2026-09-18T14:29:15.1103354Z RX 43 4f 5a 03 52 45 01 09 00 00 00 00 04 00 0b 11 00 3d 0a d7 a3 f4 eb d0 40 73 01 00 00 72 01 00 00 00 05 5c 00 f0 a9 42 00 00 00 00 00 00 00 00 00 00 00 00 7a 3d 00 00 00 00 00 00 00 00 a7 cd 15 ba 20 89 4e 3d 00 00 00 00 00 00 00 00 0d 69 cc 3e 45 66 38 be 10 e6 90 45 99 ff 84 44 57 e2 14 46 b0 e3 51 ba 0c 60 c7 ba a2 69 de ba 00 81 95 40 10 33 00 00 6a 03 00 00 00 00 00 00 00 00 ff
2026-09-18T14:29:15.1382675Z TX 43 4f 5a 03 52 45 01 0b 00 00 00 00 14 00 32 e6 ae 25 b4 f7 d0 40 74 01 00 00 73 01 00 00 00
2026-09-18T14:29:15.1442205Z RX 43 4f 5a 03 52 45 01 09 00 00 00 00 04 00 05 5c 00 f0 c7 42 00 00 00 00 00 00 00 00 00 00 00 00 7a 3d 00 00 00 00 00 00 00 00 64 b2 1e ba 68 b2 4e 3d 00 00 00 00 00 00 00 00 0d 69 cc 3e 45 66 38 be 43 86 90 45 6b ba 8e 44 a2 d6 15 46 80 07 8c b9 c0 df da 3a 61 b0 0d 39 00 e3 95 40 10 33 00 00 6a 03 00 00 00 00 00 00 00 00 ff 0b 11 00 32 e6 ae 25 b4 f7 d0 40 74 01 00 00 73 01 00 00 00
2026-09-18T14:29:15.1771900Z RX 43 4f 5a 03 52 45 01 09 00 00 00 00 04 00 05 5c 00 f0 e5 42 00 00 00 00 00 00 00 00 00 00 00 00 7a 3d 00 00 00 00 00 00 00 00 ca ea 1d ba 00 1b 4d 3d 00 00 00 00 00 00 00 00 0d 69 cc 3e 45 66 38 be 3b 75 8f 45 04 c4 a0 44 88 06 16 46 c0 95 0b ba 98 9e 63 3a f5 67 0d 39 00 81 95 40 10 33 00 00 6a 03 00 00 00 00 00 00 00 00 ff
2026-09-18T14:29:15.1843607Z TX 43 4f 5a 03 52 45 01 0b 00 00 00 00 14 00 98 dd 93 87 39 03 d1 40 75 01 00 00 74 01 00 00 00
2026-09-18T14:29:15.2093666Z RX 43 4f 5a 03 52 45 01 09 00 00 00 00 04 00 05 5c 00 f0 03 43 00 00 00 00 00 00 00 00 00 00 00 00 7a 3d 00 00 00 00 00 00 00 00 54 ff 1e ba d8 ea 4b 3d 00 00 00 00 00 00 00 00 0d 69 cc 3e 45 66 38 be 94 cd 8e 45 84 06 84 44 05 bc 14 46 e0 88 0b 3a d0 63 f2 b9 e2 26 04 b9 00 81 95 40 10 33 00 00 6a 03 00 00 00 00 00 00 00 00 ff 0b 11 00 98 dd 93 87 39 03 d1 40 75 01 00 00 74 01 00 00 00
2026-09-18T14:29:15.2302176Z TX 43 4f 5a 03 52 45 01 0b 00 00 00 00 14 00 ac 1c 5a 64 a7 0e d1 40 76 01 00 00 75 01 00 00 00
2026-09-18T14:29:15.2425753Z RX 43 4f 5a 03 52 45 01 09 00 00 00 00 04 00 05 5c 00 f0 21 43 00 00 00 00 00 00 00 00 00 00 00 00 7a 3d 00 00 00 00 00 00 00 00 3f fc 1b ba 64 de 4c 3d 00 00 00 00 00 00 00 00 0d 69 cc 3e 45 66 38 be bb 64 90 45 22 38 7f 44 08 17 15 46 d0 77 8b ba 80 54 93 38 3e aa 0d 39 00 e3 95 40 10 33 00 00 6a 03 00 00 00 00 00 00 00 00 ff 0b 11 00 ac 1c 5a 64 a7 0e d1 40 76 01 00 00 75 01 00 00 00
2026-09-18T14:29:15.2755067Z RX 43 4f 5a 03 52 45 01 09 00 00 00 00 04 00 05 5c 00 f0 3f 43 00 00 00 00 00 00 00 00 00 00 00 00 7a 3d 00 00 00 00 00 00 00 00 a2 51 1c ba cb 6c 4d 3d 00 00 00 00 00 00 00 00 0d 69 cc 3e 45 66 38 be 39 f9 90 45 68 46 9c 44 6a 80 15 46 d0 88 0b 3a c0 a6 63 3a 37 20 cb b9 00 81 95 40 10 33 00 00 6a 03 00 00 00 00 00 00 00 00 ff 05 5c 00 f0 5d 43 00 00 00 00 00 00 00 00 00 00 00 00 7a 3d 00 00 00 00 00 00 00 00 c6 82 1e ba 24 ec 4d 3d 00 00 00 00 00 00 00 00 0d 69 cc 3e 45 66 38 be 4f 8f 8e 45 57 a0 8f 44 13 e2 13 46 20 94 8b 39 c0 b2 94 3a 37 20 cb b9 00 e3 95 40 10 33 00 00 6a 03 00 00 00 00 00 00 00 00 ff
2026-09-18T14:29:15.2758942Z TX 43 4f 5a 03 52 45 01 0b 00 00 00 00 14 00 ac 1c 5a 64 0f 1a d1 40 77 01 00 00 76 01 00 00 00
2026-09-18T14:29:15.3094621Z RX 43 4f 5a 03 52 45 01 09 00 00 00 00 04 00 0b 11 00 ac 1c 5a 64 0f 1a d1 40 77 01 00 00 76 01 00 00 00 05 5c 00 f0 7b 43 00 00 00 00 00 00 00 00 00 00 00 00 7a 3d 00 00 00 00 00 00 00 00 f4 4d 23 ba 64 75 4c 3d 00 00 00 00 00 00 00 00 0d 69 cc 3e 45 66 38 be 3e af 91 45 32 e0 83 44 f8 36 18 46 00 00 35 34 90 52 b0 39 37 4b 04 b9 00 81 95 40 10 33 00 00 6a 03 00 00 00 00 00 00 00 00 ff
2026-09-18T14:29:15.3214924Z TX 43 4f 5a 03 52 45 01 0b 00 00 00 00 14 00 c6 6d 34 80 77 25 d1 40 78 01 00 00 77 01 00 00 00
2026-09-18T14:29:15.3413432Z RX 43 4f 5a 03 52 45 01 09 00 00 00 00 04 00 0b 11 00 c6 6d 34 80 77 25 d1 40 78 01 00 00 77 01 00 00 00 05 5c 00 f0 99 43 00 00 00 00 00 00 00 00 00 00 00 00 7a 3d 00 00 00 00 00 00 00 00 fd b9 27 ba d5 59 4d 3d 00 00 00 00 00 00 00 00 0d 69 cc 3e 45 66 38 be 16 9c 91 45 ce af ae 44 5c 5a 16 46 30 72 0b ba d6 e2 06 bb c8 c2 bb ba 00 81 95 40 10 33 00 00 6a 03 00 00 00 00 00 00 00 00 ff
2026-09-18T14:29:15.3682126Z TX 43 4f 5a 03 52 45 01 0b 00 00 00 00 14 00 59 17 b7 d1 0c 31 d1 40 79 01 00 00 78 01 00 00 00
2026-09-18T14:29:15.3745363Z RX 43 4f 5a 03 52 45 01 09 00 00 00 00 04 00 05 0a 00 f3 8b 63 6c 11 01 00 00 00 2c 05 5c 00 f0 b7 43 00 00 00 00 00 00 00 00 00 00 00 00 7a 3d 00 00 00 00 00 00 00 00 0f 67 33 ba cb 62 4e 3d 00 00 00 00 00 00 00 00 0d 69 cc 3e 45 66 38 be bb 64 90 45 98 72 a9 44 74 0d 15 46 e0 66 8b b9 d0 25 f2 b9 c8 c2 bb ba 00 81 95 40 10 33 00 00 6a 03 00 00 00 00 00 00 00 00 ff 0b 11 00 59 17 b7 d1 0c 31 d1 40 79 01 00 00 78 01 00 00 00
2026-09-18T14:29:15.4076053Z RX 43 4f 5a 03 52 45 01 09 00 00 00 00 04 00 05 5c 00 f0 d5 43 00 00 00 00 00 00 00 00 00 00 00 00 7a 3d 00 00 00 00 00 00 00 00 ca 14 37 ba fa 47 4d 3d 00 00 00 00 00 00 00 00 0d 69 cc 3e 45 66 38 be 5c 77 8e 45 66 55 78 44 7a 01 15 46 20 94 8b 39 d8 50 fd 3a da cf cf 39 00 81 95 40 10 33 00 00 6a 03 00 00 00 00 00 00 00 00 ff
2026-09-18T14:29:15.4143269Z TX 43 4f 5a 03 52 45 01 0b 00 00 00 00 14 00 17 b7 d1 00 ae 3c d1 40 7a 01 00 00 79 01 00 00 00
2026-09-18T14:29:15.4405503Z RX 43 4f 5a 03 52 45 01 09 00 00 00 00 04 00 0b 11 00 17 b7 d1 00 ae 3c d1 40 7a 01 00 00 79 01 00 00 00 05 5c 00 f0 f3 43 00 00 00 00 00 00 00 00 00 00 00 00 7a 3d 00 00 00 00 00 00 00 00 2e 6a 37 ba 6b 60 4c 3d 00 00 00 00 00 00 00 00 0d 69 cc 3e 45 66 38 be a9 c6 8f 45 cd 7e 86 44 a3 14 15 46 e0 30 51 ba a8 d1 3e ba 79 0d 2a ba 00 81 95 40 10 33 00 00 6a 03 00 00 00 00 00 00 00 00 ff
2026-09-18T14:29:15.4612597Z TX 43 4f 5a 03 52 45 01 0b 00 00 00 00 14 00 ee eb c0 39 67 48 d1 40 7b 01 00 00 7a 01 00 00 00
2026-09-18T14:29:15.4735475Z RX 43 4f 5a 03 52 45 01 09 00 00 00 00 04 00 05 5c 00 f0 11 44 00 00 00 00 00 00 00 00 00 00 00 00 7a 3d 00 00 00 00 00 00 00 00 ce 52 3d ba e3 37 4d 3d 00 00 00 00 00 00 00 00 0d 69 cc 3e 45 66 38 be 36 9e 90 45 90 7a 9a 44 2e cf 14 46 e0 66 8b b9 d6 e2 06 bb d6 8a 6e ba 00 81 95 40 10 33 00 00 6a 03 00 00 00 00 00 00 00 00 ff 0b 11 00 ee eb c0 39 67 48 d1 40 7b 01 00 00 7a 01 00 00 00
2026-09-18T14:29:15.5064943Z RX 43 4f 5a 03 52 45 01 09 00 00 00 00 04 00 05 5c 00 f0 2f 44 00 00 00 00 00 00 00 00 00 00 00 00 7a 3d 00 00 00 00 00 00 00 00 62 a1 40 ba 18 53 4e 3d 00 00 00 00 00 00 00 00 0d 69 cc 3e 45 66 38 be d5 34 90 45 a3 8c 84 44 1e 4e 15 46 e0 66 8b b9 90 52 b0 39 fa af 9a 3a 00 81 95 40 10 33 00 00 6a 03 00 00 00 00 00 00 00 00 ff
2026-09-18T14:29:15.5070895Z TX 43 4f 5a 03 52 45 01 0b 00 00 00 00 14 00 dd b5 84 7c e0 53 d1 40 7c 01 00 00 7b 01 00 00 00
2026-09-18T14:29:15.5395063Z RX 43 4f 5a 03 52 45 01 09 00 00 00 00 04 00 0b 11 00 dd b5 84 7c e0 53 d1 40 7c 01 00 00 7b 01 00 00 00 05 5c 00 f0 4d 44 00 00 00 00 00 00 00 00 00 00 00 00 7a 3d 00 00 00 00 00 00 00 00 e1 4c 37 ba 7b 83 4e 3d 00 00 00 00 00 00 00 00 0d 69 cc 3e 45 66 38 be 2f 6c 91 45 c0 7d 94 44 1d 10 16 46 00 00 35 34 00 e8 1d 3a 37 4b 04 b9 00 81 95 40 10 33 00 00 6a 03 00 00 00 00 00 00 00 00 ff
2026-09-18T14:29:15.5538904Z TX 43 4f 5a 03 52 45 01 0b 00 00 00 00 14 00 e4 83 9e cd 92 5f d1 40 7d 01 00 00 7c 01 00 00 00
2026-09-18T14:29:15.5724379Z RX 43 4f 5a 03 52 45 01 09 00 00 00 00 04 00 05 5c 00 f0 6b 44 00 00 00 00 00 00 00 00 00 00 00 00 7a 3d 00 00 00 00 00 00 00 00 1b b2 3e ba 46 3a 4f 3d 00 00 00 00 00 00 00 00 0d 69 cc 3e 45 66 38 be cf 7e 8f 45 c3 1a 9a 44 47 61 15 46 88 47 51 3a 00 e8 1d 3a 0f 20 00 bb 00 81 95 40 10 33 00 00 6a 03 00 00 00 00 00 00 00 00 ff 0b 11 00 e4 83 9e cd 92 5f d1 40 7d 01 00 00 7c 01 00 00 00
2026-09-18T14:29:15.6013728Z TX 43 4f 5a 03 52 45 01 0b 00 00 00 00 14 00 44 69 6f f0 6d 6b d1 40 7e 01 00 00 7d 01 00 00 00
2026-09-18T14:29:15.6056800Z RX 43 4f 5a 03 52 45 01 09 00 00 00 00 04 00 05 5c 00 f0 89 44 00 00 00 00 00 00 00 00 00 00 00 00 7a 3d 00 00 00 00 00 00 00 00 56 17 46 ba 32 69 4e 3d 00 00 00 00 00 00 00 00 0d 69 cc 3e 45 66 38 be a9 c6 8f 45 e0 b9 83 44 f8 95 15 46 d0 88 0b 3a 20 92 b7 3a 98 e2 70 3a 00 81 95 40 10 33 00 00 6a 03 00 00 00 00 00 00 00 00 ff 0b 11 00 44 69 6f f0 6d 6b d1 40 7e 01 00 00 7d 01 00 00 00 05 5c 00 f0 a7 44 00 00 00 00 00 00 00 00 00 00 00 00 7a 3d 00 00 00 00 00 00 00 00 04 2b 47 ba a4 3c 4e 3d 00 00 00 00 00 00 00 00 0d 69 cc 3e 45 66 38 be 73 cb 8f 45 91 30 89 44 3b b7 14 46 30 72 0b ba 4c e6 ea ba 37 4b 04 b9 00 81 95 40 10 33 00 00 6a 03 00 00 00 00 00 00 00 00 ff
2026-09-18T14:29:15.6385868Z RX 43 4f 5a 03 52 45 01 09 00 00 00 00 04 00 05 5c 00 f0 c5 44 00 00 00 00 00 00 00 00 00 00 00 00 7a 3d 00 00 00 00 00 00 00 00 f7 f3 3e ba 50 69 4e 3d 00 00 00 00 00 00 00 00 0d 69 cc 3e 45 66 38 be b4 32 91 45 27 9d 95 44 9e 3d 16 46 20 94 8b 39 80 54 93 38 4a 65 2c 3a 00 81 95 40 10 33 00 00 6a 03 00 00 00 00 00 00 00 00 ff
2026-09-18T14:29:15.6466447Z TX 43 4f 5a 03 52 45 01 0b 00 00 00 00 14 00 98 4c 15 8c c2 76 d1 40 7f 01 00 00 7e 01 00 00 00
2026-09-18T14:29:15.6714884Z RX 43 4f 5a 03 52 45 01 09 00 00 00 00 04 00 0b 11 00 98 4c 15 8c c2 76 d1 40 7f 01 00 00 7e 01 00 00 00 05 5c 00 f0 e3 44 00 00 00 00 00 00 00 00 00 00 00 00 7a 3d 00 00 00 00 00 00 00 00 b4 32 3b ba f6 39 4f 3d 00 00 00 00 00 00 00 00 0d 69 cc 3e 45 66 38 be f1 5f 90 45 5e b9 9c 44 18 5a 15 46 40 82 8b 39 48 b0 3e ba 93 a0 9a 3a 00 e3 95 40 10 33 00 00 6a 03 00 00 00 00 00 00 00 00 ff
2026-09-18T14:29:15.6929302Z TX 43 4f 5a 03 52 45 01 0b 00 00 00 00 14 00 b0 72 68 91 59 82 d1 40 80 01 00 00 7f 01 00 00 00
2026-09-18T14:29:15.7047111Z RX 43 4f 5a 03 52 45 01 09 00 00 00 00 04 00 05 5c 00 f0 01 45 00 00 00 00 00 00 00 00 00 00 00 00 7a 3d 00 00 00 00 00 00 00 00 22 88 36 ba 75 33 4d 3d 00 00 00 00 00 00 00 00 0d 69 cc 3e 45 66 38 be ba 85 8e 45 0b b4 9a 44 cf 82 15 46 80 31 8b b9 60 ad 55 3b 2e 09 bc ba 00 e3 95 40 10 33 00 00 6a 03 00 00 00 00 00 00 00 00 ff 0b 11 00 b0 72 68 91 59 82 d1 40 80 01 00 00 7f 01 00 00 00
2026-09-18T14:29:15.7375637Z RX 43 4f 5a 03 52 45 01 09 00 00 00 00 04 00 05 5c 00 f0 1f 45 00 00 00 00 00 00 00 00 00 00 00 00 7a 3d 00 00 00 00 00 00 00 00 f5 0b 3f ba c7 0d 4c 3d 00 00 00 00 00 00 00 00 0d 69 cc 3e 45 66 38 be 88 c4 90 45 40 e9 8a 44 fe 89 15 46 68 47 51 3a ba 54 07 bb eb a7 ca b9 00 81 95 40 10 33 00 00 6a 03 00 00 00 00 00 00 00 00 ff
2026-09-18T14:29:15.7390874Z TX 43 4f 5a 03 52 45 01 0b 00 00 00 00 14 00 e9 48 2e ff e5 8d d1 40 81 01 00 00 80 01 00 00 00
2026-09-18T14:29:15.7703013Z RX 43 4f 5a 03 52 45 01 09 00 00 00 00 04 00 0b 11 00 e9 48 2e ff e5 8d d1 40 81 01 00 00 80 01 00 00 00 05 5c 00 f0 3d 45 00 00 00 00 00 00 00 00 00 00 00 00 7a 3d 00 00 00 00 00 00 00 00 ec a7 3b ba 8c 22 50 3d 00 00 00 00 00 00 00 00 0d 69 cc 3e 45 66 38 be 6d 78 92 45 b2 74 8d 44 df 03 15 46 80 3a 8b 39 5e 43 80 bb d4 ce 70 3a 00 81 95 40 10 33 00 00 6a 03 00 00 00 00 00 00 00 00 ff
2026-09-18T14:29:15.7842569Z TX 43 4f 5a 03 52 45 01 0b 00 00 00 00 14 00 97 90 0f 7a 26 99 d1 40 82 01 00 00 81 01 00 00 00
2026-09-18T14:29:15.8035770Z RX 43 4f 5a 03 52 45 01 09 00 00 00 00 04 00 05 5c 00 f0 5b 45 00 00 00 00 00 00 00 00 00 00 00 00 7a 3d 00 00 00 00 00 00 00 00 06 a0 3b ba 2f 4c 4f 3d 00 00 00 00 00 00 00 00 0d 69 cc 3e 45 66 38 be 28 d7 8e 45 92 0f 8b 44 36 e0 15 46 e0 8a 8b b9 41 2a c2 3b 00 cd bb ba 00 81 95 40 10 33 00 00 6a 03 00 00 00 00 00 00 00 00 ff 0b 11 00 97 90 0f 7a 26 99 d1 40 82 01 00 00 81 01 00 00 00
2026-09-18T14:29:15.8294325Z TX 43 4f 5a 03 52 45 01 0b 00 00 00 00 14 00 77 2d 21 1f 74 a4 d1 40 83 01 00 00 82 01 00 00 00
2026-09-18T14:29:15.8366153Z RX 43 4f 5a 03 52 45 01 09 00 00 00 00 04 00 05 5c 00 f0 79 45 00 00 00 00 00 00 00 00 00 00 00 00 7a 3d 00 00 00 00 00 00 00 00 1c 5a 46 ba 57 a7 4d 3d 00 00 00 00 00 00 00 00 0d 69 cc 3e 45 66 38 be 3e d0 8f 45 e8 b1 92 44 f8 95 15 46 e0 99 8a 39 c4 9e 3b bb 2e 4d 11 39 00 81 95 40 10 33 00 00 6a 03 00 00 00 00 00 00 00 00 ff 0b 11 00 77 2d 21 1f 74 a4 d1 40 83 01 00 00 82 01 00 00 00
2026-09-18T14:29:15.8703109Z RX 43 4f 5a 03 52 45 01 09 00 00 00 00 04 00 05 5c 00 f0 97 45 00 00 00 00 00 00 00 00 00 00 00 00 7a 3d 00 00 00 00 00 00 00 00 d0 41 49 ba 55 9c 4d 3d 00 00 00 00 00 00 00 00 0d 69 cc 3e 45 66 38 be b6 ae 8f 45 1e ef 97 44 1b f3 14 46 e0 76 8a 39 d0 cc ea ba 5d ed 98 ba 00 81 95 40 10 33 00 00 6a 03 00 00 00 00 00 00 00 00 ff
2026-09-18T14:29:15.8763469Z TX 43 4f 5a 03 52 45 01 0b 00 00 00 00 14 00 90 31 77 2d 29 b0 d1 40 84 01 00 00 83 01 00 00 00
2026-09-18T14:29:15.9028185Z RX 43 4f 5a 03 52 45 01 09 00 00 00 00 04 00 05 5c 00 f0 b5 45 00 00 00 00 00 00 00 00 00 00 00 00 7a 3d 00 00 00 00 00 00 00 00 f7 b7 51 ba 24 9b 4e 3d 00 00 00 00 00 00 00 00 0d 69 cc 3e 45 66 38 be 2a b6 90 45 d7 0b 86 44 d1 dd 15 46 b8 7a 50 3a a0 2f b3 39 89 89 98 ba 00 81 95 40 10 33 00 00 6a 03 00 00 00 00 00 00 00 00 ff 0b 11 00 90 31 77 2d 29 b0 d1 40 84 01 00 00 83 01 00 00 00 05 0a 00 f3 bc bc 58 de 02 00 00 00 45 05 5c 00 f0 d3 45 00 00 00 00 00 00 00 00 00 00 00 00 7a 3d 00 00 00 00 00 00 00 00 f2 68 59 ba 9d 02 4e 3d 00 00 00 00 00 00 00 00 0d 69 cc 3e 45 66 38 be 88 c4 90 45 c6 b7 9f 44 78 85 16 46 60 63 0a 3a d0 6e da 3a b1 54 18 39 00 81 95 40 10 33 00 00 6a 03 00 00 00 00 00 00 00 00 ff
2026-09-18T14:29:15.9239732Z TX 43 4f 5a 03 52 45 01 0b 00 00 00 00 14 00 cd 3b 4e d1 11 bc d1 40 85 01 00 00 84 01 00 00 00
2026-09-18T14:29:15.9355967Z RX 43 4f 5a 03 52 45 01 09 00 00 00 00 04 00 0b 11 00 cd 3b 4e d1 11 bc d1 40 85 01 00 00 84 01 00 00 00 05 5c 00 f0 f1 45 00 00 00 00 00 00 00 00 00 00 00 00 7a 3d 00 00 00 00 00 00 00 00 eb 50 56 ba 91 1a 4f 3d 00 00 00 00 00 00 00 00 0d 69 cc 3e 45 66 38 be 80 b3 8f 45 7d 16 8a 44 51 ee 14 46 80 98 88 39 34 25 82 ba fd c6 2e 3a 00 81 95 40 10 33 00 00 6a 03 00 00 00 00 00 00 00 00 ff
2026-09-18T14:29:15.9682450Z RX 43 4f 5a 03 52 45 01 09 00 00 00 00 04 00 05 5c 00 f0 0f 46 00 00 00 00 00 00 00 00 00 00 00 00 7a 3d 00 00 00 00 00 00 00 00 02 06 4e ba be f1 4c 3d 00 00 00 00 00 00 00 00 0d 69 cc 3e 45 66 38 be 20 c6 8d 45 7e eb 7e 44 2b 36 15 46 80 98 88 39 a6 78 44 3b 4b 44 73 3a 00 e3 95 40 10 33 00 00 6a 03 00 00 00 00 00 00 00 00 ff
2026-09-18T14:29:15.9698567Z TX 43 4f 5a 03 52 45 01 0b 00 00 00 00 14 00 02 2b 87 16 91 c7 d1 40 86 01 00 00 85 01 00 00 00
2026-09-18T14:29:16.0018612Z RX 43 4f 5a 03 52 45 01 09 00 00 00 00 04 00 0b 11 00 02 2b 87 16 91 c7 d1 40 86 01 00 00 85 01 00 00 00 05 5c 00 f0 2d 46 00 00 00 00 00 00 00 00 00 00 00 00 7a 3d 00 00 00 00 00 00 00 00 64 e8 4d ba 37 e9 4b 3d 00 00 00 00 00 00 00 00 0d 69 cc 3e 45 66 38 be 52 ea 8e 45 03 bc 8b 44 28 db 14 46 00 40 b9 b6 b6 b0 29 bb ef 91 ba ba 00 81 95 40 10 33 00 00 6a 03 00 00 00 00 00 00 00 00 ff
2026-09-18T14:29:16.0168686Z TX 43 4f 5a 03 52 45 01 0b 00 00 00 00 14 00 56 7d ae b6 4e d3 d1 40 87 01 00 00 86 01 00 00 00
2026-09-18T14:29:16.0346557Z RX 43 4f 5a 03 52 45 01 09 00 00 00 00 04 00 0b 11 00 56 7d ae b6 4e d3 d1 40 87 01 00 00 86 01 00 00 00 05 5c 00 f0 4b 46 00 00 00 00 00 00 00 00 00 00 00 00 7a 3d 00 00 00 00 00 00 00 00 79 67 58 ba 5b a6 4d 3d 00 00 00 00 00 00 00 00 0d 69 cc 3e 45 66 38 be 20 29 91 45 ae f8 85 44 ba 89 14 46 b0 ae 52 ba 64 20 3b bb 23 29 6c ba 00 81 95 40 10 33 00 00 6a 03 00 00 00 00 00 00 00 00 ff
2026-09-18T14:29:16.0635220Z TX 43 4f 5a 03 52 45 01 0b 00 00 00 00 14 00 9f ab ad d8 fb de d1 40 88 01 00 00 87 01 00 00 00
2026-09-18T14:29:16.0677990Z RX 43 4f 5a 03 52 45 01 09 00 00 00 00 04 00 05 5c 00 f0 69 46 00 00 00 00 00 00 00 00 00 00 00 00 7a 3d 00 00 00 00 00 00 00 00 0c 43 5b ba f4 f7 4f 3d 00 00 00 00 00 00 00 00 0d 69 cc 3e 45 66 38 be 2f 6c 91 45 48 e1 99 44 01 e5 15 46 80 62 8e b9 a6 78 44 3b 83 1f be 3a 00 e3 95 40 10 33 00 00 6a 03 00 00 00 00 00 00 00 00 ff 0b 11 00 9f ab ad d8 fb de d1 40 88 01 00 00 87 01 00 00 00
2026-09-18T14:29:16.1005859Z RX 43 4f 5a 03 52 45 01 09 00 00 00 00 04 00 05 5c 00 f0 87 46 00 00 00 00 00 00 00 00 00 00 00 00 7a 3d 00 00 00 00 00 00 00 00 e5 64 4d ba 93 b5 4e 3d 00 00 00 00 00 00 00 00 0d 69 cc 3e 45 66 38 be 9a 83 8f 45 49 c0 9b 44 99 87 15 46 54 62 f3 3a 4a 99 21 3b fd c6 2e 3a 00 e3 95 40 10 33 00 00 6a 03 00 00 00 00 00 00 00 00 ff 05 0a 00 f3 ec 8e 1a 24 02 00 00 00 4f
2026-09-18T14:29:16.1093839Z TX 43 4f 5a 03 52 45 01 0b 00 00 00 00 14 00 91 7e fb 3a 74 ea d1 40 89 01 00 00 88 01 00 00 00
2026-09-18T14:29:16.1336785Z RX 43 4f 5a 03 52 45 01 09 00 00 00 00 04 00 05 5c 00 f0 a5 46 00 00 00 00 00 00 00 00 00 00 00 00 7a 3d 00 00 00 00 00 00 00 00 0a b4 47 ba 4b a5 4d 3d 00 00 00 00 00 00 00 00 0d 69 cc 3e 45 66 38 be bd e0 8e 45 e6 f3 8e 44 53 0b 16 46 38 c4 8a 3a e0 99 f1 b9 fd c6 2e 3a 00 e3 95 40 10 33 00 00 6a 03 00 00 00 00 00 00 00 00 ff 0b 11 00 91 7e fb 3a 74 ea d1 40 89 01 00 00 88 01 00 00 00
2026-09-18T14:29:16.1553059Z TX 43 4f 5a 03 52 45 01 0b 00 00 00 00 14 00 6a 4d f3 8e f7 f5 d1 40 8a 01 00 00 89 01 00 00 00
2026-09-18T14:29:16.1666311Z RX 43 4f 5a 03 52 45 01 09 00 00 00 00 04 00 05 5c 00 f0 c3 46 00 00 00 00 00 00 00 00 00 00 00 00 7a 3d 00 00 00 00 00 00 00 00 c8 7f 43 ba 85 f1 4b 3d 00 00 00 00 00 00 00 00 0d 69 cc 3e 45 66 38 be c2 96 8f 45 7e f5 8b 44 29 ba 16 46 80 98 88 39 80 de b0 39 d6 88 f5 b8 00 81 95 40 10 33 00 00 6a 03 00 00 00 00 00 00 00 00 ff 0b 11 00 6a 4d f3 8e f7 f5 d1 40 8a 01 00 00 89 01 00 00 00
2026-09-18T14:29:16.1997583Z RX 43 4f 5a 03 52 45 01 09 00 00 00 00 04 00 05 5c 00 f0 e1 46 00 00 00 00 00 00 00 00 00 00 00 00 7a 3d 00 00 00 00 00 00 00 00 12 9d 45 ba 05 26 4c 3d 00 00 00 00 00 00 00 00 0d 69 cc 3e 45 66 38 be 43 86 90 45 e0 e2 96 44 24 42 15 46 80 62 8e b9 50 c3 ea ba d1 5c c6 b9 00 81 95 40 10 33 00 00 6a 03 00 00 00 00 00 00 00 00 ff
2026-09-18T14:29:16.2019095Z TX 43 4f 5a 03 52 45 01 0b 00 00 00 00 14 00 56 0e 2d b2 95 01 d2 40 8b 01 00 00 8a 01 00 00 00
2026-09-18T14:29:16.2327328Z RX 43 4f 5a 03 52 45 01 09 00 00 00 00 04 00 05 5c 00 f0 ff 46 00 00 00 00 00 00 00 00 00 00 00 00 7a 3d 00 00 00 00 00 00 00 00 31 ba 47 ba bb c8 4d 3d 00 00 00 00 00 00 00 00 0d 69 cc 3e 45 66 38 be b6 ae 8f 45 87 a3 89 44 0c b0 14 46 58 93 8a 3a c0 78 f0 b9 95 3e 73 3a 00 81 95 40 10 33 00 00 6a 03 00 00 00 00 00 00 00 00 ff 0b 11 00 56 0e 2d b2 95 01 d2 40 8b 01 00 00 8a 01 00 00 00 05 5c 00 f0 1d 47 00 00 00 00 00 00 00 00 00 00 00 00 7a 3d 00 00 00 00 00 00 00 00 96 30 40 ba 10 06 4e 3d 00 00 00 00 00 00 00 00 0d 69 cc 3e 45 66 38 be 7e 37 91 45 7f d4 8d 44 40 2f 16 46 e0 dd 86 39 f8 5f fd 3a 3d 53 14 39 00 e3 95 40 10 33 00 00 6a 03 00 00 00 00 00 00 00 00 ff
2026-09-18T14:29:16.2488375Z TX 43 4f 5a 03 52 45 01 0b 00 00 00 00 14 00 b8 40 82 e2 53 0d d2 40 8c 01 00 00 8b 01 00 00 00
2026-09-18T14:29:16.2687533Z RX 43 4f 5a 03 52 45 01 09 00 00 00 00 04 00 0b 11 00 b8 40 82 e2 53 0d d2 40 8c 01 00 00 8b 01 00 00 00 05 5c 00 f0 3b 47 00 00 00 00 00 00 00 00 00 00 00 00 7a 3d 00 00 00 00 00 00 00 00 72 36 41 ba fe f0 4c 3d 00 00 00 00 00 00 00 00 0d 69 cc 3e 45 66 38 be 50 6e 90 45 03 e5 9e 44 62 4e 16 46 00 20 23 b7 80 37 52 b9 eb 4a 28 ba 00 e3 95 40 10 33 00 00 6a 03 00 00 00 00 00 00 00 00 ff
2026-09-18T14:29:16.2947510Z TX 43 4f 5a 03 52 45 01 0b 00 00 00 00 14 00 50 8d 97 6e d2 18 d2 40 8d 01 00 00 8c 01 00 00 00
2026-09-18T14:29:16.2994493Z RX 43 4f 5a 03 52 45 01 09 00 00 00 00 04 00 05 5c 00 f0 59 47 00 00 00 00 00 00 00 00 00 00 00 00 7a 3d 00 00 00 00 00 00 00 00 9f f8 42 ba 37 12 4d 3d 00 00 00 00 00 00 00 00 0d 69 cc 3e 45 66 38 be ae 7c 90 45 b1 95 8b 44 1b f3 14 46 20 38 8a 3a c8 65 18 bb 2f a8 d3 39 00 81 95 40 10 33 00 00 6a 03 00 00 00 00 00 00 00 00 ff 0b 11 00 50 8d 97 6e d2 18 d2 40 8d 01 00 00 8c 01 00 00 00
2026-09-18T14:29:16.3314427Z RX 43 4f 5a 03 52 45 01 09 00 00 00 00 04 00 05 5c 00 f0 77 47 00 00 00 00 00 00 00 00 00 00 00 00 7a 3d 00 00 00 00 00 00 00 00 03 bb 44 ba 52 68 4e 3d 00 00 00 00 00 00 00 00 0d 69 cc 3e 45 66 38 be 8b 1f 91 45 fd 81 80 44 02 23 15 46 a0 44 0e ba 00 c8 3d ba ff 74 6c ba 00 81 95 40 10 33 00 00 6a 03 00 00 00 00 00 00 00 00 ff
2026-09-18T14:29:16.3407551Z TX 43 4f 5a 03 52 45 01 0b 00 00 00 00 14 00 36 3c bd 52 52 24 d2 40 8e 01 00 00 8d 01 00 00 00
2026-09-18T14:29:16.3644978Z RX 43 4f 5a 03 52 45 01 09 00 00 00 00 04 00 0b 11 00 36 3c bd 52 52 24 d2 40 8e 01 00 00 8d 01 00 00 00 05 5c 00 f0 95 47 00 00 00 00 00 00 00 00 00 00 00 00 7a 3d 00 00 00 00 00 00 00 00 8e a7 49 ba d0 74 4e 3d 00 00 00 00 00 00 00 00 0d 69 cc 3e 45 66 38 be 9c de 8f 45 b8 85 85 44 11 66 15 46 00 a5 86 39 e0 fe b7 3a 4b 0c c6 b9 00 e3 95 40 10 33 00 00 6a 03 00 00 00 00 00 00 00 00 ff
2026-09-18T14:29:16.3879060Z TX 43 4f 5a 03 52 45 01 0b 00 00 00 00 14 00 f4 fd d4 78 15 30 d2 40 8f 01 00 00 8e 01 00 00 00
2026-09-18T14:29:16.3974746Z RX 43 4f 5a 03 52 45 01 09 00 00 00 00 04 00 05 5c 00 f0 b3 47 00 00 00 00 00 00 00 00 00 00 00 00 7a 3d 00 00 00 00 00 00 00 00 12 88 49 ba e4 42 4e 3d 00 00 00 00 00 00 00 00 0d 69 cc 3e 45 66 38 be ce 02 91 45 70 15 98 44 53 0b 16 46 00 3c 2a b7 98 f7 a4 ba 40 de d4 39 00 81 95 40 10 33 00 00 6a 03 00 00 00 00 00 00 00 00 ff 0b 11 00 f4 fd d4 78 15 30 d2 40 8f 01 00 00 8e 01 00 00 00
2026-09-18T14:29:16.4306682Z RX 43 4f 5a 03 52 45 01 09 00 00 00 00 04 00 05 5c 00 f0 d1 47 00 00 00 00 00 00 00 00 00 00 00 00 7a 3d 00 00 00 00 00 00 00 00 64 03 4c ba 80 4c 4e 3d 00 00 00 00 00 00 00 00 0d 69 cc 3e 45 66 38 be 83 0e 90 45 9b e6 9b 44 ce 44 16 46 a0 12 0e ba b8 f4 1e 3a 16 c9 6b ba 00 81 95 40 10 33 00 00 6a 03 00 00 00 00 00 00 00 00 ff
2026-09-18T14:29:16.4344657Z TX 43 4f 5a 03 52 45 01 0b 00 00 00 00 14 00 62 10 58 39 c0 3b d2 40 90 01 00 00 8f 01 00 00 00
2026-09-18T14:29:16.4638846Z RX 43 4f 5a 03 52 45 01 09 00 00 00 00 04 00 0b 11 00 62 10 58 39 c0 3b d2 40 90 01 00 00 8f 01 00 00 00 05 5c 00 f0 ef 47 00 00 00 00 00 00 00 00 00 00 00 00 7a 3d 00 00 00 00 00 00 00 00 6f da 4e ba cc 8f 4d 3d 00 00 00 00 00 00 00 00 0d 69 cc 3e 45 66 38 be 9f 39 90 45 3f 0a 89 44 ac 63 15 46 e8 5b 8a 3a 30 e3 1d 3a c2 6f f0 b8 00 81 95 40 10 33 00 00 6a 03 00 00 00 00 00 00 00 00 ff
2026-09-18T14:29:16.4813534Z TX 43 4f 5a 03 52 45 01 0b 00 00 00 00 14 00 75 93 18 04 76 47 d2 40 91 01 00 00 90 01 00 00 00
2026-09-18T14:29:16.4971097Z RX 43 4f 5a 03 52 45 01 09 00 00 00 00 04 00 05 5c 00 f0 0d 48 00 00 00 00 00 00 00 00 00 00 00 00 7a 3d 00 00 00 00 00 00 00 00 ee 3a 4d ba 7f f7 4d 3d 00 00 00 00 00 00 00 00 0d 69 cc 3e 45 66 38 be f0 80 8e 45 a6 29 8a 44 21 46 12 46 20 bf 08 3a 00 25 82 ba 31 c1 73 3a 00 81 95 40 10 33 00 00 6a 03 00 00 00 00 00 00 00 00 ff 0b 11 00 75 93 18 04 76 47 d2 40 91 01 00 00 90 01 00 00 00
2026-09-18T14:29:16.5276418Z TX 43 4f 5a 03 52 45 01 0b 00 00 00 00 14 00 0c 93 a9 82 09 53 d2 40 92 01 00 00 91 01 00 00 00
2026-09-18T14:29:16.5296097Z RX 43 4f 5a 03 52 45 01 09 00 00 00 00 04 00 05 5c 00 f0 2b 48 00 00 00 00 00 00 00 00 00 00 00 00 7a 3d 00 00 00 00 00 00 00 00 ed 0a 46 ba a1 6a 4e 3d 00 00 00 00 00 00 00 00 0d 69 cc 3e 45 66 38 be f6 36 8f 45 9c 40 57 44 91 76 14 46 00 4d 0e ba a0 2c 4b b9 34 2b 18 39 00 81 95 40 10 33 00 00 6a 03 00 00 00 00 00 00 00 00 ff 05 5c 00 f0 49 48 00 00 00 00 00 00 00 00 00 00 00 00 7a 3d 00 00 00 00 00 00 00 00 9e 43 49 ba 4c 03 4e 3d 00 00 00 00 00 00 00 00 0d 69 cc 3e 45 66 38 be 03 fe 90 45 e4 5e 9e 44 e4 7b 16 46 00 4d 0e ba c8 2f 64 3a 98 ea 6b ba 00 81 95 40 10 33 00 00 6a 03 00 00 00 00 00 00 00 00 ff 0b 11 00 0c 93 a9 82 09 53 d2 40 92 01 00 00 91 01 00 00 00
2026-09-18T14:29:16.5624869Z RX 43 4f 5a 03 52 45 01 09 00 00 00 00 04 00 05 5c 00 f0 67 48 00 00 00 00 00 00 00 00 00 00 00 00 7a 3d 00 00 00 00 00 00 00 00 34 b7 4e ba 8e 78 4d 3d 00 00 00 00 00 00 00 00 0d 69 cc 3e 45 66 38 be c2 96 8f 45 8f c4 ab 44 ac 63 15 46 b8 15 8a 3a c0 13 f1 b9 3b 6d 27 ba 00 81 95 40 10 33 00 00 6a 03 00 00 00 00 00 00 00 00 ff
2026-09-18T14:29:16.5732523Z TX 43 4f 5a 03 52 45 01 0b 00 00 00 00 14 00 16 fb cb ee 71 5e d2 40 93 01 00 00 92 01 00 00 00
2026-09-18T14:29:16.5955099Z RX 43 4f 5a 03 52 45 01 09 00 00 00 00 04 00 0b 11 00 16 fb cb ee 71 5e d2 40 93 01 00 00 92 01 00 00 00 05 5c 00 f0 85 48 00 00 00 00 00 00 00 00 00 00 00 00 7a 3d 00 00 00 00 00 00 00 00 0c 4f 52 ba b3 5d 4d 3d 00 00 00 00 00 00 00 00 0d 69 cc 3e 45 66 38 be 66 e3 8f 45 d0 11 7f 44 56 a4 15 46 80 de 85 39 c0 9c 97 38 82 94 f3 b8 00 81 95 40 10 33 00 00 6a 03 00 00 00 00 00 00 00 00 ff
2026-09-18T14:29:16.6198106Z TX 43 4f 5a 03 52 45 01 0b 00 00 00 00 14 00 e9 b7 af 03 17 6a d2 40 94 01 00 00 93 01 00 00 00
2026-09-18T14:29:16.6286114Z RX 43 4f 5a 03 52 45 01 09 00 00 00 00 04 00 05 5c 00 f0 a3 48 00 00 00 00 00 00 00 00 00 00 00 00 7a 3d 00 00 00 00 00 00 00 00 fc 1a 5b ba 01 11 4d 3d 00 00 00 00 00 00 00 00 0d 69 cc 3e 45 66 38 be 00 a3 90 45 9b bd 88 44 60 f3 15 46 b8 6c 4e 3a a0 2c 4b b9 a9 72 ba ba 00 81 95 40 10 33 00 00 6a 03 00 00 00 00 00 00 00 00 ff 0b 11 00 e9 b7 af 03 17 6a d2 40 94 01 00 00 93 01 00 00 00
2026-09-18T14:29:16.6624118Z RX 43 4f 5a 03 52 45 01 09 00 00 00 00 04 00 05 5c 00 f0 c1 48 00 00 00 00 00 00 00 00 00 00 00 00 7a 3d 00 00 00 00 00 00 00 00 44 3f 67 ba e6 b0 4d 3d 00 00 00 00 00 00 00 00 0d 69 cc 3e 45 66 38 be ba e8 91 45 36 85 9e 44 8b 61 16 46 00 e0 33 b7 c0 13 f1 b9 fb 33 98 ba 00 81 95 40 10 33 00 00 6a 03 00 00 00 00 00 00 00 00 ff
2026-09-18T14:29:16.6661727Z TX 43 4f 5a 03 52 45 01 0b 00 00 00 00 14 00 7c f2 b0 50 ab 75 d2 40 95 01 00 00 94 01 00 00 00
2026-09-18T14:29:16.6945883Z RX 43 4f 5a 03 52 45 01 09 00 00 00 00 04 00 0b 11 00 7c f2 b0 50 ab 75 d2 40 95 01 00 00 94 01 00 00 00 05 5c 00 f0 df 48 00 00 00 00 00 00 00 00 00 00 00 00 7a 3d 00 00 00 00 00 00 00 00 dd d7 65 ba 81 bc 4e 3d 00 00 00 00 00 00 00 00 0d 69 cc 3e 45 66 38 be d2 d9 8f 45 d0 44 9f 44 b5 b2 15 46 00 ae 08 3a c0 9c 97 38 d5 82 73 3a 00 81 95 40 10 33 00 00 6a 03 00 00 00 00 00 00 00 00 ff
2026-09-18T14:29:16.7131221Z TX 43 4f 5a 03 52 45 01 0b 00 00 00 00 14 00 d3 bc e3 14 65 81 d2 40 96 01 00 00 95 01 00 00 00
2026-09-18T14:29:16.7282141Z RX 43 4f 5a 03 52 45 01 09 00 00 00 00 04 00 05 5c 00 f0 fd 48 00 00 00 00 00 00 00 00 00 00 00 00 7a 3d 00 00 00 00 00 00 00 00 90 a1 61 ba ca b6 4c 3d 00 00 00 00 00 00 00 00 0d 69 cc 3e 45 66 38 be 91 72 8e 45 ce 5d 88 44 fe 89 15 46 74 d4 cf 3a 5c 95 fd 3a 34 2b 18 39 00 81 95 40 10 33 00 00 6a 03 00 00 00 00 00 00 00 00 ff 0b 11 00 d3 bc e3 14 65 81 d2 40 96 01 00 00 95 01 00 00 00
2026-09-18T14:29:16.7587729Z TX 43 4f 5a 03 52 45 01 0b 00 00 00 00 14 00 de 71 8a 8e cc 8c d2 40 97 01 00 00 96 01 00 00 00
2026-09-18T14:29:16.7615129Z RX 43 4f 5a 03 52 45 01 09 00 00 00 00 04 00 05 5c 00 f0 1b 49 00 00 00 00 00 00 00 00 00 00 00 00 7a 3d 00 00 00 00 00 00 00 00 4f 05 60 ba 5b 1a 4c 3d 00 00 00 00 00 00 00 00 0d 69 cc 3e 45 66 38 be d0 5d 91 45 e2 77 87 44 ee 08 16 46 38 e5 8c ba b6 8e 9a bb 98 ea 6b ba 00 81 95 40 10 33 00 00 6a 03 00 00 00 00 00 00 00 00 ff 0b 11 00 de 71 8a 8e cc 8c d2 40 97 01 00 00 96 01 00 00 00
2026-09-18T14:29:16.7937114Z RX 43 4f 5a 03 52 45 01 09 00 00 00 00 04 00 05 5c 00 f0 39 49 00 00 00 00 00 00 00 00 00 00 00 00 7a 3d 00 00 00 00 00 00 00 00 b1 ee 69 ba 4e ca 4d 3d 00 00 00 00 00 00 00 00 0d 69 cc 3e 45 66 38 be e2 fb 91 45 07 61 a6 44 a1 98 16 46 b0 0b 54 ba a0 64 b1 39 98 ea 6b ba 00 81 95 40 10 33 00 00 6a 03 00 00 00 00 00 00 00 00 ff
2026-09-18T14:29:16.8052351Z TX 43 4f 5a 03 52 45 01 0b 00 00 00 00 14 00 a4 70 3d 0a 6b 98 d2 40 98 01 00 00 97 01 00 00 00
2026-09-18T14:29:16.8269847Z RX 43 4f 5a 03 52 45 01 09 00 00 00 00 04 00 05 5c 00 f0 57 49 00 00 00 00 00 00 00 00 00 00 00 00 7a 3d 00 00 00 00 00 00 00 00 21 03 6f ba 6e 15 4e 3d 00 00 00 00 00 00 00 00 0d 69 cc 3e 45 66 38 be 66 e3 8f 45 07 38 93 44 0f 49 14 46 18 f5 ac 3a 08 71 1e 3a 98 ea 6b ba 00 81 95 40 10 33 00 00 6a 03 00 00 00 00 00 00 00 00 ff 0b 11 00 a4 70 3d 0a 6b 98 d2 40 98 01 00 00 97 01 00 00 00 05 5c 00 f0 75 49 00 00 00 00 00 00 00 00 00 00 00 00 7a 3d 00 00 00 00 00 00 00 00 36 2e 78 ba 8c ab 50 3d 00 00 00 00 00 00 00 00 0d 69 cc 3e 45 66 38 be e7 d2 90 45 28 20 64 44 54 49 15 46 d4 b3 f2 3a 0c e3 a4 ba bc df c5 b9 00 e3 95 40 10 33 00 00 6a 03 00 00 00 00 00 00 00 00 ff
2026-09-18T14:29:16.8519181Z TX 43 4f 5a 03 52 45 01 0b 00 00 00 00 14 00 4c 37 89 41 0c a4 d2 40 99 01 00 00 98 01 00 00 00
2026-09-18T14:29:16.8596015Z RX 43 4f 5a 03 52 45 01 09 00 00 00 00 04 00 0b 11 00 4c 37 89 41 0c a4 d2 40 99 01 00 00 98 01 00 00 00 05 5c 00 f0 93 49 00 00 00 00 00 00 00 00 00 00 00 00 7a 3d 00 00 00 00 00 00 00 00 5d 15 75 ba 93 d8 4d 3d 00 00 00 00 00 00 00 00 0d 69 cc 3e 45 66 38 be 3e d0 8f 45 ec 2d 9a 44 18 39 17 46 80 de 85 39 21 73 b9 3b 34 2b 18 39 00 e3 95 40 10 33 00 00 6a 03 00 00 00 00 00 00 00 00 ff
2026-09-18T14:29:16.8929619Z RX 43 4f 5a 03 52 45 01 09 00 00 00 00 04 00 05 0a 00 f3 bc bc 58 de 02 00 00 00 45 05 5c 00 f0 b1 49 00 00 00 00 00 00 00 00 00 00 00 00 7a 3d 00 00 00 00 00 00 00 00 41 d8 73 ba dd 11 4c 3d 00 00 00 00 00 00 00 00 0d 69 cc 3e 45 66 38 be 6b ba 8e 45 f2 67 a5 44 09 55 14 46 b0 0b 54 ba 2e 67 80 bb 82 94 f3 b8 00 e3 95 40 10 33 00 00 6a 03 00 00 00 00 00 00 00 00 ff
2026-09-18T14:29:16.8990673Z TX 43 4f 5a 03 52 45 01 0b 00 00 00 00 14 00 7a c7 29 3a de af d2 40 9a 01 00 00 99 01 00 00 00
2026-09-18T14:29:16.9257672Z RX 43 4f 5a 03 52 45 01 09 00 00 00 00 04 00 0b 11 00 7a c7 29 3a de af d2 40 9a 01 00 00 99 01 00 00 00 05 5c 00 f0 cf 49 00 00 00 00 00 00 00 00 00 00 00 00 7a 3d 00 00 00 00 00 00 00 00 98 27 7b ba 28 50 4d 3d 00 00 00 00 00 00 00 00 0d 69 cc 3e 45 66 38 be 13 41 91 45 fa da 6d 44 18 39 17 46 00 4d 0e ba 42 30 18 bb 98 ea 6b ba 00 e3 95 40 10 33 00 00 6a 03 00 00 00 00 00 00 00 00 ff
2026-09-18T14:29:16.9450556Z TX 43 4f 5a 03 52 45 01 0b 00 00 00 00 14 00 1d c9 e5 3f 5c bb d2 40 9b 01 00 00 9a 01 00 00 00
2026-09-18T14:29:16.9588243Z RX 43 4f 5a 03 52 45 01 09 00 00 00 00 04 00 05 5c 00 f0 ed 49 00 00 00 00 00 00 00 00 00 00 00 00 7a 3d 00 00 00 00 00 00 00 00 3d c6 7b ba 7a e3 4d 3d 00 00 00 00 00 00 00 00 0d 69 cc 3e 45 66 38 be 72 2e 93 45 17 ff 9d 44 fc 0d 17 46 50 83 f5 ba c0 13 f1 b9 34 2b 18 39 00 81 95 40 10 33 00 00 6a 03 00 00 00 00 00 00 00 00 ff 0b 11 00 1d c9 e5 3f 5c bb d2 40 9b 01 00 00 9a 01 00 00 00
2026-09-18T14:29:16.9923193Z TX 43 4f 5a 03 52 45 01 0b 00 00 00 00 14 00 8a b0 e1 e9 2d c7 d2 40 9c 01 00 00 9b 01 00 00 00
2026-09-18T14:29:16.9928449Z RX 43 4f 5a 03 52 45 01 09 00 00 00 00 04 00 05 5c 00 f0 0b 4a 00 00 00 00 00 00 00 00 00 00 00 00 7a 3d 00 00 00 00 00 00 00 00 a2 40 7e ba 85 01 50 3d 00 00 00 00 00 00 00 00 0d 69 cc 3e 45 66 38 be 50 6e 90 45 55 0b 9f 44 88 27 14 46 b8 6c 4e 3a a0 48 3e ba bc df c5 b9 00 81 95 40 10 33 00 00 6a 03 00 00 00 00 00 00 00 00 ff
2026-09-18T14:29:17.0246216Z RX 43 4f 5a 03 52 45 01 09 00 00 00 00 04 00 0b 11 00 8a b0 e1 e9 2d c7 d2 40 9c 01 00 00 9b 01 00 00 00 05 5c 00 f0 29 4a 00 00 00 00 00 00 00 00 00 00 00 00 7a 3d 00 00 00 00 00 00 00 00 3b d9 7c ba 63 9a 50 3d 00 00 00 00 00 00 00 00 0d 69 cc 3e 45 66 38 be 24 00 90 45 97 6a 94 44 42 e9 13 46 b8 15 8a 3a 0e aa 21 3b 55 10 d5 39 00 81 95 40 10 33 00 00 6a 03 00 00 00 00 00 00 00 00 ff
2026-09-18T14:29:17.0387072Z TX 43 4f 5a 03 52 45 01 0b 00 00 00 00 14 00 e4 14 1d c9 c5 d2 d2 40 9d 01 00 00 9c 01 00 00 00
2026-09-18T14:29:17.0577335Z RX 43 4f 5a 03 52 45 01 09 00 00 00 00 04 00 05 5c 00 f0 47 4a 00 00 00 00 00 00 00 00 00 00 00 00 7a 3d 00 00 00 00 00 00 00 00 2f c7 76 ba 7a a4 4e 3d 00 00 00 00 00 00 00 00 0d 69 cc 3e 45 66 38 be 9d 7b 8c 45 d0 e8 6b 44 48 fe 11 46 00 ae 08 3a 1a f9 55 3b c8 3e be 3a 00 81 95 40 10 33 00 00 6a 03 00 00 00 00 00 00 00 00 ff 0b 11 00 e4 14 1d c9 c5 d2 d2 40 9d 01 00 00 9c 01 00 00 00
2026-09-18T14:29:17.0856602Z TX 43 4f 5a 03 52 45 01 0b 00 00 00 00 14 00 19 73 d7 12 86 de d2 40 9e 01 00 00 9d 01 00 00 00
2026-09-18T14:29:17.0906414Z RX 43 4f 5a 03 52 45 01 09 00 00 00 00 04 00 05 5c 00 f0 65 4a 00 00 00 00 00 00 00 00 00 00 00 00 7a 3d 00 00 00 00 00 00 00 00 f0 bb 6d ba 83 99 4a 3d 00 00 00 00 00 00 00 00 0d 69 cc 3e 45 66 38 be a2 31 8d 45 6a a8 6c 44 45 44 14 46 b8 10 2f bb 08 71 1e 3a 82 94 f3 b8 00 81 95 40 10 33 00 00 6a 03 00 00 00 00 00 00 00 00 ff 0b 11 00 19 73 d7 12 86 de d2 40 9e 01 00 00 9d 01 00 00 00
2026-09-18T14:29:17.1240406Z RX 43 4f 5a 03 52 45 01 09 00 00 00 00 04 00 05 5c 00 f0 83 4a 00 00 00 00 00 00 00 00 00 00 00 00 7a 3d 00 00 00 00 00 00 00 00 06 e7 76 ba 11 f3 4a 3d 00 00 00 00 00 00 00 00 0d 69 cc 3e 45 66 38 be 65 67 91 45 ba 6c 9c 44 3b b7 14 46 f8 a3 d2 ba 9a 95 d7 bb fb 33 98 ba 00 81 95 40 10 33 00 00 6a 03 00 00 00 00 00 00 00 00 ff 05 0a 00 f3 ec 8e 1a 24 02 00 00 00 4d
2026-09-18T14:29:17.1326975Z TX 43 4f 5a 03 52 45 01 0b 00 00 00 00 14 00 00 6f 81 04 45 ea d2 40 9f 01 00 00 9e 01 00 00 00
2026-09-18T14:29:17.1570391Z RX 43 4f 5a 03 52 45 01 09 00 00 00 00 04 00 05 5c 00 f0 a1 4a 00 00 00 00 00 00 00 00 00 00 00 00 7a 3d 00 00 00 00 00 00 00 00 0e 09 80 ba fe 36 50 3d 00 00 00 00 00 00 00 00 0d 69 cc 3e 45 66 38 be 5c b9 93 45 c3 1a 9a 44 96 2c 15 46 f8 a3 d2 ba 50 7f 4c bb 98 ea 6b ba 00 81 95 40 10 33 00 00 6a 03 00 00 00 00 00 00 00 00 ff 0b 11 00 00 6f 81 04 45 ea d2 40 9f 01 00 00 9e 01 00 00 00 05 5c 00 f0 bf 4a 00 00 00 00 00 00 00 00 00 00 00 00 7a 3d 00 00 00 00 00 00 00 00 ce 28 80 ba d8 11 51 3d 00 00 00 00 00 00 00 00 0d 69 cc 3e 45 66 38 be 79 81 90 45 38 1a 8f 44 a3 b5 17 46 b8 15 8a 3a a9 9a d3 3b 19 00 9c 3a 00 81 95 40 10 33 00 00 6a 03 00 00 00 00 00 00 00 00 ff
2026-09-18T14:29:17.1801152Z TX 43 4f 5a 03 52 45 01 0b 00 00 00 00 14 00 71 1b 0d e0 1d f6 d2 40 a0 01 00 00 9f 01 00 00 00
2026-09-18T14:29:17.1896384Z RX 43 4f 5a 03 52 45 01 09 00 00 00 00 04 00 0b 11 00 71 1b 0d e0 1d f6 d2 40 a0 01 00 00 9f 01 00 00 00 05 5c 00 f0 dd 4a 00 00 00 00 00 00 00 00 00 00 00 00 7a 3d 00 00 00 00 00 00 00 00 f9 53 71 ba c7 72 4e 3d 00 00 00 00 00 00 00 00 0d 69 cc 3e 45 66 38 be 19 94 8e 45 dd 45 91 44 c2 9a 15 46 b8 15 8a 3a 08 71 1e 3a 76 7d e0 3a 00 81 95 40 10 33 00 00 6a 03 00 00 00 00 00 00 00 00 ff
2026-09-18T14:29:17.2227798Z RX 43 4f 5a 03 52 45 01 09 00 00 00 00 04 00 05 5c 00 f0 fb 4a 00 00 00 00 00 00 00 00 00 00 00 00 7a 3d 00 00 00 00 00 00 00 00 87 be 6c ba 80 2f 4b 3d 00 00 00 00 00 00 00 00 0d 69 cc 3e 45 66 38 be de e2 8d 45 55 e2 8b 44 3e 12 15 46 38 e5 8c ba 44 f7 94 3a 3b 6d 27 ba 00 81 95 40 10 33 00 00 6a 03 00 00 00 00 00 00 00 00 ff
2026-09-18T14:29:17.2251635Z TX 43 4f 5a 03 52 45 01 0b 00 00 00 00 14 00 ed 9e 3c 2c 64 01 d3 40 a1 01 00 00 a0 01 00 00 00
2026-09-18T14:29:17.2559169Z RX 43 4f 5a 03 52 45 01 09 00 00 00 00 04 00 0b 11 00 ed 9e 3c 2c 64 01 d3 40 a1 01 00 00 a0 01 00 00 00 05 5c 00 f0 19 4b 00 00 00 00 00 00 00 00 00 00 00 00 7a 3d 00 00 00 00 00 00 00 00 9f 7a 6e ba d5 70 4b 3d 00 00 00 00 00 00 00 00 0d 69 cc 3e 45 66 38 be 10 e6 90 45 2d ae 8d 44 ee 46 15 46 98 c4 af ba 3c b6 b4 bb 82 94 f3 b8 00 81 95 40 10 33 00 00 6a 03 00 00 00 00 00 00 00 00 ff
2026-09-18T14:29:17.2708611Z TX 43 4f 5a 03 52 45 01 0b 00 00 00 00 14 00 e7 1d a7 e8 d0 0c d3 40 a2 01 00 00 a1 01 00 00 00
2026-09-18T14:29:17.2890885Z RX 43 4f 5a 03 52 45 01 09 00 00 00 00 04 00 0b 11 00 e7 1d a7 e8 d0 0c d3 40 a2 01 00 00 a1 01 00 00 00 05 5c 00 f0 37 4b 00 00 00 00 00 00 00 00 00 00 00 00 7a 3d 00 00 00 00 00 00 00 00 f6 c9 75 ba 61 47 4f 3d 00 00 00 00 00 00 00 00 0d 69 cc 3e 45 66 38 be bc 43 92 45 3a d8 92 44 fc 6c 14 46 b0 0b 54 ba 42 30 18 bb fb 33 98 ba 00 81 95 40 10 33 00 00 6a 03 00 00 00 00 00 00 00 00 ff
2026-09-18T14:29:17.3168653Z TX 43 4f 5a 03 52 45 01 0b 00 00 00 00 14 00 09 8a 1f 63 4e 18 d3 40 a3 01 00 00 a2 01 00 00 00
2026-09-18T14:29:17.3245028Z RX 43 4f 5a 03 52 45 01 09 00 00 00 00 04 00 05 5c 00 f0 55 4b 00 00 00 00 00 00 00 00 00 00 00 00 7a 3d 00 00 00 00 00 00 00 00 9b 68 76 ba df 68 50 3d 00 00 00 00 00 00 00 00 0d 69 cc 3e 45 66 38 be dc 66 8f 45 a5 4a 88 44 0c ee 13 46 b8 6c 4e 3a ca 68 67 3b c8 3e be 3a 00 81 95 40 10 33 00 00 6a 03 00 00 00 00 00 00 00 00 ff 0b 11 00 09 8a 1f 63 4e 18 d3 40 a3 01 00 00 a2 01 00 00 00
2026-09-18T14:29:17.3551712Z RX 43 4f 5a 03 52 45 01 09 00 00 00 00 04 00 05 5c 00 f0 73 4b 00 00 00 00 00 00 00 00 00 00 00 00 7a 3d 00 00 00 00 00 00 00 00 51 c3 6a ba a0 9f 4d 3d 00 00 00 00 00 00 00 00 0d 69 cc 3e 45 66 38 be 7c 79 8d 45 b0 b6 89 44 51 ee 14 46 b8 15 8a 3a 15 24 85 3b 19 00 9c 3a 00 81 95 40 10 33 00 00 6a 03 00 00 00 00 00 00 00 00 ff 05 0a 00 f3 8b 63 6c 11 01 00 00 00 2c
2026-09-18T14:29:17.3632461Z TX 43 4f 5a 03 52 45 01 0b 00 00 00 00 14 00 d9 5f 76 4f e6 23 d3 40 a4 01 00 00 a3 01 00 00 00
2026-09-18T14:29:17.3879404Z RX 43 4f 5a 03 52 45 01 09 00 00 00 00 04 00 05 5c 00 f0 91 4b 00 00 00 00 00 00 00 00 00 00 00 00 7a 3d 00 00 00 00 00 00 00 00 de c1 66 ba 60 2b 4c 3d 00 00 00 00 00 00 00 00 0d 69 cc 3e 45 66 38 be cf 7e 8f 45 69 fc 8a 44 47 61 15 46 98 c4 af ba 42 30 18 bb fb 33 98 ba 00 81 95 40 10 33 00 00 6a 03 00 00 00 00 00 00 00 00 ff 0b 11 00 d9 5f 76 4f e6 23 d3 40 a4 01 00 00 a3 01 00 00 00
2026-09-18T14:29:17.4095668Z TX 43 4f 5a 03 52 45 01 0b 00 00 00 00 14 00 54 74 24 97 7f 2f d3 40 a5 01 00 00 a4 01 00 00 00
2026-09-18T14:29:17.4210777Z RX 43 4f 5a 03 52 45 01 09 00 00 00 00 04 00 05 5c 00 f0 af 4b 00 00 00 00 00 00 00 00 00 00 00 00 7a 3d 00 00 00 00 00 00 00 00 73 b8 77 ba ed 82 4c 3d 00 00 00 00 00 00 00 00 0d 69 cc 3e 45 66 38 be da ea 90 45 52 6e 99 44 bc a6 15 46 c8 8f 8c ba e4 af 3a bb b8 de b9 ba 00 81 95 40 10 33 00 00 6a 03 00 00 00 00 00 00 00 00 ff 0b 11 00 54 74 24 97 7f 2f d3 40 a5 01 00 00 a4 01 00 00 00
2026-09-18T14:29:17.4539291Z RX 43 4f 5a 03 52 45 01 09 00 00 00 00 04 00 05 5c 00 f0 cd 4b 00 00 00 00 00 00 00 00 00 00 00 00 7a 3d 00 00 00 00 00 00 00 00 a8 61 7c ba 76 f9 4e 3d 00 00 00 00 00 00 00 00 0d 69 cc 3e 45 66 38 be 2c 11 91 45 0f 07 8f 44 c6 33 15 46 20 66 88 39 ec 1f a3 ba 52 3c d8 39 00 81 95 40 10 33 00 00 6a 03 00 00 00 00 00 00 00 00 ff 05 5c 00 f0 eb 4b 00 00 00 00 00 00 00 00 00 00 00 00 7a 3d 00 00 00 00 00 00 00 00 1e b9 7a ba fa d9 4f 3d 00 00 00 00 00 00 00 00 0d 69 cc 3e 45 66 38 be 8d 9b 8f 45 71 cb 86 44 93 d1 14 46 08 28 ad 3a 04 9a b9 3a 4b e7 1d 39 00 81 95 40 10 33 00 00 6a 03 00 00 00 00 00 00 00 00 ff
2026-09-18T14:29:17.4552833Z TX 43 4f 5a 03 52 45 01 0b 00 00 00 00 14 00 a7 79 c7 29 ee 3a d3 40 a6 01 00 00 a5 01 00 00 00
2026-09-18T14:29:17.4870354Z RX 43 4f 5a 03 52 45 01 09 00 00 00 00 04 00 0b 11 00 a7 79 c7 29 ee 3a d3 40 a6 01 00 00 a5 01 00 00 00 05 5c 00 f0 09 4c 00 00 00 00 00 00 00 00 00 00 00 00 7a 3d 00 00 00 00 00 00 00 00 9a 7f 73 ba 70 e5 4d 3d 00 00 00 00 00 00 00 00 0d 69 cc 3e 45 66 38 be 66 04 8e 45 c6 8e 8c 44 4b 38 14 46 c8 ef 8c ba 80 84 db 3a 8a 3d 1b 39 00 81 95 40 10 33 00 00 6a 03 00 00 00 00 00 00 00 00 ff
2026-09-18T14:29:17.5004535Z TX 43 4f 5a 03 52 45 01 0b 00 00 00 00 14 00 6e a3 01 bc 35 46 d3 40 a7 01 00 00 a6 01 00 00 00
2026-09-18T14:29:17.5212975Z RX 43 4f 5a 03 52 45 01 09 00 00 00 00 04 00 0b 11 00 6e a3 01 bc 35 46 d3 40 a7 01 00 00 a6 01 00 00 00 05 5c 00 f0 27 4c 00 00 00 00 00 00 00 00 00 00 00 00 7a 3d 00 00 00 00 00 00 00 00 f5 51 76 ba d0 9a 4c 3d 00 00 00 00 00 00 00 00 0d 69 cc 3e 45 66 38 be 4a b8 8f 45 0e 28 8d 44 83 50 15 46 f0 06 0e ba 7c 72 81 ba ce 1e d7 39 00 81 95 40 10 33 00 00 6a 03 00 00 00 00 00 00 00 00 ff
2026-09-18T14:29:17.5469801Z TX 43 4f 5a 03 52 45 01 0b 00 00 00 00 14 00 4d 84 0d 4f d7 51 d3 40 a8 01 00 00 a7 01 00 00 00
2026-09-18T14:29:17.5530272Z RX 43 4f 5a 03 52 45 01 09 00 00 00 00 04 00 05 5c 00 f0 45 4c 00 00 00 00 00 00 00 00 00 00 00 00 7a 3d 00 00 00 00 00 00 00 00 78 f7 70 ba 09 58 4d 3d 00 00 00 00 00 00 00 00 0d 69 cc 3e 45 66 38 be 36 9e 90 45 d9 f2 9c 44 15 ff 14 46 90 6f af ba cb 69 91 bb 3e e4 26 ba 00 81 95 40 10 33 00 00 6a 03 00 00 00 00 00 00 00 00 ff 0b 11 00 4d 84 0d 4f d7 51 d3 40 a8 01 00 00 a7 01 00 00 00
2026-09-18T14:29:17.5858386Z RX 43 4f 5a 03 52 45 01 09 00 00 00 00 04 00 05 5c 00 f0 63 4c 00 00 00 00 00 00 00 00 00 00 00 00 7a 3d 00 00 00 00 00 00 00 00 86 9e 78 ba 0b 30 4f 3d 00 00 00 00 00 00 00 00 0d 69 cc 3e 45 66 38 be 31 e8 8f 45 95 ac 90 44 5e 14 14 46 20 7b 0c ba b8 1d 24 3a e0 9e 9c 3a 00 81 95 40 10 33 00 00 6a 03 00 00 00 00 00 00 00 00 ff
2026-09-18T14:29:17.5941443Z TX 43 4f 5a 03 52 45 01 0b 00 00 00 00 14 00 34 11 36 3c a1 5d d3 40 a9 01 00 00 a8 01 00 00 00
2026-09-18T14:29:17.6191966Z RX 43 4f 5a 03 52 45 01 09 00 00 00 00 04 00 0b 11 00 34 11 36 3c a1 5d d3 40 a9 01 00 00 a8 01 00 00 00 05 5c 00 f0 81 4c 00 00 00 00 00 00 00 00 00 00 00 00 7a 3d 00 00 00 00 00 00 00 00 55 9b 69 ba f2 97 4f 3d 00 00 00 00 00 00 00 00 0d 69 cc 3e 45 66 38 be 23 21 8e 45 90 1e 67 44 88 65 13 46 00 7e 8c b9 3c 49 34 3b 2d 06 9c 3a 00 81 95 40 10 33 00 00 6a 03 00 00 00 00 00 00 00 00 ff
2026-09-18T14:29:17.6400923Z TX 43 4f 5a 03 52 45 01 0b 00 00 00 00 14 00 70 ce 88 d2 1e 69 d3 40 aa 01 00 00 a9 01 00 00 00
2026-09-18T14:29:17.6534456Z RX 43 4f 5a 03 52 45 01 09 00 00 00 00 04 00 05 5c 00 f0 9f 4c 00 00 00 00 00 00 00 00 00 00 00 00 7a 3d 00 00 00 00 00 00 00 00 be 29 63 ba 1e 68 4e 3d 00 00 00 00 00 00 00 00 0d 69 cc 3e 45 66 38 be bb 64 90 45 28 53 84 44 ae 80 16 46 40 fd 0a 3a 00 15 dd 3a d0 5b 18 39 00 81 95 40 10 33 00 00 6a 03 00 00 00 00 00 00 00 00 ff 0b 11 00 70 ce 88 d2 1e 69 d3 40 aa 01 00 00 a9 01 00 00 00
2026-09-18T14:29:17.6846885Z RX 43 4f 5a 03 52 45 01 09 00 00 00 00 04 00 05 5c 00 f0 bd 4c 00 00 00 00 00 00 00 00 00 00 00 00 7a 3d 00 00 00 00 00 00 00 00 7e 10 60 ba fa 62 4d 3d 00 00 00 00 00 00 00 00 0d 69 cc 3e 45 66 38 be 31 e8 8f 45 c1 85 a9 44 c5 f5 15 46 00 7e 8c b9 a8 8a 39 ba 4a 33 f3 b8 00 e3 95 40 10 33 00 00 6a 03 00 00 00 00 00 00 00 00 ff
2026-09-18T14:29:17.6878747Z TX 43 4f 5a 03 52 45 01 0b 00 00 00 00 14 00 d5 e7 6a 2b 12 75 d3 40 ab 01 00 00 aa 01 00 00 00
2026-09-18T14:29:17.7180296Z RX 43 4f 5a 03 52 45 01 09 00 00 00 00 04 00 0b 11 00 d5 e7 6a 2b 12 75 d3 40 ab 01 00 00 aa 01 00 00 00 05 5c 00 f0 db 4c 00 00 00 00 00 00 00 00 00 00 00 00 7a 3d 00 00 00 00 00 00 00 00 c1 17 66 ba 01 26 4d 3d 00 00 00 00 00 00 00 00 0d 69 cc 3e 45 66 38 be bb 64 90 45 0e 51 a0 44 c0 7d 14 46 00 7e 8c b9 c4 00 17 bb 96 6c ba ba 00 e3 95 40 10 33 00 00 6a 03 00 00 00 00 00 00 00 00 ff
2026-09-18T14:29:17.7347966Z TX 43 4f 5a 03 52 45 01 0b 00 00 00 00 14 00 34 11 36 3c d5 80 d3 40 ac 01 00 00 ab 01 00 00 00
2026-09-18T14:29:17.7510193Z RX 43 4f 5a 03 52 45 01 09 00 00 00 00 04 00 05 5c 00 f0 f9 4c 00 00 00 00 00 00 00 00 00 00 00 00 7a 3d 00 00 00 00 00 00 00 00 f3 8a 6b ba 94 0e 4e 3d 00 00 00 00 00 00 00 00 0d 69 cc 3e 45 66 38 be 14 bd 8f 45 f4 c9 75 44 7e d8 13 46 98 bd 8b ba 70 63 c5 ba a3 28 d5 39 00 e3 95 40 10 33 00 00 6a 03 00 00 00 00 00 00 00 00 ff 0b 11 00 34 11 36 3c d5 80 d3 40 ac 01 00 00 ab 01 00 00 00
2026-09-18T14:29:17.7810828Z TX 43 4f 5a 03 52 45 01 0b 00 00 00 00 14 00 d5 78 e9 26 69 8c d3 40 ad 01 00 00 ac 01 00 00 00
2026-09-18T14:29:17.7859512Z RX 43 4f 5a 03 52 45 01 09 00 00 00 00 04 00 05 5c 00 f0 17 4d 00 00 00 00 00 00 00 00 00 00 00 00 7a 3d 00 00 00 00 00 00 00 00 e6 6a 6b ba 5e bd 4e 3d 00 00 00 00 00 00 00 00 0d 69 cc 3e 45 66 38 be 03 fe 90 45 00 1f 86 44 9c e2 15 46 40 fd 0a 3a 8c d9 22 3b 14 61 27 ba 00 e3 95 40 10 33 00 00 6a 03 00 00 00 00 00 00 00 00 ff 05 5c 00 f0 35 4d 00 00 00 00 00 00 00 00 00 00 00 00 7a 3d 00 00 00 00 00 00 00 00 0b 44 6e ba ae d1 4d 3d 00 00 00 00 00 00 00 00 0d 69 cc 3e 45 66 38 be c5 f1 8f 45 6c c2 a3 44 de c5 15 46 00 7e 8c b9 00 15 dd 3a fc 8e 73 3a 00 81 95 40 10 33 00 00 6a 03 00 00 00 00 00 00 00 00 ff 0b 11 00 d5 78 e9 26 69 8c d3 40 ad 01 00 00 ac 01 00 00 00
2026-09-18T14:29:17.8168297Z RX 43 4f 5a 03 52 45 01 09 00 00 00 00 04 00 05 5c 00 f0 53 4d 00 00 00 00 00 00 00 00 00 00 00 00 7a 3d 00 00 00 00 00 00 00 00 8e 97 65 ba 3e f9 4b 3d 00 00 00 00 00 00 00 00 0d 69 cc 3e 45 66 38 be 02 1f 8f 45 23 21 8e 44 e8 52 15 46 f8 bb 50 3a 40 56 97 3a a3 28 d5 39 00 81 95 40 10 33 00 00 6a 03 00 00 00 00 00 00 00 00 ff
2026-09-18T14:29:17.8279108Z TX 43 4f 5a 03 52 45 01 0b 00 00 00 00 14 00 a2 45 b6 f3 19 98 d3 40 ae 01 00 00 ad 01 00 00 00
2026-09-18T14:29:17.8497699Z RX 43 4f 5a 03 52 45 01 09 00 00 00 00 04 00 0b 11 00 a2 45 b6 f3 19 98 d3 40 ae 01 00 00 ad 01 00 00 00 05 5c 00 f0 71 4d 00 00 00 00 00 00 00 00 00 00 00 00 7a 3d 00 00 00 00 00 00 00 00 81 77 65 ba 68 66 4c 3d 00 00 00 00 00 00 00 00 0d 69 cc 3e 45 66 38 be e7 d2 90 45 d6 2c 84 44 60 31 15 46 f8 9c ae ba d2 4f 4b bb 6e c7 c5 b9 00 81 95 40 10 33 00 00 6a 03 00 00 00 00 00 00 00 00 ff
2026-09-18T14:29:17.8745838Z TX 43 4f 5a 03 52 45 01 0b 00 00 00 00 14 00 71 1b 0d e0 c5 a3 d3 40 af 01 00 00 ae 01 00 00 00
2026-09-18T14:29:17.8827732Z RX 43 4f 5a 03 52 45 01 09 00 00 00 00 04 00 05 5c 00 f0 8f 4d 00 00 00 00 00 00 00 00 00 00 00 00 7a 3d 00 00 00 00 00 00 00 00 81 f1 67 ba 53 f5 4d 3d 00 00 00 00 00 00 00 00 0d 69 cc 3e 45 66 38 be 86 69 90 45 cb e9 95 44 9f 7b 15 46 00 7d 8a 39 c0 34 38 b9 d0 5b 18 39 00 81 95 40 10 33 00 00 6a 03 00 00 00 00 00 00 00 00 ff 0b 11 00 71 1b 0d e0 c5 a3 d3 40 af 01 00 00 ae 01 00 00 00
2026-09-18T14:29:17.9156393Z RX 43 4f 5a 03 52 45 01 09 00 00 00 00 04 00 05 5c 00 f0 ad 4d 00 00 00 00 00 00 00 00 00 00 00 00 7a 3d 00 00 00 00 00 00 00 00 c0 8f 68 ba 4b 7e 4e 3d 00 00 00 00 00 00 00 00 0d 69 cc 3e 45 66 38 be f1 5f 90 45 dc 66 8f 44 f5 3a 15 46 40 fd 0a 3a 90 e0 ba 39 71 de 6b ba 00 81 95 40 10 33 00 00 6a 03 00 00 00 00 00 00 00 00 ff
2026-09-18T14:29:17.9216253Z TX 43 4f 5a 03 52 45 01 0b 00 00 00 00 14 00 30 2a a9 13 8c af d3 40 b0 01 00 00 af 01 00 00 00
2026-09-18T14:29:17.9488151Z RX 43 4f 5a 03 52 45 01 09 00 00 00 00 04 00 0b 11 00 30 2a a9 13 8c af d3 40 b0 01 00 00 af 01 00 00 00 05 5c 00 f0 cb 4d 00 00 00 00 00 00 00 00 00 00 00 00 7a 3d 00 00 00 00 00 00 00 00 99 aa 6a ba 72 8c 4d 3d 00 00 00 00 00 00 00 00 0d 69 cc 3e 45 66 38 be 1e 4a 8f 45 19 94 8e 44 b5 b2 15 46 00 40 00 b6 a0 35 ba 3a 6e c7 c5 b9 00 e3 95 40 10 33 00 00 6a 03 00 00 00 00 00 00 00 00 ff
2026-09-18T14:29:17.9673495Z TX 43 4f 5a 03 52 45 01 0b 00 00 00 00 14 00 2d 21 1f f4 f4 ba d3 40 b1 01 00 00 b0 01 00 00 00
2026-09-18T14:29:17.9817640Z RX 43 4f 5a 03 52 45 01 09 00 00 00 00 04 00 05 5c 00 f0 e9 4d 00 00 00 00 00 00 00 00 00 00 00 00 7a 3d 00 00 00 00 00 00 00 00 71 c5 6c ba b0 1c 4c 3d 00 00 00 00 00 00 00 00 0d 69 cc 3e 45 66 38 be 8a 40 8f 45 26 be 93 44 d6 b4 14 46 00 7e 8c b9 cc 42 e8 ba fc 8e 73 3a 00 81 95 40 10 33 00 00 6a 03 00 00 00 00 00 00 00 00 ff 0b 11 00 2d 21 1f f4 f4 ba d3 40 b1 01 00 00 b0 01 00 00 00
2026-09-18T14:29:18.0138746Z TX 43 4f 5a 03 52 45 01 0b 00 00 00 00 14 00 1c 7c 61 32 95 c6 d3 40 b2 01 00 00 b1 01 00 00 00
2026-09-18T14:29:18.0308268Z RX 43 4f 5a 03 52 45 01 09 00 00 00 00 04 00 05 5c 00 f0 07 4e 00 00 00 00 00 00 00 00 00 00 00 00 7a 3d 00 00 00 00 00 00 00 00 8d 95 65 ba 1d 59 4c 3d 00 00 00 00 00 00 00 00 0d 69 cc 3e 45 66 38 be f1 5f 90 45 ae f8 85 44 9c 20 15 46 60 59 8a 39 a0 44 e7 b9 20 d1 c5 b9 00 81 95 40 10 33 00 00 6a 03 00 00 00 00 00 00 00 00 ff
2026-09-18T14:29:18.0612512Z RX 43 4f 5a 03 52 45 01 09 00 00 00 00 04 00 05 5c 00 f0 25 4e 00 00 00 00 00 00 00 00 00 00 00 00 7a 3d 00 00 00 00 00 00 00 00 d8 59 6c ba 23 99 4d 3d 00 00 00 00 00 00 00 00 0d 69 cc 3e 45 66 38 be d0 5d 91 45 f7 70 88 44 37 1e 15 46 c0 7d 8a 39 60 67 39 ba 98 43 6b ba 00 81 95 40 10 33 00 00 6a 03 00 00 00 00 00 00 00 00 ff 0b 11 00 1c 7c 61 32 95 c6 d3 40 b2 01 00 00 b1 01 00 00 00
2026-09-18T14:29:18.0622134Z TX 43 4f 5a 03 52 45 01 0b 00 00 00 00 14 00 ad fa 5c 6d 75 d2 d3 40 b3 01 00 00 b1 01 00 00 00
2026-09-18T14:29:18.0923679Z RX 43 4f 5a 03 52 45 01 09 00 00 00 00 04 00 05 5c 00 f0 43 4e 00 00 00 00 00 00 00 00 00 00 00 00 7a 3d 00 00 00 00 00 00 00 00 61 75 6b ba 74 0e 4e 3d 00 00 00 00 00 00 00 00 0d 69 cc 3e 45 66 38 be 08 d5 8f 45 50 b0 95 44 47 61 15 46 b0 a4 0a 3a f6 37 57 3b c1 87 be 3a 00 81 95 40 10 33 00 00 6a 03 00 00 00 00 00 00 00 00 ff 0b 11 00 ad fa 5c 6d 75 d2 d3 40 b3 01 00 00 b1 01 00 00 00 05 5c 00 f0 61 4e 00 00 00 00 00 00 00 00 00 00 00 00 7a 3d 00 00 00 00 00 00 00 00 b8 aa 61 ba 97 ee 4b 3d 00 00 00 00 00 00 00 00 0d 69 cc 3e 45 66 38 be 6f f4 90 45 52 6e 99 44 58 c1 16 46 00 30 9d b6 94 a7 10 3b 96 b0 2e 3a 00 81 95 40 10 33 00 00 6a 03 00 00 00 00 00 00 00 00 ff
2026-09-18T14:29:18.1082161Z TX 43 4f 5a 03 52 45 01 0b 00 00 00 00 14 00 77 2d 21 1f 30 de d3 40 b4 01 00 00 b3 01 00 00 00
2026-09-18T14:29:18.1141915Z RX 43 4f 5a 03 52 45 01 09 00 00 00 00 04 00 05 5c 00 f0 7f 4e 00 00 00 00 00 00 00 00 00 00 00 00 7a 3d 00 00 00 00 00 00 00 00 35 d8 5d ba d4 01 4d 3d 00 00 00 00 00 00 00 00 0d 69 cc 3e 45 66 38 be ee 04 90 45 44 65 92 44 47 61 15 46 80 67 0a 3a 18 9e e9 ba 36 1c 28 ba 00 81 95 40 10 33 00 00 6a 03 00 00 00 00 00 00 00 00 ff 0b 11 00 77 2d 21 1f 30 de d3 40 b4 01 00 00 b3 01 00 00 00
2026-09-18T14:29:18.1467438Z RX 43 4f 5a 03 52 45 01 09 00 00 00 00 04 00 05 0a 00 f3 ec 8e 1a 24 02 00 00 00 4d 05 5c 00 f0 9d 4e 00 00 00 00 00 00 00 00 00 00 00 00 7a 3d 00 00 00 00 00 00 00 00 22 15 61 ba f3 96 4c 3d 00 00 00 00 00 00 00 00 0d 69 cc 3e 45 66 38 be 34 43 90 45 5a 14 82 44 34 85 15 46 90 ad 0c ba b4 92 a3 ba df a4 c6 b9 00 81 95 40 10 33 00 00 6a 03 00 00 00 00 00 00 00 00 ff
2026-09-18T14:29:18.1546367Z TX 43 4f 5a 03 52 45 01 0b 00 00 00 00 14 00 ca 32 c4 b1 ce e9 d3 40 b5 01 00 00 b4 01 00 00 00
2026-09-18T14:29:18.1798629Z RX 43 4f 5a 03 52 45 01 09 00 00 00 00 04 00 0b 11 00 ca 32 c4 b1 ce e9 d3 40 b5 01 00 00 b4 01 00 00 00 05 5c 00 f0 bb 4e 00 00 00 00 00 00 00 00 00 00 00 00 7a 3d 00 00 00 00 00 00 00 00 49 b6 61 ba 91 fc 4d 3d 00 00 00 00 00 00 00 00 0d 69 cc 3e 45 66 38 be ac 21 90 45 95 ac 90 44 1e 4e 15 46 00 e0 79 b6 a0 0b 3c b9 83 69 d4 39 00 e3 95 40 10 33 00 00 6a 03 00 00 00 00 00 00 00 00 ff
2026-09-18T14:29:18.2010580Z TX 43 4f 5a 03 52 45 01 0b 00 00 00 00 14 00 e0 be 0e 9c 5f f5 d3 40 b6 01 00 00 b5 01 00 00 00
2026-09-18T14:29:18.2132650Z RX 43 4f 5a 03 52 45 01 09 00 00 00 00 04 00 05 5c 00 f0 d9 4e 00 00 00 00 00 00 00 00 00 00 00 00 7a 3d 00 00 00 00 00 00 00 00 45 92 64 ba c8 f2 4c 3d 00 00 00 00 00 00 00 00 0d 69 cc 3e 45 66 38 be 54 45 8f 45 26 be 93 44 56 a4 15 46 80 f5 09 3a 70 48 96 3a 30 13 f4 b8 00 81 95 40 10 33 00 00 6a 03 00 00 00 00 00 00 00 00 ff 0b 11 00 e0 be 0e 9c 5f f5 d3 40 b6 01 00 00 b5 01 00 00 00
2026-09-18T14:29:18.2460153Z RX 43 4f 5a 03 52 45 01 09 00 00 00 00 04 00 05 5c 00 f0 f7 4e 00 00 00 00 00 00 00 00 00 00 00 00 7a 3d 00 00 00 00 00 00 00 00 f2 1b 61 ba 10 84 4c 3d 00 00 00 00 00 00 00 00 0d 69 cc 3e 45 66 38 be 43 86 90 45 de 24 93 44 6a 80 15 46 40 32 8e b9 ac 89 80 ba ae 64 98 ba 00 81 95 40 10 33 00 00 6a 03 00 00 00 00 00 00 00 00 ff
2026-09-18T14:29:18.2471395Z TX 43 4f 5a 03 52 45 01 0b 00 00 00 00 14 00 17 b7 d1 00 e6 00 d4 40 b7 01 00 00 b6 01 00 00 00
2026-09-18T14:29:18.2800210Z RX 43 4f 5a 03 52 45 01 09 00 00 00 00 04 00 0b 11 00 17 b7 d1 00 e6 00 d4 40 b7 01 00 00 b6 01 00 00 00 05 5c 00 f0 15 4f 00 00 00 00 00 00 00 00 00 00 00 00 7a 3d 00 00 00 00 00 00 00 00 54 04 6b ba 3d 7d 4c 3d 00 00 00 00 00 00 00 00 0d 69 cc 3e 45 66 38 be ec a9 8f 45 60 4e 8d 44 21 a9 15 46 e0 d6 8d b9 90 60 b7 39 34 21 d6 39 00 81 95 40 10 33 00 00 6a 03 00 00 00 00 00 00 00 00 ff
2026-09-18T14:29:18.2942852Z TX 43 4f 5a 03 52 45 01 0b 00 00 00 00 14 00 50 8d 97 6e b2 0c d4 40 b8 01 00 00 b7 01 00 00 00
2026-09-18T14:29:18.3122248Z RX 43 4f 5a 03 52 45 01 09 00 00 00 00 04 00 05 5c 00 f0 33 4f 00 00 00 00 00 00 00 00 00 00 00 00 7a 3d 00 00 00 00 00 00 00 00 0b 56 6f ba 24 76 4d 3d 00 00 00 00 00 00 00 00 0d 69 cc 3e 45 66 38 be 00 a3 90 45 d1 fa 8d 44 1e 4e 15 46 40 5b 89 39 0c c9 e8 ba c2 bc 97 ba 00 81 95 40 10 33 00 00 6a 03 00 00 00 00 00 00 00 00 ff 0b 11 00 50 8d 97 6e b2 0c d4 40 b8 01 00 00 b7 01 00 00 00
2026-09-18T14:29:18.3402204Z TX 43 4f 5a 03 52 45 01 0b 00 00 00 00 14 00 c4 42 ad 69 26 18 d4 40 b9 01 00 00 b8 01 00 00 00
2026-09-18T14:29:18.3450635Z RX 43 4f 5a 03 52 45 01 09 00 00 00 00 04 00 05 5c 00 f0 51 4f 00 00 00 00 00 00 00 00 00 00 00 00 7a 3d 00 00 00 00 00 00 00 00 c3 1e 75 ba fa d7 4d 3d 00 00 00 00 00 00 00 00 0d 69 cc 3e 45 66 38 be 4d 13 90 45 61 2d 8f 44 c2 9a 15 46 e0 68 8d b9 00 c2 b9 39 a8 73 6a ba 00 81 95 40 10 33 00 00 6a 03 00 00 00 00 00 00 00 00 ff 0b 11 00 c4 42 ad 69 26 18 d4 40 b9 01 00 00 b8 01 00 00 00 05 0a 00 f3 8b 63 6c 11 01 00 00 00 2c
2026-09-18T14:29:18.3781957Z RX 43 4f 5a 03 52 45 01 09 00 00 00 00 04 00 05 5c 00 f0 6f 4f 00 00 00 00 00 00 00 00 00 00 00 00 7a 3d 00 00 00 00 00 00 00 00 c5 96 7c ba 79 76 4d 3d 00 00 00 00 00 00 00 00 0d 69 cc 3e 45 66 38 be 5a fb 8f 45 fa 0d 8e 44 2b 36 15 46 50 d4 8b ba 80 f7 e8 b9 cb c7 20 39 00 81 95 40 10 33 00 00 6a 03 00 00 00 00 00 00 00 00 ff
2026-09-18T14:29:18.3867688Z TX 43 4f 5a 03 52 45 01 0b 00 00 00 00 14 00 62 10 58 39 c4 23 d4 40 ba 01 00 00 b9 01 00 00 00
2026-09-18T14:29:18.4111461Z RX 43 4f 5a 03 52 45 01 09 00 00 00 00 04 00 05 5c 00 f0 8d 4f 00 00 00 00 00 00 00 00 00 00 00 00 7a 3d 00 00 00 00 00 00 00 00 85 15 76 ba ce ce 4c 3d 00 00 00 00 00 00 00 00 0d 69 cc 3e 45 66 38 be 54 45 8f 45 dd 45 91 44 ac 63 15 46 a0 6f 0b ba 28 e1 39 ba 31 c4 c2 b9 00 81 95 40 10 33 00 00 6a 03 00 00 00 00 00 00 00 00 ff 0b 11 00 62 10 58 39 c4 23 d4 40 ba 01 00 00 b9 01 00 00 00 05 5c 00 f0 ab 4f 00 00 00 00 00 00 00 00 00 00 00 00 7a 3d 00 00 00 00 00 00 00 00 ca 56 80 ba 86 be 4c 3d 00 00 00 00 00 00 00 00 0d 69 cc 3e 45 66 38 be ee 04 90 45 e6 f3 8e 44 b2 57 15 46 00 f7 8a b9 14 f7 c4 ba 6b e5 24 ba 00 81 95 40 10 33 00 00 6a 03 00 00 00 00 00 00 00 00 ff
2026-09-18T14:29:18.4341260Z TX 43 4f 5a 03 52 45 01 0b 00 00 00 00 14 00 2b f6 97 dd 9f 2f d4 40 bb 01 00 00 ba 01 00 00 00
2026-09-18T14:29:18.4445115Z RX 43 4f 5a 03 52 45 01 09 00 00 00 00 04 00 0b 11 00 2b f6 97 dd 9f 2f d4 40 bb 01 00 00 ba 01 00 00 00 05 5c 00 f0 c9 4f 00 00 00 00 00 00 00 00 00 00 00 00 7a 3d 00 00 00 00 00 00 00 00 49 5b 7f ba 79 65 4c 3d 00 00 00 00 00 00 00 00 0d 69 cc 3e 45 66 38 be d5 34 90 45 9d 7b 8c 44 27 9d 15 46 20 6e 8c 39 f0 8f bc 39 18 0e c1 b9 00 e3 95 40 10 33 00 00 6a 03 00 00 00 00 00 00 00 00 ff
2026-09-18T14:29:18.4777208Z RX 43 4f 5a 03 52 45 01 09 00 00 00 00 04 00 05 5c 00 f0 e7 4f 00 00 00 00 00 00 00 00 00 00 00 00 7a 3d 00 00 00 00 00 00 00 00 2a b4 85 ba c6 c2 4c 3d 00 00 00 00 00 00 00 00 0d 69 cc 3e 45 66 38 be 76 26 90 45 57 a0 8f 44 e2 5e 15 46 20 62 50 ba f0 f3 23 3a f0 e7 23 ba 00 e3 95 40 10 33 00 00 6a 03 00 00 00 00 00 00 00 00 ff
2026-09-18T14:29:18.4793744Z TX 43 4f 5a 03 52 45 01 0b 00 00 00 00 14 00 bb 27 0f 0b f1 3a d4 40 bc 01 00 00 bb 01 00 00 00
2026-09-18T14:29:18.5104708Z RX 43 4f 5a 03 52 45 01 09 00 00 00 00 04 00 0b 11 00 bb 27 0f 0b f1 3a d4 40 bc 01 00 00 bb 01 00 00 00 05 5c 00 f0 05 50 00 00 00 00 00 00 00 00 00 00 00 00 7a 3d 00 00 00 00 00 00 00 00 13 66 85 ba 37 91 4c 3d 00 00 00 00 00 00 00 00 0d 69 cc 3e 45 66 38 be 69 3e 90 45 b2 74 8d 44 fe 89 15 46 80 e8 8c 39 c0 61 be 38 81 f1 be b9 00 e3 95 40 10 33 00 00 6a 03 00 00 00 00 00 00 00 00 ff
2026-09-18T14:29:18.5252451Z TX 43 4f 5a 03 52 45 01 0b 00 00 00 00 14 00 3b df 4f 8d 63 46 d4 40 bd 01 00 00 bc 01 00 00 00
2026-09-18T14:29:18.5453735Z RX 43 4f 5a 03 52 45 01 09 00 00 00 00 04 00 05 5c 00 f0 23 50 00 00 00 00 00 00 00 00 00 00 00 00 7a 3d 00 00 00 00 00 00 00 00 63 f3 86 ba 65 ca 4c 3d 00 00 00 00 00 00 00 00 0d 69 cc 3e 45 66 38 be 20 29 91 45 fe 89 95 44 2f ae 16 46 00 fd 0b 3a a0 c2 e6 b9 5c 90 d5 b8 00 e3 95 40 10 33 00 00 6a 03 00 00 00 00 00 00 00 00 ff 0b 11 00 3b df 4f 8d 63 46 d4 40 bd 01 00 00 bc 01 00 00 00
2026-09-18T14:29:18.5712520Z TX 43 4f 5a 03 52 45 01 0b 00 00 00 00 14 00 37 1a c0 5b e8 51 d4 40 be 01 00 00 bd 01 00 00 00
2026-09-18T14:29:18.5761904Z RX 43 4f 5a 03 52 45 01 09 00 00 00 00 04 00 05 5c 00 f0 41 50 00 00 00 00 00 00 00 00 00 00 00 00 7a 3d 00 00 00 00 00 00 00 00 ff d3 86 ba a8 48 4c 3d 00 00 00 00 00 00 00 00 0d 69 cc 3e 45 66 38 be 40 2b 90 45 48 e1 99 44 80 f5 14 46 50 19 0b ba 84 f7 e7 ba 1d 6a be b9 00 81 95 40 10 33 00 00 6a 03 00 00 00 00 00 00 00 00 ff 0b 11 00 37 1a c0 5b e8 51 d4 40 be 01 00 00 bd 01 00 00 00
2026-09-18T14:29:18.6090958Z RX 43 4f 5a 03 52 45 01 09 00 00 00 00 04 00 05 5c 00 f0 5f 50 00 00 00 00 00 00 00 00 00 00 00 00 7a 3d 00 00 00 00 00 00 00 00 55 bf 88 ba 6f 75 4d 3d 00 00 00 00 00 00 00 00 0d 69 cc 3e 45 66 38 be 57 a0 8f 45 ab 5b 80 44 78 e4 13 46 60 76 50 ba b0 c6 e3 b9 b0 b4 bd b9 00 e3 95 40 10 33 00 00 6a 03 00 00 00 00 00 00 00 00 ff
2026-09-18T14:29:18.6170229Z TX 43 4f 5a 03 52 45 01 0b 00 00 00 00 14 00 4b c8 07 3d 57 5d d4 40 bf 01 00 00 be 01 00 00 00
2026-09-18T14:29:18.6420761Z RX 43 4f 5a 03 52 45 01 09 00 00 00 00 04 00 05 5c 00 f0 7d 50 00 00 00 00 00 00 00 00 00 00 00 00 7a 3d 00 00 00 00 00 00 00 00 f4 2c 89 ba 54 02 4d 3d 00 00 00 00 00 00 00 00 0d 69 cc 3e 45 66 38 be 3f 4c 8e 45 e9 67 81 44 26 be 13 46 80 1d 89 b9 28 19 6a 3a 02 64 dd 39 00 81 95 40 10 33 00 00 6a 03 00 00 00 00 00 00 00 00 ff 0b 11 00 4b c8 07 3d 57 5d d4 40 bf 01 00 00 be 01 00 00 00
2026-09-18T14:29:18.6632497Z TX 43 4f 5a 03 52 45 01 0b 00 00 00 00 14 00 9e ef a7 c6 e7 68 d4 40 c0 01 00 00 bf 01 00 00 00
2026-09-18T14:29:18.6750524Z RX 43 4f 5a 03 52 45 01 09 00 00 00 00 04 00 05 5c 00 f0 9b 50 00 00 00 00 00 00 00 00 00 00 00 00 7a 3d 00 00 00 00 00 00 00 00 7a 3b 89 ba 6b 5e 4e 3d 00 00 00 00 00 00 00 00 0d 69 cc 3e 45 66 38 be 9f 39 90 45 44 65 92 44 fe 89 15 46 60 41 0c 3a 24 04 e7 ba a7 69 dd 39 00 81 95 40 10 33 00 00 6a 03 00 00 00 00 00 00 00 00 ff 0b 11 00 9e ef a7 c6 e7 68 d4 40 c0 01 00 00 bf 01 00 00 00
2026-09-18T14:29:18.7081965Z RX 43 4f 5a 03 52 45 01 09 00 00 00 00 04 00 05 5c 00 f0 b9 50 00 00 00 00 00 00 00 00 00 00 00 00 7a 3d 00 00 00 00 00 00 00 00 69 bb 87 ba b3 6f 4d 3d 00 00 00 00 00 00 00 00 0d 69 cc 3e 45 66 38 be ee 04 90 45 1e ef 97 44 2c 53 16 46 c0 e6 0a ba 1e c5 34 3b d9 64 d4 b8 00 81 95 40 10 33 00 00 6a 03 00 00 00 00 00 00 00 00 ff 05 5c 00 f0 d7 50 00 00 00 00 00 00 00 00 00 00 00 00 7a 3d 00 00 00 00 00 00 00 00 d7 ca 87 ba e5 5a 4c 3d 00 00 00 00 00 00 00 00 0d 69 cc 3e 45 66 38 be e6 f3 8e 45 52 6e 99 44 84 8e 14 46 70 cc 0a ba 88 28 7e ba ae 0d be b9 00 e3 95 40 10 33 00 00 6a 03 00 00 00 00 00 00 00 00 ff
2026-09-18T14:29:18.7087905Z TX 43 4f 5a 03 52 45 01 0b 00 00 00 00 14 00 a6 0a 46 25 4d 74 d4 40 c1 01 00 00 c0 01 00 00 00
2026-09-18T14:29:18.7409784Z RX 43 4f 5a 03 52 45 01 09 00 00 00 00 04 00 0b 11 00 a6 0a 46 25 4d 74 d4 40 c1 01 00 00 c0 01 00 00 00 05 5c 00 f0 f5 50 00 00 00 00 00 00 00 00 00 00 00 00 7a 3d 00 00 00 00 00 00 00 00 79 7e 8c ba fc 85 4c 3d 00 00 00 00 00 00 00 00 0d 69 cc 3e 45 66 38 be 5c 56 90 45 78 bb 80 44 b6 f0 14 46 00 35 89 b9 f8 38 7d ba 80 d0 95 ba 00 81 95 40 10 33 00 00 6a 03 00 00 00 00 00 00 00 00 ff
2026-09-18T14:29:18.7558560Z TX 43 4f 5a 03 52 45 01 0b 00 00 00 00 14 00 a7 79 c7 29 0e 80 d4 40 c2 01 00 00 c1 01 00 00 00
2026-09-18T14:29:18.7742117Z RX 43 4f 5a 03 52 45 01 09 00 00 00 00 04 00 0b 11 00 a7 79 c7 29 0e 80 d4 40 c2 01 00 00 c1 01 00 00 00 05 5c 00 f0 13 51 00 00 00 00 00 00 00 00 00 00 00 00 7a 3d 00 00 00 00 00 00 00 00 e7 64 8e ba a0 13 4d 3d 00 00 00 00 00 00 00 00 0d 69 cc 3e 45 66 38 be 65 67 91 45 e7 d2 90 44 0a 34 16 46 b0 2a 50 ba b0 c1 bf 39 96 51 df 39 00 81 95 40 10 33 00 00 6a 03 00 00 00 00 00 00 00 00 ff
2026-09-18T14:29:18.8021576Z TX 43 4f 5a 03 52 45 01 0b 00 00 00 00 14 00 d7 a3 70 3d a2 8b d4 40 c3 01 00 00 c2 01 00 00 00
2026-09-18T14:29:18.8082591Z RX 43 4f 5a 03 52 45 01 09 00 00 00 00 04 00 05 5c 00 f0 31 51 00 00 00 00 00 00 00 00 00 00 00 00 7a 3d 00 00 00 00 00 00 00 00 ec e0 8d ba 8d 99 4c 3d 00 00 00 00 00 00 00 00 0d 69 cc 3e 45 66 38 be f1 5f 90 45 b6 19 a8 44 c9 6d 17 46 78 5a 8c 3a c0 3b bb 3a 3b 4d 2c 39 00 81 95 40 10 33 00 00 6a 03 00 00 00 00 00 00 00 00 ff 0b 11 00 d7 a3 70 3d a2 8b d4 40 c3 01 00 00 c2 01 00 00 00
2026-09-18T14:29:18.8402321Z RX 43 4f 5a 03 52 45 01 09 00 00 00 00 04 00 05 5c 00 f0 4f 51 00 00 00 00 00 00 00 00 00 00 00 00 7a 3d 00 00 00 00 00 00 00 00 c4 eb 8d ba 95 2b 4c 3d 00 00 00 00 00 00 00 00 0d 69 cc 3e 45 66 38 be 28 d7 8e 45 5c d2 85 44 6a be 14 46 80 a9 8e 39 e4 95 a1 ba 8d e7 66 ba 00 81 95 40 10 33 00 00 6a 03 00 00 00 00 00 00 00 00 ff
2026-09-18T14:29:18.8499021Z TX 43 4f 5a 03 52 45 01 0b 00 00 00 00 14 00 5b d3 bc e3 90 97 d4 40 c4 01 00 00 c3 01 00 00 00
2026-09-18T14:29:18.8729063Z RX 43 4f 5a 03 52 45 01 09 00 00 00 00 04 00 0b 11 00 5b d3 bc e3 90 97 d4 40 c4 01 00 00 c3 01 00 00 00 05 5c 00 f0 6d 51 00 00 00 00 00 00 00 00 00 00 00 00 7a 3d 00 00 00 00 00 00 00 00 67 1f 91 ba c5 e2 4a 3d 00 00 00 00 00 00 00 00 0d 69 cc 3e 45 66 38 be 48 5d 8f 45 9a d4 79 44 88 c8 16 46 30 a6 4f ba 40 99 be 39 61 37 2c 39 00 81 95 40 10 33 00 00 6a 03 00 00 00 00 00 00 00 00 ff
2026-09-18T14:29:18.8962498Z TX 43 4f 5a 03 52 45 01 0b 00 00 00 00 14 00 10 58 39 b4 2c a3 d4 40 c5 01 00 00 c4 01 00 00 00
2026-09-18T14:29:18.9059474Z RX 43 4f 5a 03 52 45 01 09 00 00 00 00 04 00 05 5c 00 f0 8b 51 00 00 00 00 00 00 00 00 00 00 00 00 7a 3d 00 00 00 00 00 00 00 00 77 23 94 ba 65 07 4c 3d 00 00 00 00 00 00 00 00 0d 69 cc 3e 45 66 38 be 09 b4 91 45 6b e3 a1 44 22 c6 16 46 00 00 cb 36 44 75 c4 ba a5 d9 bb b9 00 81 95 40 10 33 00 00 6a 03 00 00 00 00 00 00 00 00 ff 05 0a 00 f3 bc bc 58 de 02 00 00 00 45 0b 11 00 10 58 39 b4 2c a3 d4 40 c5 01 00 00 c4 01 00 00 00
2026-09-18T14:29:18.9393825Z RX 43 4f 5a 03 52 45 01 09 00 00 00 00 04 00 05 5c 00 f0 a9 51 00 00 00 00 00 00 00 00 00 00 00 00 7a 3d 00 00 00 00 00 00 00 00 00 23 92 ba 8b 04 4d 3d 00 00 00 00 00 00 00 00 0d 69 cc 3e 45 66 38 be 3b 75 8f 45 aa a5 91 44 71 b2 14 46 d8 27 af 3a 40 99 be 39 93 08 34 3a 00 81 95 40 10 33 00 00 6a 03 00 00 00 00 00 00 00 00 ff
2026-09-18T14:29:18.9426576Z TX 43 4f 5a 03 52 45 01 0b 00 00 00 00 14 00 da ac fa 5c c5 ae d4 40 c6 01 00 00 c5 01 00 00 00
2026-09-18T14:29:18.9721742Z RX 43 4f 5a 03 52 45 01 09 00 00 00 00 04 00 0b 11 00 da ac fa 5c c5 ae d4 40 c6 01 00 00 c5 01 00 00 00 05 5c 00 f0 c7 51 00 00 00 00 00 00 00 00 00 00 00 00 7a 3d 00 00 00 00 00 00 00 00 ea c7 94 ba 16 08 4c 3d 00 00 00 00 00 00 00 00 0d 69 cc 3e 45 66 38 be 56 c1 8d 45 80 57 5c 44 16 3d 14 46 80 a9 8e 39 fe 2f 46 3b a5 d9 bb b9 00 81 95 40 10 33 00 00 6a 03 00 00 00 00 00 00 00 00 ff
2026-09-18T14:29:18.9890365Z TX 43 4f 5a 03 52 45 01 0b 00 00 00 00 14 00 dc 46 03 78 63 ba d4 40 c7 01 00 00 c6 01 00 00 00
2026-09-18T14:29:19.0058244Z RX 43 4f 5a 03 52 45 01 09 00 00 00 00 04 00 05 5c 00 f0 e5 51 00 00 00 00 00 00 00 00 00 00 00 00 7a 3d 00 00 00 00 00 00 00 00 c6 d2 94 ba 13 79 4b 3d 00 00 00 00 00 00 00 00 0d 69 cc 3e 45 66 38 be 1a 73 90 45 da a8 8b 44 b8 0d 16 46 80 51 88 b9 e4 95 a1 ba 27 7c cb b8 00 81 95 40 10 33 00 00 6a 03 00 00 00 00 00 00 00 00 ff 0b 11 00 dc 46 03 78 63 ba d4 40 c7 01 00 00 c6 01 00 00 00
2026-09-18T14:29:19.0368863Z TX 43 4f 5a 03 52 45 01 0b 00 00 00 00 14 00 46 b6 f3 fd 54 c6 d4 40 c8 01 00 00 c7 01 00 00 00
2026-09-18T14:29:19.0385386Z RX 43 4f 5a 03 52 45 01 09 00 00 00 00 04 00 05 5c 00 f0 03 52 00 00 00 00 00 00 00 00 00 00 00 00 7a 3d 00 00 00 00 00 00 00 00 43 8a 95 ba 55 d2 4b 3d 00 00 00 00 00 00 00 00 0d 69 cc 3e 45 66 38 be 1a 73 90 45 59 5e 93 44 14 c1 15 46 80 e7 09 ba 58 0b 25 3a a5 d9 bb b9 00 e3 95 40 10 33 00 00 6a 03 00 00 00 00 00 00 00 00 ff 05 5c 00 f0 21 52 00 00 00 00 00 00 00 00 00 00 00 00 7a 3d 00 00 00 00 00 00 00 00 91 b2 96 ba c9 2c 4c 3d 00 00 00 00 00 00 00 00 0d 69 cc 3e 45 66 38 be 0a 30 90 45 ef ca 9f 44 bf 3f 15 46 80 51 88 b9 50 ae 37 ba 61 37 2c 39 00 e3 95 40 10 33 00 00 6a 03 00 00 00 00 00 00 00 00 ff
2026-09-18T14:29:19.0713940Z RX 43 4f 5a 03 52 45 01 09 00 00 00 00 04 00 0b 11 00 46 b6 f3 fd 54 c6 d4 40 c8 01 00 00 c7 01 00 00 00 05 5c 00 f0 3f 52 00 00 00 00 00 00 00 00 00 00 00 00 7a 3d 00 00 00 00 00 00 00 00 8e cf 95 ba ac ab 4c 3d 00 00 00 00 00 00 00 00 0d 69 cc 3e 45 66 38 be 80 b3 8f 45 52 45 86 44 80 f5 14 46 34 07 d2 3a 18 ca 6a 3a a5 d9 bb b9 00 e3 95 40 10 33 00 00 6a 03 00 00 00 00 00 00 00 00 ff
2026-09-18T14:29:19.0826671Z TX 43 4f 5a 03 52 45 01 0b 00 00 00 00 14 00 27 c2 86 a7 bf d1 d4 40 c9 01 00 00 c8 01 00 00 00
2026-09-18T14:29:19.1047360Z RX 43 4f 5a 03 52 45 01 09 00 00 00 00 04 00 0b 11 00 27 c2 86 a7 bf d1 d4 40 c9 01 00 00 c8 01 00 00 00 05 5c 00 f0 5d 52 00 00 00 00 00 00 00 00 00 00 00 00 7a 3d 00 00 00 00 00 00 00 00 b1 4b 95 ba 20 f9 4b 3d 00 00 00 00 00 00 00 00 0d 69 cc 3e 45 66 38 be 0a 30 90 45 f6 91 86 44 19 77 16 46 80 51 88 b9 cc 23 bb 3a 93 08 34 3a 00 81 95 40 10 33 00 00 6a 03 00 00 00 00 00 00 00 00 ff
2026-09-18T14:29:19.1293636Z TX 43 4f 5a 03 52 45 01 0b 00 00 00 00 14 00 dd 24 06 81 71 dd d4 40 ca 01 00 00 c9 01 00 00 00
2026-09-18T14:29:19.1372424Z RX 43 4f 5a 03 52 45 01 09 00 00 00 00 04 00 05 0a 00 f3 ec 8e 1a 24 02 00 00 00 4d 05 5c 00 f0 7b 52 00 00 00 00 00 00 00 00 00 00 00 00 7a 3d 00 00 00 00 00 00 00 00 ba 02 97 ba 48 f8 4b 3d 00 00 00 00 00 00 00 00 0d 69 cc 3e 45 66 38 be d8 8f 90 45 0c 93 9c 44 77 a6 14 46 30 a6 4f ba 0c 69 39 bb 94 56 0f bb 00 81 95 40 10 33 00 00 6a 03 00 00 00 00 00 00 00 00 ff 0b 11 00 dd 24 06 81 71 dd d4 40 ca 01 00 00 c9 01 00 00 00
2026-09-18T14:29:19.1704310Z RX 43 4f 5a 03 52 45 01 09 00 00 00 00 04 00 05 5c 00 f0 99 52 00 00 00 00 00 00 00 00 00 00 00 00 7a 3d 00 00 00 00 00 00 00 00 21 5f 9d ba d1 56 4d 3d 00 00 00 00 00 00 00 00 0d 69 cc 3e 45 66 38 be 64 88 8f 45 c6 84 7f 44 dd e6 13 46 80 a9 8e 39 40 6f cc 38 61 37 2c 39 00 81 95 40 10 33 00 00 6a 03 00 00 00 00 00 00 00 00 ff
2026-09-18T14:29:19.1752882Z TX 43 4f 5a 03 52 45 01 0b 00 00 00 00 14 00 16 fb cb ee e9 e8 d4 40 cb 01 00 00 ca 01 00 00 00
2026-09-18T14:29:19.2030245Z RX 43 4f 5a 03 52 45 01 09 00 00 00 00 04 00 0b 11 00 16 fb cb ee e9 e8 d4 40 cb 01 00 00 ca 01 00 00 00 05 5c 00 f0 b7 52 00 00 00 00 00 00 00 00 00 00 00 00 7a 3d 00 00 00 00 00 00 00 00 2a 16 9f ba 97 a8 4d 3d 00 00 00 00 00 00 00 00 0d 69 cc 3e 45 66 38 be 31 e8 8f 45 6a d1 7f 44 b9 4b 15 46 80 51 88 b9 cc 23 bb 3a 75 b2 95 ba 00 81 95 40 10 33 00 00 6a 03 00 00 00 00 00 00 00 00 ff
2026-09-18T14:29:19.2205350Z TX 43 4f 5a 03 52 45 01 0b 00 00 00 00 14 00 70 ce 88 d2 42 f4 d4 40 cc 01 00 00 cb 01 00 00 00
2026-09-18T14:29:19.2360811Z RX 43 4f 5a 03 52 45 01 09 00 00 00 00 04 00 05 5c 00 f0 d5 52 00 00 00 00 00 00 00 00 00 00 00 00 7a 3d 00 00 00 00 00 00 00 00 e7 0e a0 ba d5 94 4c 3d 00 00 00 00 00 00 00 00 0d 69 cc 3e 45 66 38 be 0a 30 90 45 f0 a9 a1 44 62 4e 16 46 00 00 cb 36 cc 23 bb 3a 61 37 2c 39 00 81 95 40 10 33 00 00 6a 03 00 00 00 00 00 00 00 00 ff 0b 11 00 70 ce 88 d2 42 f4 d4 40 cc 01 00 00 cb 01 00 00 00
2026-09-18T14:29:19.2685151Z TX 43 4f 5a 03 52 45 01 0b 00 00 00 00 14 00 13 61 c3 d3 3f 00 d5 40 cd 01 00 00 cc 01 00 00 00
2026-09-18T14:29:19.2690535Z RX 43 4f 5a 03 52 45 01 09 00 00 00 00 04 00 05 5c 00 f0 f3 52 00 00 00 00 00 00 00 00 00 00 00 00 7a 3d 00 00 00 00 00 00 00 00 5b 96 a1 ba 75 7c 4b 3d 00 00 00 00 00 00 00 00 0d 69 cc 3e 45 66 38 be 12 62 8f 45 1c 31 94 44 34 85 15 46 80 a9 8e 39 50 ae 37 ba 27 7c cb b8 00 81 95 40 10 33 00 00 6a 03 00 00 00 00 00 00 00 00 ff
2026-09-18T14:29:19.3021633Z RX 43 4f 5a 03 52 45 01 09 00 00 00 00 04 00 0b 11 00 13 61 c3 d3 3f 00 d5 40 cd 01 00 00 cc 01 00 00 00 05 5c 00 f0 11 53 00 00 00 00 00 00 00 00 00 00 00 00 7a 3d 00 00 00 00 00 00 00 00 c3 d0 a1 ba 74 b4 4b 3d 00 00 00 00 00 00 00 00 0d 69 cc 3e 45 66 38 be b1 d7 90 45 40 df 7d 44 43 c8 15 46 d0 a0 09 ba 28 40 c4 ba 0c 3c 2c 39 00 e3 95 40 10 33 00 00 6a 03 00 00 00 00 00 00 00 00 ff
2026-09-18T14:29:19.3150252Z TX 43 4f 5a 03 52 45 01 0b 00 00 00 00 14 00 5d fe 43 fa dd 0b d5 40 ce 01 00 00 cd 01 00 00 00
2026-09-18T14:29:19.3299468Z TX 43 4f 5a 03 52 45 01 04 05 00 05 00 14 00 37 00 00 00 00 00 00 20 41 00 00 20 41 00 00 00 00 02
2026-09-18T14:29:19.3351993Z RX 43 4f 5a 03 52 45 01 09 15 00 15 00 05 00 05 5c 00 f0 2f 53 00 00 00 00 00 00 00 00 00 00 00 00 7a 3d 00 00 00 00 00 00 00 00 2c 00 a0 ba 0d 28 4e 3d 00 00 00 00 00 00 00 00 0d 69 cc 3e 45 66 38 be 2d f0 92 45 ee eb 9d 44 54 87 14 46 80 51 8a ba a6 42 6d bb 9c 31 78 3a 00 e3 95 40 10 33 00 00 6a 03 00 00 00 00 00 00 00 00 ff 0b 11 00 5d fe 43 fa dd 0b d5 40 ce 01 00 00 cd 01 00 00 00 05 5c 00 f0 4d 53 00 00 00 00 00 00 00 00 00 00 00 00 7a 3d 00 00 00 00 00 00 00 00 16 ae 9e ba 55 a4 4f 3d 00 00 00 00 00 00 00 00 0d 69 cc 3e 45 66 38 be b6 ae 8f 45 c4 22 af 44 ac 63 15 46 4c 94 d2 3a 20 e2 69 3b 09 e4 dd 39 00 e3 95 40 10 33 00 00 6a 03 00 00 00 00 00 00 00 00 ff 04 02 00 c4 02
2026-09-18T14:29:19.3769696Z TX 43 4f 5a 03 52 45 01 0b 00 00 00 00 15 00 51 6b 9a 77 60 1b d5 40 cf 01 00 00 ce 01 00 00 00
2026-09-18T14:29:19.4009938Z RX 43 4f 5a 03 52 45 01 09 00 00 00 00 05 00 0b 11 00 51 6b 9a 77 60 1b d5 40 cf 01 00 00 ce 01 00 00 00 05 5c 00 f0 89 53 00 00 00 00 00 00 00 00 00 00 00 00 7a 3d 00 00 00 00 00 00 00 00 7e 0a 9e ba 97 1e 4c 3d 00 00 00 00 00 00 00 00 0d 69 cc 3e 45 66 38 be f8 91 8f 45 a6 cd 56 44 18 5a 15 46 20 1d 86 b9 00 22 7a ba 62 6f 33 3a 00 81 95 40 10 31 00 00 6a 03 00 00 00 00 00 00 00 00 ff
2026-09-18T14:29:19.4242128Z TX 43 4f 5a 03 52 45 01 0b 00 00 00 00 15 00 23 db f9 7e 2a 27 d5 40 d0 01 00 00 cf 01 00 00 00
2026-09-18T14:29:19.4341636Z RX 43 4f 5a 03 52 45 01 09 00 00 00 00 05 00 05 5c 00 f0 a7 53 00 00 00 00 00 00 00 00 00 00 00 00 7a 3d 00 00 00 00 00 00 00 00 34 01 9a ba aa 66 4d 3d 00 00 00 00 00 00 00 00 0d 69 cc 3e 45 66 38 be bf 9e 92 45 81 bb a4 44 fc 0d 17 46 20 e4 cf ba 04 44 01 3b 06 35 9e 3a 00 e3 95 40 10 31 00 00 6a 03 00 00 00 00 00 00 00 00 ff 0b 11 00 23 db f9 7e 2a 27 d5 40 d0 01 00 00 cf 01 00 00 00
2026-09-18T14:29:19.4670074Z RX 43 4f 5a 03 52 45 01 09 00 00 00 00 05 00 05 5c 00 f0 c5 53 00 00 00 00 00 00 00 00 00 00 00 00 7a 3d 00 00 00 00 00 00 00 00 cf e5 96 ba 81 da 5f 3d 00 00 00 00 00 00 00 00 0d c9 c7 3e 45 66 38 be 1d ce 90 45 2d d7 a0 44 5e 14 14 46 00 8c 4e ba cc af ba 3b 07 0c bd b9 00 81 95 40 10 31 00 00 6a 03 00 00 00 00 00 00 00 00 ff
2026-09-18T14:29:19.4698436Z TX 43 4f 5a 03 52 45 01 0b 00 00 00 00 15 00 72 8a 8e e4 9a 32 d5 40 d1 01 00 00 d0 01 00 00 00
2026-09-18T14:29:19.5001920Z RX 43 4f 5a 03 52 45 01 09 00 00 00 00 05 00 0b 11 00 72 8a 8e e4 9a 32 d5 40 d1 01 00 00 d0 01 00 00 00 05 5c 00 f0 e3 53 00 00 00 00 00 00 00 00 00 00 00 00 7a 3d 00 00 00 00 00 00 00 00 67 ee a7 ba 6a 3c 92 3d 00 00 00 00 00 00 00 00 0d 39 bc 3e 45 66 38 be e0 e2 96 45 0e 51 a0 44 85 e5 05 46 81 ba a5 3c a2 65 c3 3e ec d9 2c bc 00 81 95 40 11 31 00 00 6a 03 00 00 00 00 00 00 00 00 ff
2026-09-18T14:29:19.5157830Z TX 43 4f 5a 03 52 45 01 0b 00 00 00 00 15 00 b4 59 f5 b9 12 3e d5 40 d2 01 00 00 d1 01 00 00 00
2026-09-18T14:29:19.5331429Z RX 43 4f 5a 03 52 45 01 09 00 00 00 00 05 00 05 5c 00 f0 01 54 00 00 00 00 00 00 00 00 00 00 00 00 7a 3d 00 00 00 00 00 00 00 00 51 c3 6b ba c6 fb a9 3d 00 00 00 00 00 00 00 00 0d 69 a7 3e 45 66 38 be 6d 91 84 45 77 05 92 44 5a 9c 12 46 b1 1d 44 bd 9e 3d a3 3f ae 3e 61 3c 00 81 95 40 11 31 00 00 6a 03 00 00 00 00 00 00 00 00 ff 0b 11 00 b4 59 f5 b9 12 3e d5 40 d2 01 00 00 d1 01 00 00 00
2026-09-18T14:29:19.5624992Z TX 43 4f 5a 03 52 45 01 0b 00 00 00 00 15 00 52 b8 1e 85 c3 49 d5 40 d3 01 00 00 d2 01 00 00 00
2026-09-18T14:29:19.5692049Z RX 43 4f 5a 03 52 45 01 09 00 00 00 00 05 00 05 5c 00 f0 1f 54 00 00 00 00 00 00 00 00 00 00 00 00 7a 3d 00 00 00 00 00 00 00 00 b3 6d 3f ba c0 55 b4 3d 00 00 00 00 00 00 00 00 0d f9 8d 3e 45 66 38 be 67 0b 67 45 bd e0 8e 44 de 07 1b 46 8a f6 06 bc 8c dd ce 3f f9 36 ca 3b 00 81 95 40 11 31 00 00 6a 03 00 00 00 00 00 00 00 00 ff 0b 11 00 52 b8 1e 85 c3 49 d5 40 d3 01 00 00 d2 01 00 00 00
2026-09-18T14:29:19.5993177Z RX 43 4f 5a 03 52 45 01 09 00 00 00 00 05 00 05 5c 00 f0 3d 54 00 00 00 00 00 00 00 00 00 00 00 00 7a 3d 00 00 00 00 00 00 00 00 ed 8a dd b9 72 96 bc 3d 00 00 00 00 00 00 00 00 1a 32 5b 3e 45 66 38 be 90 71 49 45 56 c1 8d 44 ca af 1c 46 e3 c3 8f bc 6f 98 f7 3f d8 f6 5c 3c 00 81 95 40 11 31 00 00 6a 03 00 00 00 00 00 00 00 00 ff
2026-09-18T14:29:19.6089725Z TX 43 4f 5a 03 52 45 01 0b 00 00 00 00 15 00 14 3f c6 dc 61 55 d5 40 d4 01 00 00 d3 01 00 00 00
2026-09-18T14:29:19.6321233Z RX 43 4f 5a 03 52 45 01 09 00 00 00 00 05 00 05 5c 00 f0 5b 54 00 00 00 00 00 00 00 00 00 00 00 00 7a 3d 00 00 00 00 00 00 00 00 7f a6 17 b8 c4 71 b0 3d 00 00 00 00 00 00 00 00 1a b2 23 3e 45 66 38 be 4f d1 13 45 bc 01 8d 44 8c 86 23 46 7e 8f a5 bc ba f6 fd 3f ac e0 2d 3c 00 e3 95 40 11 31 00 00 6a 03 00 00 00 00 00 00 00 00 ff 0b 11 00 14 3f c6 dc 61 55 d5 40 d4 01 00 00 d3 01 00 00 00
2026-09-18T14:29:19.6569810Z TX 43 4f 5a 03 52 45 01 0b 00 00 00 00 15 00 cd cc cc cc 60 61 d5 40 d5 01 00 00 d4 01 00 00 00
2026-09-18T14:29:19.6655716Z RX 43 4f 5a 03 52 45 01 09 00 00 00 00 05 00 05 5c 00 f0 79 54 00 00 00 00 00 00 00 00 00 00 00 00 7a 3d 00 00 00 00 00 00 00 00 9a 11 8a 39 0a 9a 9f 3d 00 00 00 00 00 00 00 00 34 e4 ea 3d 45 66 38 be 07 05 f3 44 46 c7 62 44 c2 81 23 46 2a 82 80 bc 02 19 ca 3f 53 12 03 3c 00 81 95 40 11 31 00 00 6a 03 00 00 00 00 00 00 00 00 ff 0b 11 00 cd cc cc cc 60 61 d5 40 d5 01 00 00 d4 01 00 00 00 05 5c 00 f0 97 54 00 00 00 00 00 00 00 00 00 00 00 00 7a 3d 00 00 00 00 00 00 00 00 4e 6a 12 3a de 33 9c 3d 00 00 00 00 00 00 00 00 34 e4 a0 3d 45 66 38 be 47 7d d1 44 02 dd 89 44 c6 f9 24 46 7c 4c 78 bc 00 c2 9d 3f ae 3e 61 3c 00 e3 95 40 11 31 00 00 6a 03 00 00 00 00 00 00 00 00 ff
2026-09-18T14:29:19.6982742Z RX 43 4f 5a 03 52 45 01 09 00 00 00 00 05 00 05 5c 00 f0 b5 54 00 00 00 00 00 00 00 00 00 00 00 00 7a 3d 00 00 00 00 00 00 00 00 fa ed 4f 3a 40 25 9b 3d 00 00 00 00 00 00 00 00 68 c8 52 3d 45 66 38 be f7 c2 ae 44 53 4d 9b 44 58 a8 24 46 0c 0c 87 bc 08 48 87 3f 62 6f 33 3a 00 e3 95 40 11 31 00 00 6a 03 00 00 00 00 00 00 00 00 ff
2026-09-18T14:29:19.7037923Z TX 43 4f 5a 03 52 45 01 0b 00 00 00 00 15 00 86 5a d3 bc 0b 6d d5 40 d6 01 00 00 d5 01 00 00 00
2026-09-18T14:29:19.7313637Z RX 43 4f 5a 03 52 45 01 09 00 00 00 00 05 00 0b 11 00 86 5a d3 bc 0b 6d d5 40 d6 01 00 00 d5 01 00 00 00 05 5c 00 f0 d3 54 00 00 00 00 00 00 00 00 00 00 00 00 7a 3d 00 00 00 00 00 00 00 00 57 63 7c 3a c2 77 90 3d 00 00 00 00 00 00 00 00 d0 90 ec 3c 45 66 38 be 4a 76 8a 44 26 be 93 44 26 46 24 46 74 27 8b bb cf 1b 4d 3f d6 98 29 3c 00 81 95 40 11 31 00 00 6a 03 00 00 00 00 00 00 00 00 ff
2026-09-18T14:29:19.7508863Z TX 43 4f 5a 03 52 45 01 0b 00 00 00 00 15 00 39 d6 c5 6d d0 78 d5 40 d7 01 00 00 d6 01 00 00 00
2026-09-18T14:29:19.7642746Z RX 43 4f 5a 03 52 45 01 09 00 00 00 00 05 00 05 5c 00 f0 f1 54 00 00 00 00 00 00 00 00 00 00 00 00 7a 3d 00 00 00 00 00 00 00 00 30 eb a0 3a 36 49 81 3d 00 00 00 00 00 00 00 00 d0 90 c7 3c 45 66 38 be 1e bc 77 44 cc 6c 64 44 67 ad 25 46 c0 04 ad ba 11 36 c7 3e fb 94 fd 3b 00 81 95 40 11 31 00 00 6a 03 00 00 00 00 00 00 00 00 ff 0b 11 00 39 d6 c5 6d d0 78 d5 40 d7 01 00 00 d6 01 00 00 00
2026-09-18T14:29:19.7969111Z TX 43 4f 5a 03 52 45 01 0b 00 00 00 00 15 00 d2 6f 5f 07 52 84 d5 40 d8 01 00 00 d7 01 00 00 00
2026-09-18T14:29:19.7973036Z RX 43 4f 5a 03 52 45 01 09 00 00 00 00 05 00 05 5c 00 f0 0f 55 00 00 00 00 00 00 00 00 00 00 00 00 7a 3d 00 00 00 00 00 00 00 00 70 8f ba 3a ae 7f 83 3d 00 00 00 00 00 00 00 00 d0 90 a2 3c 45 66 38 be 12 7b 81 44 14 39 85 44 fd 32 24 46 c0 04 ad ba 71 67 5a 3d 8d 34 69 3b 00 81 95 40 11 31 00 00 6a 03 00 00 00 00 00 00 00 00 ff
2026-09-18T14:29:19.8301397Z RX 43 4f 5a 03 52 45 01 09 00 00 00 00 05 00 0b 11 00 d2 6f 5f 07 52 84 d5 40 d8 01 00 00 d7 01 00 00 00 05 5c 00 f0 2d 55 00 00 00 00 00 00 00 00 00 00 00 00 7a 3d 00 00 00 00 00 00 00 00 30 8a bb 3a 00 41 87 3d 00 00 00 00 00 00 00 00 d0 90 a2 3c 45 66 38 be 27 74 82 44 81 92 91 44 1a 9c 23 46 e0 dd 90 39 1c af e5 ba 36 9c 20 bb 00 81 95 40 10 31 00 00 6a 03 00 00 00 00 00 00 00 00 ff
2026-09-18T14:29:19.8433255Z TX 43 4f 5a 03 52 45 01 0b 00 00 00 00 15 00 29 ed 0d be ec 8f d5 40 d9 01 00 00 d8 01 00 00 00
2026-09-18T14:29:19.8632631Z RX 43 4f 5a 03 52 45 01 09 00 00 00 00 05 00 05 5c 00 f0 4b 55 00 00 00 00 00 00 00 00 00 00 00 00 7a 3d 00 00 00 00 00 00 00 00 d5 35 b7 3a 21 83 8a 3d 00 00 00 00 00 00 00 00 d0 90 a2 3c 45 66 38 be 32 e0 83 44 85 e5 85 44 0a 59 23 46 00 0c 2c 37 60 56 28 3a 09 e4 dd 39 00 81 95 40 10 31 00 00 6a 03 00 00 00 00 00 00 00 00 ff 0b 11 00 29 ed 0d be ec 8f d5 40 d9 01 00 00 d8 01 00 00 00
2026-09-18T14:29:19.8901142Z TX 43 4f 5a 03 52 45 01 0b 00 00 00 00 15 00 90 a0 f8 31 9e 9b d5 40 da 01 00 00 d9 01 00 00 00
2026-09-18T14:29:19.8967404Z RX 43 4f 5a 03 52 45 01 09 00 00 00 00 05 00 05 5c 00 f0 69 55 00 00 00 00 00 00 00 00 00 00 00 00 7a 3d 00 00 00 00 00 00 00 00 36 81 b7 3a dd 89 8e 3d 00 00 00 00 00 00 00 00 d0 90 a2 3c 45 66 38 be c4 d0 88 44 ea 46 83 44 61 56 22 46 b0 2d 0e 3a ec b6 15 bb 61 03 23 ba 00 81 95 40 10 31 00 00 6a 03 00 00 00 00 00 00 00 00 ff 0b 11 00 90 a0 f8 31 9e 9b d5 40 da 01 00 00 d9 01 00 00 00
2026-09-18T14:29:19.9294535Z RX 43 4f 5a 03 52 45 01 09 00 00 00 00 05 00 05 5c 00 f0 87 55 00 00 00 00 00 00 00 00 00 00 00 00 7a 3d 00 00 00 00 00 00 00 00 04 42 b6 3a 80 76 91 3d 00 00 00 00 00 00 00 00 d0 90 a2 3c 45 66 38 be 3d 4c 85 44 d0 1b 8c 44 29 a1 24 46 00 0c 2c 37 20 15 6e 3a 07 0c bd b9 00 81 95 40 10 31 00 00 6a 03 00 00 00 00 00 00 00 00 ff
2026-09-18T14:29:19.9365251Z TX 43 4f 5a 03 52 45 01 0b 00 00 00 00 15 00 c1 39 23 4a 37 a7 d5 40 db 01 00 00 da 01 00 00 00
2026-09-18T14:29:19.9626510Z RX 43 4f 5a 03 52 45 01 09 00 00 00 00 05 00 05 5c 00 f0 a5 55 00 00 00 00 00 00 00 00 00 00 00 00 7a 3d 00 00 00 00 00 00 00 00 3d 78 b3 3a d0 6e 94 3d 00 00 00 00 00 00 00 00 d0 90 a2 3c 45 66 38 be 79 9a 82 44 e4 35 8b 44 ce 69 23 46 00 0c 2c 37 50 2f c5 39 9d d2 29 39 00 81 95 40 10 33 00 00 6a 03 00 00 00 00 00 00 00 00 ff 0b 11 00 c1 39 23 4a 37 a7 d5 40 db 01 00 00 da 01 00 00 00 05 5c 00 f0 c3 55 00 00 00 00 00 00 00 00 00 00 00 00 7a 3d 00 00 00 00 00 00 00 00 8f bc b2 3a b1 e5 95 3d 00 00 00 00 00 00 00 00 d0 90 a2 3c 45 66 38 be fe 60 82 44 aa 72 71 44 66 ce 23 46 68 ec 53 3a 40 97 23 b9 b1 45 d0 b8 00 e3 95 40 10 33 00 00 6a 03 00 00 00 00 00 00 00 00 ff
2026-09-18T14:29:19.9840850Z TX 43 4f 5a 03 52 45 01 0b 00 00 00 00 15 00 bb 27 0f 0b 1d b3 d5 40 dc 01 00 00 db 01 00 00 00
2026-09-18T14:29:19.9966205Z RX 43 4f 5a 03 52 45 01 09 00 00 00 00 05 00 0b 11 00 bb 27 0f 0b 1d b3 d5 40 dc 01 00 00 db 01 00 00 00 05 5c 00 f0 e1 55 00 00 00 00 00 00 00 00 00 00 00 00 7a 3d 00 00 00 00 00 00 00 00 e4 00 b2 3a 71 ce 98 3d 00 00 00 00 00 00 00 00 d0 90 a2 3c 45 66 38 be c3 f1 86 44 da a8 8b 44 5d bd 22 46 b0 2d 0e 3a 10 49 dd b9 be 80 67 ba 00 81 95 40 10 33 00 00 6a 03 00 00 00 00 00 00 00 00 ff
2026-09-18T14:29:20.0282583Z RX 43 4f 5a 03 52 45 01 09 00 00 00 00 05 00 05 5c 00 f0 ff 55 00 00 00 00 00 00 00 00 00 00 00 00 7a 3d 00 00 00 00 00 00 00 00 83 a6 b0 3a 04 4a 9a 3d 00 00 00 00 00 00 00 00 d0 90 a2 3c 45 66 38 be b7 a6 83 44 23 21 8e 44 04 65 23 46 00 0c 2c 37 04 44 01 3b b1 45 d0 b8 00 81 95 40 10 33 00 00 6a 03 00 00 00 00 00 00 00 00 ff
2026-09-18T14:29:20.0308000Z TX 43 4f 5a 03 52 45 01 0b 00 00 00 00 15 00 92 5c fe 43 ca be d5 40 dd 01 00 00 dc 01 00 00 00
2026-09-18T14:29:20.0614762Z RX 43 4f 5a 03 52 45 01 09 00 00 00 00 05 00 0b 11 00 92 5c fe 43 ca be d5 40 dd 01 00 00 dc 01 00 00 00 05 5c 00 f0 1d 56 00 00 00 00 00 00 00 00 00 00 00 00 7a 3d 00 00 00 00 00 00 00 00 44 60 ae 3a c7 ae 9b 3d 00 00 00 00 00 00 00 00 d0 90 a2 3c 45 66 38 be 1e c6 84 44 59 5e 93 44 54 0f 25 46 00 0c 2c 37 48 63 34 ba be 80 67 ba 00 e3 95 40 10 33 00 00 6a 03 00 00 00 00 00 00 00 00 ff
2026-09-18T14:29:20.0781364Z TX 43 4f 5a 03 52 45 01 0b 00 00 00 00 15 00 2a a9 13 d0 a4 ca d5 40 de 01 00 00 dd 01 00 00 00
2026-09-18T14:29:20.0943400Z RX 43 4f 5a 03 52 45 01 09 00 00 00 00 05 00 0b 11 00 2a a9 13 d0 a4 ca d5 40 de 01 00 00 dd 01 00 00 00 05 5c 00 f0 3b 56 00 00 00 00 00 00 00 00 00 00 00 00 7a 3d 00 00 00 00 00 00 00 00 2d ee ab 3a 87 19 9d 3d 00 00 00 00 00 00 00 00 d0 90 a2 3c 45 66 38 be 1e c6 84 44 67 67 9a 44 51 d5 22 46 ac 73 f5 3a 60 56 28 3a 07 0c bd b9 00 81 95 40 10 33 00 00 6a 03 00 00 00 00 00 00 00 00 ff
2026-09-18T14:29:20.1243163Z TX 43 4f 5a 03 52 45 01 0b 00 00 00 00 15 00 08 ac 1c 5a 2c d6 d5 40 df 01 00 00 de 01 00 00 00
2026-09-18T14:29:20.1275314Z RX 43 4f 5a 03 52 45 01 09 00 00 00 00 05 00 05 5c 00 f0 59 56 00 00 00 00 00 00 00 00 00 00 00 00 7a 3d 00 00 00 00 00 00 00 00 57 5e ab 3a 81 49 9e 3d 00 00 00 00 00 00 00 00 d0 90 a2 3c 45 66 38 be 2c c5 7e 44 38 be 5b 44 d9 34 22 46 00 0c 2c 37 80 c7 e6 38 09 e4 dd 39 00 e3 95 40 10 33 00 00 6a 03 00 00 00 00 00 00 00 00 ff 0b 11 00 08 ac 1c 5a 2c d6 d5 40 df 01 00 00 de 01 00 00 00
2026-09-18T14:29:20.1606178Z RX 43 4f 5a 03 52 45 01 09 00 00 00 00 05 00 05 0a 00 f3 ec 8e 1a 24 02 00 00 00 4e 05 5c 00 f0 77 56 00 00 00 00 00 00 00 00 00 00 00 00 7a 3d 00 00 00 00 00 00 00 00 73 08 ad 3a 11 11 9f 3d 00 00 00 00 00 00 00 00 d0 90 a2 3c 45 66 38 be 0a ac 85 44 6a a8 6c 44 50 97 23 46 00 8c 4e ba 50 2f c5 39 b1 45 d0 b8 00 e3 95 40 10 33 00 00 6a 03 00 00 00 00 00 00 00 00 ff
2026-09-18T14:29:20.1709986Z TX 43 4f 5a 03 52 45 01 0b 00 00 00 00 15 00 2d 43 1c eb d6 e1 d5 40 e0 01 00 00 df 01 00 00 00
2026-09-18T14:29:20.1934404Z RX 43 4f 5a 03 52 45 01 09 00 00 00 00 05 00 05 5c 00 f0 95 56 00 00 00 00 00 00 00 00 00 00 00 00 7a 3d 00 00 00 00 00 00 00 00 24 fc ac 3a d8 56 a0 3d 00 00 00 00 00 00 00 00 d0 90 a2 3c 45 66 38 be 14 39 85 44 c7 96 a1 44 f8 5b 25 46 b0 2d 0e 3a c0 cf c2 ba 09 e4 dd 39 00 81 95 40 10 33 00 00 6a 03 00 00 00 00 00 00 00 00 ff 0b 11 00 2d 43 1c eb d6 e1 d5 40 e0 01 00 00 df 01 00 00 00
2026-09-18T14:29:20.2167508Z TX 43 4f 5a 03 52 45 01 0b 00 00 00 00 15 00 8f c2 f5 28 48 ed d5 40 e1 01 00 00 e0 01 00 00 00
2026-09-18T14:29:20.2264586Z RX 43 4f 5a 03 52 45 01 09 00 00 00 00 05 00 05 5c 00 f0 b3 56 00 00 00 00 00 00 00 00 00 00 00 00 7a 3d 00 00 00 00 00 00 00 00 26 98 ac 3a c4 46 a1 3d 00 00 00 00 00 00 00 00 d0 90 a2 3c 45 66 38 be b6 c7 81 44 df 03 95 44 20 90 23 46 90 d5 8c 3a 10 49 dd b9 9d d2 29 39 00 81 95 40 10 33 00 00 6a 03 00 00 00 00 00 00 00 00 ff 0b 11 00 8f c2 f5 28 48 ed d5 40 e1 01 00 00 e0 01 00 00 00
2026-09-18T14:29:20.2591062Z RX 43 4f 5a 03 52 45 01 09 00 00 00 00 05 00 05 5c 00 f0 d1 56 00 00 00 00 00 00 00 00 00 00 00 00 7a 3d 00 00 00 00 00 00 00 00 0d 67 ad 3a 2f 95 a1 3d 00 00 00 00 00 00 00 00 d0 90 a2 3c 45 66 38 be 45 1b 81 44 46 c7 62 44 db 51 23 46 68 ec 53 3a 50 c9 bc 3a 9d d2 29 39 00 e3 95 40 10 33 00 00 6a 03 00 00 00 00 00 00 00 00 ff 05 5c 00 f0 ef 56 00 00 00 00 00 00 00 00 00 00 00 00 7a 3d 00 00 00 00 00 00 00 00 88 c0 af 3a d8 8a a2 3d 00 00 00 00 00 00 00 00 d0 90 a2 3c 45 66 38 be ec 04 87 44 b9 64 87 44 40 54 23 46 60 25 8a ba c0 cf c2 ba 09 e4 dd 39 00 81 95 40 10 33 00 00 6a 03 00 00 00 00 00 00 00 00 ff
2026-09-18T14:29:20.2634726Z TX 43 4f 5a 03 52 45 01 0b 00 00 00 00 15 00 00 00 00 00 04 f9 d5 40 e2 01 00 00 e1 01 00 00 00
2026-09-18T14:29:20.2931055Z RX 43 4f 5a 03 52 45 01 09 00 00 00 00 05 00 0b 11 00 00 00 00 00 04 f9 d5 40 e2 01 00 00 e1 01 00 00 00 05 5c 00 f0 0d 57 00 00 00 00 00 00 00 00 00 00 00 00 7a 3d 00 00 00 00 00 00 00 00 2c ad ae 3a 96 fd a2 3d 00 00 00 00 00 00 00 00 d0 90 a2 3c 45 66 38 be c1 33 83 44 b6 f0 94 44 f2 c6 22 46 20 1d 86 b9 80 c7 e6 38 e0 7c 0f bb 00 81 95 40 10 33 00 00 6a 03 00 00 00 00 00 00 00 00 ff
2026-09-18T14:29:20.3101608Z TX 43 4f 5a 03 52 45 01 0b 00 00 00 00 15 00 fc 18 73 d7 a6 04 d6 40 e3 01 00 00 e2 01 00 00 00
2026-09-18T14:29:20.3255557Z RX 43 4f 5a 03 52 45 01 09 00 00 00 00 05 00 0b 11 00 fc 18 73 d7 a6 04 d6 40 e3 01 00 00 e2 01 00 00 00 05 5c 00 f0 2b 57 00 00 00 00 00 00 00 00 00 00 00 00 7a 3d 00 00 00 00 00 00 00 00 c3 51 a9 3a 6a b5 a3 3d 00 00 00 00 00 00 00 00 d0 90 a2 3c 45 66 38 be 1e c6 84 44 88 78 7e 44 cf a7 22 46 b0 2d 0e 3a ec b6 15 bb 09 e4 dd 39 00 81 95 40 10 33 00 00 6a 03 00 00 00 00 00 00 00 00 ff
2026-09-18T14:29:20.3565569Z TX 43 4f 5a 03 52 45 01 0b 00 00 00 00 15 00 91 0f 7a 36 3b 10 d6 40 e4 01 00 00 e3 01 00 00 00
2026-09-18T14:29:20.3584571Z RX 43 4f 5a 03 52 45 01 09 00 00 00 00 05 00 05 0a 00 f3 8b 63 6c 11 01 00 00 00 2c 05 5c 00 f0 49 57 00 00 00 00 00 00 00 00 00 00 00 00 7a 3d 00 00 00 00 00 00 00 00 c1 a6 a8 3a ac 10 a4 3d 00 00 00 00 00 00 00 00 d0 90 a2 3c 45 66 38 be 47 d9 84 44 df da 81 44 60 18 23 46 90 d5 8c 3a 60 56 28 3a be 80 67 ba 00 81 95 40 10 33 00 00 6a 03 00 00 00 00 00 00 00 00 ff 0b 11 00 91 0f 7a 36 3b 10 d6 40 e4 01 00 00 e3 01 00 00 00
2026-09-18T14:29:20.3915797Z RX 43 4f 5a 03 52 45 01 09 00 00 00 00 05 00 05 5c 00 f0 67 57 00 00 00 00 00 00 00 00 00 00 00 00 7a 3d 00 00 00 00 00 00 00 00 a9 34 a6 3a 6f 02 a5 3d 00 00 00 00 00 00 00 00 d0 90 a2 3c 45 66 38 be 66 5f 85 44 37 3b 8d 44 f1 88 23 46 20 1d 86 b9 50 2f c5 39 b1 45 d0 b8 00 81 95 40 10 33 00 00 6a 03 00 00 00 00 00 00 00 00 ff
2026-09-18T14:29:20.4035545Z TX 43 4f 5a 03 52 45 01 0b 00 00 00 00 15 00 3c 4e d1 91 f8 1b d6 40 e5 01 00 00 e4 01 00 00 00
2026-09-18T14:29:20.4245754Z RX 43 4f 5a 03 52 45 01 09 00 00 00 00 05 00 0b 11 00 3c 4e d1 91 f8 1b d6 40 e5 01 00 00 e4 01 00 00 00 05 5c 00 f0 85 57 00 00 00 00 00 00 00 00 00 00 00 00 7a 3d 00 00 00 00 00 00 00 00 09 80 a6 3a f5 bf a4 3d 00 00 00 00 00 00 00 00 d0 90 a2 3c 45 66 38 be d6 2c 84 44 da a8 8b 44 73 f4 22 46 68 ec 53 3a f0 e9 99 3a 9d d2 29 39 00 81 95 40 10 33 00 00 6a 03 00 00 00 00 00 00 00 00 ff
2026-09-18T14:29:20.4498740Z TX 43 4f 5a 03 52 45 01 0b 00 00 00 00 15 00 69 00 6f 81 90 27 d6 40 e6 01 00 00 e5 01 00 00 00
2026-09-18T14:29:20.4576557Z RX 43 4f 5a 03 52 45 01 09 00 00 00 00 05 00 05 5c 00 f0 a3 57 00 00 00 00 00 00 00 00 00 00 00 00 7a 3d 00 00 00 00 00 00 00 00 91 9f a6 3a f1 ce a4 3d 00 00 00 00 00 00 00 00 d0 90 a2 3c 45 66 38 be eb 25 85 44 78 bb 80 44 93 b8 22 46 20 1d 86 b9 1c af e5 ba 61 03 23 ba 00 81 95 40 10 33 00 00 6a 03 00 00 00 00 00 00 00 00 ff 0b 11 00 69 00 6f 81 90 27 d6 40 e6 01 00 00 e5 01 00 00 00
2026-09-18T14:29:20.4912201Z RX 43 4f 5a 03 52 45 01 09 00 00 00 00 05 00 05 5c 00 f0 c1 57 00 00 00 00 00 00 00 00 00 00 00 00 7a 3d 00 00 00 00 00 00 00 00 51 59 a4 3a 69 80 a5 3d 00 00 00 00 00 00 00 00 d0 90 a2 3c 45 66 38 be ec 04 87 44 1f a5 86 44 57 c9 22 46 00 0c 2c 37 40 97 23 b9 09 e4 dd 39 00 81 95 40 10 33 00 00 6a 03 00 00 00 00 00 00 00 00 ff
2026-09-18T14:29:20.4965087Z TX 43 4f 5a 03 52 45 01 0b 00 00 00 00 15 00 50 fc 18 73 37 33 d6 40 e7 01 00 00 e6 01 00 00 00
2026-09-18T14:29:20.5235383Z RX 43 4f 5a 03 52 45 01 09 00 00 00 00 05 00 05 5c 00 f0 df 57 00 00 00 00 00 00 00 00 00 00 00 00 7a 3d 00 00 00 00 00 00 00 00 10 d7 a5 3a 4d bb a5 3d 00 00 00 00 00 00 00 00 d0 90 a2 3c 45 66 38 be df da 81 44 55 e2 8b 44 e8 39 23 46 40 92 90 39 90 6c df 3a 75 a1 28 39 00 81 95 40 10 33 00 00 6a 03 00 00 00 00 00 00 00 00 ff 0b 11 00 50 fc 18 73 37 33 d6 40 e7 01 00 00 e6 01 00 00 00
2026-09-18T14:29:20.5433202Z TX 43 4f 5a 03 52 45 01 0b 00 00 00 00 15 00 c9 76 be 9f f2 3e d6 40 e8 01 00 00 e7 01 00 00 00
2026-09-18T14:29:20.5563102Z RX 43 4f 5a 03 52 45 01 09 00 00 00 00 05 00 05 5c 00 f0 fd 57 00 00 00 00 00 00 00 00 00 00 00 00 7a 3d 00 00 00 00 00 00 00 00 3e fc a6 3a 10 d0 a5 3d 00 00 00 00 00 00 00 00 d0 90 a2 3c 45 66 38 be d6 2c 84 44 68 1d 89 44 24 29 23 46 40 7a 8c 3a a0 50 28 b9 bd b7 27 39 00 81 95 40 10 33 00 00 6a 03 00 00 00 00 00 00 00 00 ff 0b 11 00 c9 76 be 9f f2 3e d6 40 e8 01 00 00 e7 01 00 00 00
2026-09-18T14:29:20.5892718Z RX 43 4f 5a 03 52 45 01 09 00 00 00 00 05 00 05 5c 00 f0 1b 58 00 00 00 00 00 00 00 00 00 00 00 00 7a 3d 00 00 00 00 00 00 00 00 5d 96 a6 3a 98 12 a6 3d 00 00 00 00 00 00 00 00 d0 90 a2 3c 45 66 38 be a3 8c 84 44 34 9e 87 44 df ea 22 46 00 70 cf 36 80 65 a0 ba 49 fd 32 3a 00 81 95 40 10 33 00 00 6a 03 00 00 00 00 00 00 00 00 ff 05 5c 00 f0 39 58 00 00 00 00 00 00 00 00 00 00 00 00 7a 3d 00 00 00 00 00 00 00 00 ee f3 a9 3a 02 67 a6 3d 00 00 00 00 00 00 00 00 d0 90 a2 3c 45 66 38 be cd 7e 86 44 cc 9f 84 44 ee 2d 23 46 20 60 4f ba 68 fb 79 ba c8 48 bf b9 00 e3 95 40 10 33 00 00 6a 03 00 00 00 00 00 00 00 00 ff
2026-09-18T14:29:20.5895447Z TX 43 4f 5a 03 52 45 01 0b 00 00 00 00 15 00 5c 20 41 f1 87 4a d6 40 e9 01 00 00 e8 01 00 00 00
2026-09-18T14:29:20.6222488Z RX 43 4f 5a 03 52 45 01 09 00 00 00 00 05 00 0b 11 00 5c 20 41 f1 87 4a d6 40 e9 01 00 00 e8 01 00 00 00 05 5c 00 f0 57 58 00 00 00 00 00 00 00 00 00 00 00 00 7a 3d 00 00 00 00 00 00 00 00 5d 59 a8 3a fe c1 a6 3d 00 00 00 00 00 00 00 00 d0 90 a2 3c 45 66 38 be 15 18 87 44 0b 8b 87 44 83 37 23 46 00 b4 0a 37 38 5f 79 ba 2c a4 be b9 00 e3 95 40 10 33 00 00 6a 03 00 00 00 00 00 00 00 00 ff
2026-09-18T14:29:20.6365634Z TX 43 4f 5a 03 52 45 01 0b 00 00 00 00 15 00 81 95 43 8b 3c 56 d6 40 ea 01 00 00 e9 01 00 00 00
2026-09-18T14:29:20.6677450Z RX 43 4f 5a 03 52 45 01 09 00 00 00 00 05 00 0b 11 00 81 95 43 8b 3c 56 d6 40 ea 01 00 00 e9 01 00 00 00 05 5c 00 f0 75 58 00 00 00 00 00 00 00 00 00 00 00 00 7a 3d 00 00 00 00 00 00 00 00 a2 5a a4 3a f4 29 a7 3d 00 00 00 00 00 00 00 00 d0 90 a2 3c 45 66 38 be d7 0b 86 44 b9 64 87 44 89 2b 23 46 e0 2a 87 b9 20 85 78 ba 31 80 67 ba 00 81 95 40 10 33 00 00 6a 03 00 00 00 00 00 00 00 00 ff
2026-09-18T14:29:20.6836876Z TX 43 4f 5a 03 52 45 01 0b 00 00 00 00 15 00 60 76 4f 1e 0e 62 d6 40 eb 01 00 00 ea 01 00 00 00
2026-09-18T14:29:20.6883831Z RX 43 4f 5a 03 52 45 01 09 00 00 00 00 05 00 05 5c 00 f0 93 58 00 00 00 00 00 00 00 00 00 00 00 00 7a 3d 00 00 00 00 00 00 00 00 f6 f2 a0 3a 6a 23 a7 3d 00 00 00 00 00 00 00 00 d0 90 a2 3c 45 66 38 be 32 e0 83 44 cd 7e 86 44 f2 c6 22 46 00 30 0c 37 90 95 6f 3a 98 a7 95 ba 00 81 95 40 10 33 00 00 6a 03 00 00 00 00 00 00 00 00 ff 0b 11 00 60 76 4f 1e 0e 62 d6 40 eb 01 00 00 ea 01 00 00 00
2026-09-18T14:29:20.7215064Z RX 43 4f 5a 03 52 45 01 09 00 00 00 00 05 00 05 5c 00 f0 b1 58 00 00 00 00 00 00 00 00 00 00 00 00 7a 3d 00 00 00 00 00 00 00 00 6a 8b 9f 3a 44 0b a7 3d 00 00 00 00 00 00 00 00 d0 90 a2 3c 45 66 38 be c2 12 85 44 b9 64 87 44 e5 de 22 46 20 91 86 b9 b0 1d 33 ba fb d1 df 39 00 81 95 40 10 33 00 00 6a 03 00 00 00 00 00 00 00 00 ff
2026-09-18T14:29:20.7297530Z TX 43 4f 5a 03 52 45 01 0b 00 00 00 00 15 00 c3 d3 2b 65 91 6d d6 40 ec 01 00 00 eb 01 00 00 00
2026-09-18T14:29:20.7543972Z RX 43 4f 5a 03 52 45 01 09 00 00 00 00 05 00 0b 11 00 c3 d3 2b 65 91 6d d6 40 ec 01 00 00 eb 01 00 00 00 05 5c 00 f0 cf 58 00 00 00 00 00 00 00 00 00 00 00 00 7a 3d 00 00 00 00 00 00 00 00 3d b5 a0 3a bc 3b a7 3d 00 00 00 00 00 00 00 00 d0 90 a2 3c 45 66 38 be 3e 2b 87 44 86 c4 87 44 cc 0e 23 46 c8 8c 53 3a 08 df 77 ba 9d c0 2c 39 00 81 95 40 10 33 00 00 6a 03 00 00 00 00 00 00 00 00 ff
2026-09-18T14:29:20.7763411Z TX 43 4f 5a 03 52 45 01 0b 00 00 00 00 15 00 19 e2 58 17 33 79 d6 40 ed 01 00 00 ec 01 00 00 00
2026-09-18T14:29:20.7873912Z RX 43 4f 5a 03 52 45 01 09 00 00 00 00 05 00 05 5c 00 f0 ed 58 00 00 00 00 00 00 00 00 00 00 00 00 7a 3d 00 00 00 00 00 00 00 00 e8 5a a1 3a 03 a6 a7 3d 00 00 00 00 00 00 00 00 d0 90 a2 3c 45 66 38 be 66 5f 85 44 3d 4c 85 44 3b 9e 22 46 00 4b 87 b9 c0 db d6 b9 ff 18 df 39 00 81 95 40 10 33 00 00 6a 03 00 00 00 00 00 00 00 00 ff 0b 11 00 19 e2 58 17 33 79 d6 40 ed 01 00 00 ec 01 00 00 00
2026-09-18T14:29:20.8204624Z RX 43 4f 5a 03 52 45 01 09 00 00 00 00 05 00 05 5c 00 f0 0b 59 00 00 00 00 00 00 00 00 00 00 00 00 7a 3d 00 00 00 00 00 00 00 00 0c 6c a5 3a b4 8f a7 3d 00 00 00 00 00 00 00 00 d0 90 a2 3c 45 66 38 be 13 5a 83 44 68 1d 89 44 86 d0 22 46 d0 44 0d 3a 64 12 9b 3a e0 78 dd 39 00 81 95 40 10 33 00 00 6a 03 00 00 00 00 00 00 00 00 ff
2026-09-18T14:29:20.8232445Z TX 43 4f 5a 03 52 45 01 0b 00 00 00 00 15 00 96 21 8e 75 f5 84 d6 40 ee 01 00 00 ed 01 00 00 00
2026-09-18T14:29:20.8535039Z RX 43 4f 5a 03 52 45 01 09 00 00 00 00 05 00 0b 11 00 96 21 8e 75 f5 84 d6 40 ee 01 00 00 ed 01 00 00 00 05 5c 00 f0 29 59 00 00 00 00 00 00 00 00 00 00 00 00 7a 3d 00 00 00 00 00 00 00 00 b8 af a4 3a ec 98 a7 3d 00 00 00 00 00 00 00 00 d0 90 a2 3c 45 66 38 be e1 98 85 44 60 4e 8d 44 1e 35 23 46 20 c2 8e 39 90 fd 31 ba 7c 5f 33 3a 00 81 95 40 10 33 00 00 6a 03 00 00 00 00 00 00 00 00 ff
2026-09-18T14:29:20.8696007Z TX 43 4f 5a 03 52 45 01 0b 00 00 00 00 15 00 0a 68 22 6c 88 90 d6 40 ef 01 00 00 ee 01 00 00 00
2026-09-18T14:29:20.8865573Z RX 43 4f 5a 03 52 45 01 09 00 00 00 00 05 00 05 5c 00 f0 47 59 00 00 00 00 00 00 00 00 00 00 00 00 7a 3d 00 00 00 00 00 00 00 00 bb a2 a4 3a 33 9c a7 3d 00 00 00 00 00 00 00 00 d0 90 a2 3c 45 66 38 be 1e c6 84 44 9a de 86 44 ac 4a 23 46 70 b3 0c 3a e0 01 18 b9 aa 26 bd b9 00 81 95 40 10 33 00 00 6a 03 00 00 00 00 00 00 00 00 ff 0b 11 00 0a 68 22 6c 88 90 d6 40 ef 01 00 00 ee 01 00 00 00 05 5c 00 f0 65 59 00 00 00 00 00 00 00 00 00 00 00 00 7a 3d 00 00 00 00 00 00 00 00 21 e0 a2 3a e7 c4 a7 3d 00 00 00 00 00 00 00 00 d0 90 a2 3c 45 66 38 be c3 f1 86 44 66 5f 85 44 05 a3 22 46 28 c3 8b 3a ce 2c 49 bb 8a d8 95 ba 00 e3 95 40 10 33 00 00 6a 03 00 00 00 00 00 00 00 00 ff
2026-09-18T14:29:20.9168128Z TX 43 4f 5a 03 52 45 01 0b 00 00 00 00 15 00 c6 6d 34 80 4f 9c d6 40 f0 01 00 00 ef 01 00 00 00
2026-09-18T14:29:20.9195262Z RX 43 4f 5a 03 52 45 01 09 00 00 00 00 05 00 05 0a 00 f3 bc bc 58 de 02 00 00 00 44 05 5c 00 f0 83 59 00 00 00 00 00 00 00 00 00 00 00 00 7a 3d 00 00 00 00 00 00 00 00 ba 18 a0 3a 13 08 a8 3d 00 00 00 00 00 00 00 00 d0 90 a2 3c 45 66 38 be a3 8c 84 44 2a 11 88 44 90 1f 23 46 00 00 4c b4 44 e4 13 3b db 6a c9 b8 00 e3 95 40 10 33 00 00 6a 03 00 00 00 00 00 00 00 00 ff
2026-09-18T14:29:20.9524265Z RX 43 4f 5a 03 52 45 01 09 00 00 00 00 05 00 0b 11 00 c6 6d 34 80 4f 9c d6 40 f0 01 00 00 ef 01 00 00 00 05 5c 00 f0 a1 59 00 00 00 00 00 00 00 00 00 00 00 00 7a 3d 00 00 00 00 00 00 00 00 b8 3b a0 3a 5f 8b a7 3d 00 00 00 00 00 00 00 00 d0 90 a2 3c 45 66 38 be 09 cd 83 44 c2 12 85 44 a3 fb 22 46 c0 f8 8a 39 90 b8 70 3a 4c 9f 9e 3a 00 e3 95 40 10 33 00 00 6a 03 00 00 00 00 00 00 00 00 ff
2026-09-18T14:29:20.9634618Z TX 43 4f 5a 03 52 45 01 0b 00 00 00 00 15 00 17 b7 d1 00 02 a8 d6 40 f1 01 00 00 f0 01 00 00 00
2026-09-18T14:29:20.9858830Z RX 43 4f 5a 03 52 45 01 09 00 00 00 00 05 00 0b 11 00 17 b7 d1 00 02 a8 d6 40 f1 01 00 00 f0 01 00 00 00 05 5c 00 f0 bf 59 00 00 00 00 00 00 00 00 00 00 00 00 7a 3d 00 00 00 00 00 00 00 00 bc ee a2 3a 0e 90 a7 3d 00 00 00 00 00 00 00 00 d0 90 a2 3c 45 66 38 be 33 bf 85 44 c5 af 8a 44 14 e6 22 46 00 b2 8a 39 9e 89 03 bb 6b 36 67 ba 00 e3 95 40 10 33 00 00 6a 03 00 00 00 00 00 00 00 00 ff
2026-09-18T14:29:21.0088361Z TX 43 4f 5a 03 52 45 01 0b 00 00 00 00 15 00 a6 0a 46 25 55 b3 d6 40 f2 01 00 00 f1 01 00 00 00
2026-09-18T14:29:21.0183410Z RX 43 4f 5a 03 52 45 01 09 00 00 00 00 05 00 05 5c 00 f0 dd 59 00 00 00 00 00 00 00 00 00 00 00 00 7a 3d 00 00 00 00 00 00 00 00 e1 ef 9f 3a 0c 11 a8 3d 00 00 00 00 00 00 00 00 d0 90 a2 3c 45 66 38 be 7c 37 88 44 7e f5 8b 44 73 f4 22 46 20 06 0b 3a e0 cf 13 b9 ad 1f 22 ba 00 81 95 40 10 33 00 00 6a 03 00 00 00 00 00 00 00 00 ff 0b 11 00 a6 0a 46 25 55 b3 d6 40 f2 01 00 00 f1 01 00 00 00
2026-09-18T14:29:21.0465456Z TX 43 4f 5a 03 52 45 01 03 06 00 06 00 15 00
2026-09-18T14:29:21.0868968Z TX 43 4f 5a 03 52 45 01 03 06 00 06 00 15 00
